<?xml version="1.0" encoding="UTF-8"?>
<gpx creator="StravaGPX" version="1.1" xmlns="http://www.topografix.com/GPX/1/1" xmlns:xsi="http://www.w3.org/2001/XMLSchema-instance" xsi:schemaLocation="http://www.topografix.com/GPX/1/1 http://www.topografix.com/GPX/1/1/gpx.xsd http://www.garmin.com/xmlschemas/GpxExtensions/v3 http://www.garmin.com/xmlschemas/GpxExtensionsv3.xsd http://www.garmin.com/xmlschemas/TrackPointExtension/v1 http://www.garmin.com/xmlschemas/TrackPointExtensionv1.xsd" xmlns:gpxtpx="http://www.garmin.com/xmlschemas/TrackPointExtension/v1" xmlns:gpxx="http://www.garmin.com/xmlschemas/GpxExtensions/v3">
 <metadata>
  <time>2026-05-29T04:51:45Z</time>
 </metadata>
 <trk>
  <name>#DD #dustydumbbells #пыльныегантели</name>
  <type>running</type>
  <trkseg>
   <trkpt lat="55.7197140" lon="37.5505770">
    <ele>125.0</ele>
    <time>2026-05-29T04:51:45Z</time>
    <extensions>
     <power>366</power>
     <gpxtpx:TrackPointExtension>
      <gpxtpx:hr>156</gpxtpx:hr>
      <gpxtpx:cad>88</gpxtpx:cad>
     </gpxtpx:TrackPointExtension>
    </extensions>
   </trkpt>
   <trkpt lat="55.7196800" lon="37.5505960">
    <ele>125.2</ele>
    <time>2026-05-29T04:51:46Z</time>
    <extensions>
     <power>373</power>
     <gpxtpx:TrackPointExtension>
      <gpxtpx:hr>155</gpxtpx:hr>
      <gpxtpx:cad>88</gpxtpx:cad>
     </gpxtpx:TrackPointExtension>
    </extensions>
   </trkpt>
   <trkpt lat="55.7196430" lon="37.5506280">
    <ele>125.2</ele>
    <time>2026-05-29T04:51:47Z</time>
    <extensions>
     <power>423</power>
     <gpxtpx:TrackPointExtension>
      <gpxtpx:hr>156</gpxtpx:hr>
      <gpxtpx:cad>88</gpxtpx:cad>
     </gpxtpx:TrackPointExtension>
    </extensions>
   </trkpt>
   <trkpt lat="55.7196110" lon="37.5506650">
    <ele>125.2</ele>
    <time>2026-05-29T04:51:48Z</time>
    <extensions>
     <power>513</power>
     <gpxtpx:TrackPointExtension>
      <gpxtpx:hr>156</gpxtpx:hr>
      <gpxtpx:cad>88</gpxtpx:cad>
     </gpxtpx:TrackPointExtension>
    </extensions>
   </trkpt>
   <trkpt lat="55.7195750" lon="37.5507140">
    <ele>125.2</ele>
    <time>2026-05-29T04:51:49Z</time>
    <extensions>
     <power>561</power>
     <gpxtpx:TrackPointExtension>
      <gpxtpx:hr>157</gpxtpx:hr>
      <gpxtpx:cad>88</gpxtpx:cad>
     </gpxtpx:TrackPointExtension>
    </extensions>
   </trkpt>
   <trkpt lat="55.7195490" lon="37.5507600">
    <ele>125.2</ele>
    <time>2026-05-29T04:51:50Z</time>
    <extensions>
     <power>542</power>
     <gpxtpx:TrackPointExtension>
      <gpxtpx:hr>158</gpxtpx:hr>
      <gpxtpx:cad>88</gpxtpx:cad>
     </gpxtpx:TrackPointExtension>
    </extensions>
   </trkpt>
   <trkpt lat="55.7195150" lon="37.5508130">
    <ele>125.2</ele>
    <time>2026-05-29T04:51:51Z</time>
    <extensions>
     <power>602</power>
     <gpxtpx:TrackPointExtension>
      <gpxtpx:hr>157</gpxtpx:hr>
      <gpxtpx:cad>90</gpxtpx:cad>
     </gpxtpx:TrackPointExtension>
    </extensions>
   </trkpt>
   <trkpt lat="55.7194860" lon="37.5508620">
    <ele>125.4</ele>
    <time>2026-05-29T04:51:52Z</time>
    <extensions>
     <power>562</power>
     <gpxtpx:TrackPointExtension>
      <gpxtpx:hr>158</gpxtpx:hr>
      <gpxtpx:cad>90</gpxtpx:cad>
     </gpxtpx:TrackPointExtension>
    </extensions>
   </trkpt>
   <trkpt lat="55.7194590" lon="37.5509180">
    <ele>125.4</ele>
    <time>2026-05-29T04:51:53Z</time>
    <extensions>
     <power>572</power>
     <gpxtpx:TrackPointExtension>
      <gpxtpx:hr>158</gpxtpx:hr>
      <gpxtpx:cad>89</gpxtpx:cad>
     </gpxtpx:TrackPointExtension>
    </extensions>
   </trkpt>
   <trkpt lat="55.7194330" lon="37.5509630">
    <ele>125.4</ele>
    <time>2026-05-29T04:51:54Z</time>
    <extensions>
     <power>569</power>
     <gpxtpx:TrackPointExtension>
      <gpxtpx:hr>157</gpxtpx:hr>
      <gpxtpx:cad>89</gpxtpx:cad>
     </gpxtpx:TrackPointExtension>
    </extensions>
   </trkpt>
   <trkpt lat="55.7194050" lon="37.5510150">
    <ele>125.4</ele>
    <time>2026-05-29T04:51:55Z</time>
    <extensions>
     <power>529</power>
     <gpxtpx:TrackPointExtension>
      <gpxtpx:hr>158</gpxtpx:hr>
      <gpxtpx:cad>87</gpxtpx:cad>
     </gpxtpx:TrackPointExtension>
    </extensions>
   </trkpt>
   <trkpt lat="55.7193330" lon="37.5511740">
    <ele>124.2</ele>
    <time>2026-05-29T04:51:56Z</time>
    <extensions>
     <power>496</power>
     <gpxtpx:TrackPointExtension>
      <gpxtpx:hr>158</gpxtpx:hr>
      <gpxtpx:cad>88</gpxtpx:cad>
     </gpxtpx:TrackPointExtension>
    </extensions>
   </trkpt>
   <trkpt lat="55.7193170" lon="37.5512010">
    <ele>124.2</ele>
    <time>2026-05-29T04:51:57Z</time>
    <extensions>
     <power>488</power>
     <gpxtpx:TrackPointExtension>
      <gpxtpx:hr>158</gpxtpx:hr>
      <gpxtpx:cad>88</gpxtpx:cad>
     </gpxtpx:TrackPointExtension>
    </extensions>
   </trkpt>
   <trkpt lat="55.7192920" lon="37.5512450">
    <ele>124.2</ele>
    <time>2026-05-29T04:51:58Z</time>
    <extensions>
     <power>483</power>
     <gpxtpx:TrackPointExtension>
      <gpxtpx:hr>159</gpxtpx:hr>
      <gpxtpx:cad>88</gpxtpx:cad>
     </gpxtpx:TrackPointExtension>
    </extensions>
   </trkpt>
   <trkpt lat="55.7192690" lon="37.5512870">
    <ele>124.2</ele>
    <time>2026-05-29T04:51:59Z</time>
    <extensions>
     <power>485</power>
     <gpxtpx:TrackPointExtension>
      <gpxtpx:hr>159</gpxtpx:hr>
      <gpxtpx:cad>88</gpxtpx:cad>
     </gpxtpx:TrackPointExtension>
    </extensions>
   </trkpt>
   <trkpt lat="55.7192410" lon="37.5513380">
    <ele>124.2</ele>
    <time>2026-05-29T04:52:00Z</time>
    <extensions>
     <power>478</power>
     <gpxtpx:TrackPointExtension>
      <gpxtpx:hr>159</gpxtpx:hr>
      <gpxtpx:cad>88</gpxtpx:cad>
     </gpxtpx:TrackPointExtension>
    </extensions>
   </trkpt>
   <trkpt lat="55.7192200" lon="37.5513750">
    <ele>124.2</ele>
    <time>2026-05-29T04:52:01Z</time>
    <extensions>
     <power>476</power>
     <gpxtpx:TrackPointExtension>
      <gpxtpx:hr>158</gpxtpx:hr>
      <gpxtpx:cad>88</gpxtpx:cad>
     </gpxtpx:TrackPointExtension>
    </extensions>
   </trkpt>
   <trkpt lat="55.7191920" lon="37.5514260">
    <ele>124.2</ele>
    <time>2026-05-29T04:52:02Z</time>
    <extensions>
     <power>473</power>
     <gpxtpx:TrackPointExtension>
      <gpxtpx:hr>160</gpxtpx:hr>
      <gpxtpx:cad>87</gpxtpx:cad>
     </gpxtpx:TrackPointExtension>
    </extensions>
   </trkpt>
   <trkpt lat="55.7191800" lon="37.5514460">
    <ele>124.2</ele>
    <time>2026-05-29T04:52:03Z</time>
    <extensions>
     <power>466</power>
     <gpxtpx:TrackPointExtension>
      <gpxtpx:hr>159</gpxtpx:hr>
      <gpxtpx:cad>87</gpxtpx:cad>
     </gpxtpx:TrackPointExtension>
    </extensions>
   </trkpt>
   <trkpt lat="55.7191440" lon="37.5515110">
    <ele>124.2</ele>
    <time>2026-05-29T04:52:04Z</time>
    <extensions>
     <power>455</power>
     <gpxtpx:TrackPointExtension>
      <gpxtpx:hr>159</gpxtpx:hr>
      <gpxtpx:cad>87</gpxtpx:cad>
     </gpxtpx:TrackPointExtension>
    </extensions>
   </trkpt>
   <trkpt lat="55.7191300" lon="37.5515360">
    <ele>124.2</ele>
    <time>2026-05-29T04:52:05Z</time>
    <extensions>
     <power>451</power>
     <gpxtpx:TrackPointExtension>
      <gpxtpx:hr>157</gpxtpx:hr>
      <gpxtpx:cad>87</gpxtpx:cad>
     </gpxtpx:TrackPointExtension>
    </extensions>
   </trkpt>
   <trkpt lat="55.7190950" lon="37.5515990">
    <ele>124.2</ele>
    <time>2026-05-29T04:52:06Z</time>
    <extensions>
     <power>453</power>
     <gpxtpx:TrackPointExtension>
      <gpxtpx:hr>158</gpxtpx:hr>
      <gpxtpx:cad>87</gpxtpx:cad>
     </gpxtpx:TrackPointExtension>
    </extensions>
   </trkpt>
   <trkpt lat="55.7190730" lon="37.5516370">
    <ele>124.2</ele>
    <time>2026-05-29T04:52:07Z</time>
    <extensions>
     <power>453</power>
     <gpxtpx:TrackPointExtension>
      <gpxtpx:hr>157</gpxtpx:hr>
      <gpxtpx:cad>87</gpxtpx:cad>
     </gpxtpx:TrackPointExtension>
    </extensions>
   </trkpt>
   <trkpt lat="55.7190470" lon="37.5516850">
    <ele>124.2</ele>
    <time>2026-05-29T04:52:08Z</time>
    <extensions>
     <power>454</power>
     <gpxtpx:TrackPointExtension>
      <gpxtpx:hr>156</gpxtpx:hr>
      <gpxtpx:cad>87</gpxtpx:cad>
     </gpxtpx:TrackPointExtension>
    </extensions>
   </trkpt>
   <trkpt lat="55.7190220" lon="37.5517310">
    <ele>124.2</ele>
    <time>2026-05-29T04:52:09Z</time>
    <extensions>
     <power>459</power>
     <gpxtpx:TrackPointExtension>
      <gpxtpx:hr>155</gpxtpx:hr>
      <gpxtpx:cad>87</gpxtpx:cad>
     </gpxtpx:TrackPointExtension>
    </extensions>
   </trkpt>
   <trkpt lat="55.7190070" lon="37.5517620">
    <ele>124.2</ele>
    <time>2026-05-29T04:52:10Z</time>
    <extensions>
     <power>456</power>
     <gpxtpx:TrackPointExtension>
      <gpxtpx:hr>155</gpxtpx:hr>
      <gpxtpx:cad>87</gpxtpx:cad>
     </gpxtpx:TrackPointExtension>
    </extensions>
   </trkpt>
   <trkpt lat="55.7189840" lon="37.5518200">
    <ele>124.2</ele>
    <time>2026-05-29T04:52:11Z</time>
    <extensions>
     <power>449</power>
     <gpxtpx:TrackPointExtension>
      <gpxtpx:hr>155</gpxtpx:hr>
      <gpxtpx:cad>87</gpxtpx:cad>
     </gpxtpx:TrackPointExtension>
    </extensions>
   </trkpt>
   <trkpt lat="55.7189710" lon="37.5518540">
    <ele>124.2</ele>
    <time>2026-05-29T04:52:12Z</time>
    <extensions>
     <power>442</power>
     <gpxtpx:TrackPointExtension>
      <gpxtpx:hr>156</gpxtpx:hr>
      <gpxtpx:cad>87</gpxtpx:cad>
     </gpxtpx:TrackPointExtension>
    </extensions>
   </trkpt>
   <trkpt lat="55.7189530" lon="37.5519290">
    <ele>124.2</ele>
    <time>2026-05-29T04:52:13Z</time>
    <extensions>
     <power>437</power>
     <gpxtpx:TrackPointExtension>
      <gpxtpx:hr>156</gpxtpx:hr>
      <gpxtpx:cad>87</gpxtpx:cad>
     </gpxtpx:TrackPointExtension>
    </extensions>
   </trkpt>
   <trkpt lat="55.7189480" lon="37.5519620">
    <ele>124.2</ele>
    <time>2026-05-29T04:52:14Z</time>
    <extensions>
     <power>437</power>
     <gpxtpx:TrackPointExtension>
      <gpxtpx:hr>156</gpxtpx:hr>
      <gpxtpx:cad>87</gpxtpx:cad>
     </gpxtpx:TrackPointExtension>
    </extensions>
   </trkpt>
   <trkpt lat="55.7189370" lon="37.5520470">
    <ele>124.2</ele>
    <time>2026-05-29T04:52:15Z</time>
    <extensions>
     <power>434</power>
     <gpxtpx:TrackPointExtension>
      <gpxtpx:hr>157</gpxtpx:hr>
      <gpxtpx:cad>88</gpxtpx:cad>
     </gpxtpx:TrackPointExtension>
    </extensions>
   </trkpt>
   <trkpt lat="55.7189340" lon="37.5520940">
    <ele>124.2</ele>
    <time>2026-05-29T04:52:16Z</time>
    <extensions>
     <power>458</power>
     <gpxtpx:TrackPointExtension>
      <gpxtpx:hr>157</gpxtpx:hr>
      <gpxtpx:cad>88</gpxtpx:cad>
     </gpxtpx:TrackPointExtension>
    </extensions>
   </trkpt>
   <trkpt lat="55.7189350" lon="37.5521730">
    <ele>124.2</ele>
    <time>2026-05-29T04:52:17Z</time>
    <extensions>
     <power>464</power>
     <gpxtpx:TrackPointExtension>
      <gpxtpx:hr>155</gpxtpx:hr>
      <gpxtpx:cad>87</gpxtpx:cad>
     </gpxtpx:TrackPointExtension>
    </extensions>
   </trkpt>
   <trkpt lat="55.7189390" lon="37.5522170">
    <ele>124.2</ele>
    <time>2026-05-29T04:52:18Z</time>
    <extensions>
     <power>471</power>
     <gpxtpx:TrackPointExtension>
      <gpxtpx:hr>155</gpxtpx:hr>
      <gpxtpx:cad>87</gpxtpx:cad>
     </gpxtpx:TrackPointExtension>
    </extensions>
   </trkpt>
   <trkpt lat="55.7189480" lon="37.5522830">
    <ele>124.2</ele>
    <time>2026-05-29T04:52:19Z</time>
    <extensions>
     <power>470</power>
     <gpxtpx:TrackPointExtension>
      <gpxtpx:hr>155</gpxtpx:hr>
      <gpxtpx:cad>87</gpxtpx:cad>
     </gpxtpx:TrackPointExtension>
    </extensions>
   </trkpt>
   <trkpt lat="55.7189550" lon="37.5523260">
    <ele>124.2</ele>
    <time>2026-05-29T04:52:20Z</time>
    <extensions>
     <power>451</power>
     <gpxtpx:TrackPointExtension>
      <gpxtpx:hr>152</gpxtpx:hr>
      <gpxtpx:cad>87</gpxtpx:cad>
     </gpxtpx:TrackPointExtension>
    </extensions>
   </trkpt>
   <trkpt lat="55.7189650" lon="37.5523650">
    <ele>124.2</ele>
    <time>2026-05-29T04:52:21Z</time>
    <extensions>
     <power>450</power>
     <gpxtpx:TrackPointExtension>
      <gpxtpx:hr>152</gpxtpx:hr>
      <gpxtpx:cad>87</gpxtpx:cad>
     </gpxtpx:TrackPointExtension>
    </extensions>
   </trkpt>
   <trkpt lat="55.7189880" lon="37.5524360">
    <ele>124.2</ele>
    <time>2026-05-29T04:52:22Z</time>
    <extensions>
     <power>449</power>
     <gpxtpx:TrackPointExtension>
      <gpxtpx:hr>152</gpxtpx:hr>
      <gpxtpx:cad>87</gpxtpx:cad>
     </gpxtpx:TrackPointExtension>
    </extensions>
   </trkpt>
   <trkpt lat="55.7190170" lon="37.5525010">
    <ele>124.2</ele>
    <time>2026-05-29T04:52:23Z</time>
    <extensions>
     <power>450</power>
     <gpxtpx:TrackPointExtension>
      <gpxtpx:hr>151</gpxtpx:hr>
      <gpxtpx:cad>87</gpxtpx:cad>
     </gpxtpx:TrackPointExtension>
    </extensions>
   </trkpt>
   <trkpt lat="55.7190360" lon="37.5525390">
    <ele>124.2</ele>
    <time>2026-05-29T04:52:24Z</time>
    <extensions>
     <power>451</power>
     <gpxtpx:TrackPointExtension>
      <gpxtpx:hr>150</gpxtpx:hr>
      <gpxtpx:cad>87</gpxtpx:cad>
     </gpxtpx:TrackPointExtension>
    </extensions>
   </trkpt>
   <trkpt lat="55.7190720" lon="37.5525860">
    <ele>124.2</ele>
    <time>2026-05-29T04:52:25Z</time>
    <extensions>
     <power>453</power>
     <gpxtpx:TrackPointExtension>
      <gpxtpx:hr>152</gpxtpx:hr>
      <gpxtpx:cad>87</gpxtpx:cad>
     </gpxtpx:TrackPointExtension>
    </extensions>
   </trkpt>
   <trkpt lat="55.7190950" lon="37.5526160">
    <ele>124.2</ele>
    <time>2026-05-29T04:52:26Z</time>
    <extensions>
     <power>458</power>
     <gpxtpx:TrackPointExtension>
      <gpxtpx:hr>153</gpxtpx:hr>
      <gpxtpx:cad>87</gpxtpx:cad>
     </gpxtpx:TrackPointExtension>
    </extensions>
   </trkpt>
   <trkpt lat="55.7191150" lon="37.5526340">
    <ele>124.2</ele>
    <time>2026-05-29T04:52:27Z</time>
    <extensions>
     <power>458</power>
     <gpxtpx:TrackPointExtension>
      <gpxtpx:hr>153</gpxtpx:hr>
      <gpxtpx:cad>87</gpxtpx:cad>
     </gpxtpx:TrackPointExtension>
    </extensions>
   </trkpt>
   <trkpt lat="55.7191550" lon="37.5526630">
    <ele>124.2</ele>
    <time>2026-05-29T04:52:28Z</time>
    <extensions>
     <power>458</power>
     <gpxtpx:TrackPointExtension>
      <gpxtpx:hr>154</gpxtpx:hr>
      <gpxtpx:cad>87</gpxtpx:cad>
     </gpxtpx:TrackPointExtension>
    </extensions>
   </trkpt>
   <trkpt lat="55.7191890" lon="37.5526800">
    <ele>124.2</ele>
    <time>2026-05-29T04:52:29Z</time>
    <extensions>
     <power>458</power>
     <gpxtpx:TrackPointExtension>
      <gpxtpx:hr>155</gpxtpx:hr>
      <gpxtpx:cad>87</gpxtpx:cad>
     </gpxtpx:TrackPointExtension>
    </extensions>
   </trkpt>
   <trkpt lat="55.7192290" lon="37.5526900">
    <ele>124.2</ele>
    <time>2026-05-29T04:52:30Z</time>
    <extensions>
     <power>457</power>
     <gpxtpx:TrackPointExtension>
      <gpxtpx:hr>156</gpxtpx:hr>
      <gpxtpx:cad>87</gpxtpx:cad>
     </gpxtpx:TrackPointExtension>
    </extensions>
   </trkpt>
   <trkpt lat="55.7192570" lon="37.5526910">
    <ele>124.2</ele>
    <time>2026-05-29T04:52:31Z</time>
    <extensions>
     <power>458</power>
     <gpxtpx:TrackPointExtension>
      <gpxtpx:hr>156</gpxtpx:hr>
      <gpxtpx:cad>87</gpxtpx:cad>
     </gpxtpx:TrackPointExtension>
    </extensions>
   </trkpt>
   <trkpt lat="55.7192960" lon="37.5526860">
    <ele>124.2</ele>
    <time>2026-05-29T04:52:32Z</time>
    <extensions>
     <power>457</power>
     <gpxtpx:TrackPointExtension>
      <gpxtpx:hr>158</gpxtpx:hr>
      <gpxtpx:cad>87</gpxtpx:cad>
     </gpxtpx:TrackPointExtension>
    </extensions>
   </trkpt>
   <trkpt lat="55.7193380" lon="37.5526720">
    <ele>124.2</ele>
    <time>2026-05-29T04:52:33Z</time>
    <extensions>
     <power>460</power>
     <gpxtpx:TrackPointExtension>
      <gpxtpx:hr>159</gpxtpx:hr>
      <gpxtpx:cad>87</gpxtpx:cad>
     </gpxtpx:TrackPointExtension>
    </extensions>
   </trkpt>
   <trkpt lat="55.7193620" lon="37.5526590">
    <ele>124.2</ele>
    <time>2026-05-29T04:52:34Z</time>
    <extensions>
     <power>454</power>
     <gpxtpx:TrackPointExtension>
      <gpxtpx:hr>159</gpxtpx:hr>
      <gpxtpx:cad>88</gpxtpx:cad>
     </gpxtpx:TrackPointExtension>
    </extensions>
   </trkpt>
   <trkpt lat="55.7194100" lon="37.5526210">
    <ele>124.2</ele>
    <time>2026-05-29T04:52:35Z</time>
    <extensions>
     <power>457</power>
     <gpxtpx:TrackPointExtension>
      <gpxtpx:hr>160</gpxtpx:hr>
      <gpxtpx:cad>88</gpxtpx:cad>
     </gpxtpx:TrackPointExtension>
    </extensions>
   </trkpt>
   <trkpt lat="55.7194320" lon="37.5525960">
    <ele>124.2</ele>
    <time>2026-05-29T04:52:36Z</time>
    <extensions>
     <power>462</power>
     <gpxtpx:TrackPointExtension>
      <gpxtpx:hr>161</gpxtpx:hr>
      <gpxtpx:cad>89</gpxtpx:cad>
     </gpxtpx:TrackPointExtension>
    </extensions>
   </trkpt>
   <trkpt lat="55.7194680" lon="37.5525480">
    <ele>124.2</ele>
    <time>2026-05-29T04:52:37Z</time>
    <extensions>
     <power>463</power>
     <gpxtpx:TrackPointExtension>
      <gpxtpx:hr>161</gpxtpx:hr>
      <gpxtpx:cad>89</gpxtpx:cad>
     </gpxtpx:TrackPointExtension>
    </extensions>
   </trkpt>
   <trkpt lat="55.7194970" lon="37.5524980">
    <ele>124.2</ele>
    <time>2026-05-29T04:52:38Z</time>
    <extensions>
     <power>472</power>
     <gpxtpx:TrackPointExtension>
      <gpxtpx:hr>161</gpxtpx:hr>
      <gpxtpx:cad>89</gpxtpx:cad>
     </gpxtpx:TrackPointExtension>
    </extensions>
   </trkpt>
   <trkpt lat="55.7195270" lon="37.5524440">
    <ele>124.2</ele>
    <time>2026-05-29T04:52:39Z</time>
    <extensions>
     <power>479</power>
     <gpxtpx:TrackPointExtension>
      <gpxtpx:hr>163</gpxtpx:hr>
      <gpxtpx:cad>89</gpxtpx:cad>
     </gpxtpx:TrackPointExtension>
    </extensions>
   </trkpt>
   <trkpt lat="55.7195560" lon="37.5523930">
    <ele>124.2</ele>
    <time>2026-05-29T04:52:40Z</time>
    <extensions>
     <power>483</power>
     <gpxtpx:TrackPointExtension>
      <gpxtpx:hr>162</gpxtpx:hr>
      <gpxtpx:cad>87</gpxtpx:cad>
     </gpxtpx:TrackPointExtension>
    </extensions>
   </trkpt>
   <trkpt lat="55.7195750" lon="37.5523580">
    <ele>124.2</ele>
    <time>2026-05-29T04:52:41Z</time>
    <extensions>
     <power>484</power>
     <gpxtpx:TrackPointExtension>
      <gpxtpx:hr>162</gpxtpx:hr>
      <gpxtpx:cad>87</gpxtpx:cad>
     </gpxtpx:TrackPointExtension>
    </extensions>
   </trkpt>
   <trkpt lat="55.7195890" lon="37.5523330">
    <ele>124.2</ele>
    <time>2026-05-29T04:52:42Z</time>
    <extensions>
     <power>480</power>
     <gpxtpx:TrackPointExtension>
      <gpxtpx:hr>162</gpxtpx:hr>
      <gpxtpx:cad>87</gpxtpx:cad>
     </gpxtpx:TrackPointExtension>
    </extensions>
   </trkpt>
   <trkpt lat="55.7196250" lon="37.5522690">
    <ele>124.2</ele>
    <time>2026-05-29T04:52:43Z</time>
    <extensions>
     <power>478</power>
     <gpxtpx:TrackPointExtension>
      <gpxtpx:hr>162</gpxtpx:hr>
      <gpxtpx:cad>87</gpxtpx:cad>
     </gpxtpx:TrackPointExtension>
    </extensions>
   </trkpt>
   <trkpt lat="55.7196500" lon="37.5522250">
    <ele>124.2</ele>
    <time>2026-05-29T04:52:44Z</time>
    <extensions>
     <power>477</power>
     <gpxtpx:TrackPointExtension>
      <gpxtpx:hr>163</gpxtpx:hr>
      <gpxtpx:cad>87</gpxtpx:cad>
     </gpxtpx:TrackPointExtension>
    </extensions>
   </trkpt>
   <trkpt lat="55.7196780" lon="37.5521740">
    <ele>124.2</ele>
    <time>2026-05-29T04:52:45Z</time>
    <extensions>
     <power>476</power>
     <gpxtpx:TrackPointExtension>
      <gpxtpx:hr>163</gpxtpx:hr>
      <gpxtpx:cad>87</gpxtpx:cad>
     </gpxtpx:TrackPointExtension>
    </extensions>
   </trkpt>
   <trkpt lat="55.7197020" lon="37.5521320">
    <ele>124.2</ele>
    <time>2026-05-29T04:52:46Z</time>
    <extensions>
     <power>475</power>
     <gpxtpx:TrackPointExtension>
      <gpxtpx:hr>163</gpxtpx:hr>
      <gpxtpx:cad>87</gpxtpx:cad>
     </gpxtpx:TrackPointExtension>
    </extensions>
   </trkpt>
   <trkpt lat="55.7197200" lon="37.5521000">
    <ele>124.2</ele>
    <time>2026-05-29T04:52:47Z</time>
    <extensions>
     <power>476</power>
     <gpxtpx:TrackPointExtension>
      <gpxtpx:hr>163</gpxtpx:hr>
      <gpxtpx:cad>87</gpxtpx:cad>
     </gpxtpx:TrackPointExtension>
    </extensions>
   </trkpt>
   <trkpt lat="55.7197600" lon="37.5520280">
    <ele>124.2</ele>
    <time>2026-05-29T04:52:48Z</time>
    <extensions>
     <power>477</power>
     <gpxtpx:TrackPointExtension>
      <gpxtpx:hr>163</gpxtpx:hr>
      <gpxtpx:cad>87</gpxtpx:cad>
     </gpxtpx:TrackPointExtension>
    </extensions>
   </trkpt>
   <trkpt lat="55.7197900" lon="37.5519750">
    <ele>124.2</ele>
    <time>2026-05-29T04:52:49Z</time>
    <extensions>
     <power>479</power>
     <gpxtpx:TrackPointExtension>
      <gpxtpx:hr>163</gpxtpx:hr>
      <gpxtpx:cad>87</gpxtpx:cad>
     </gpxtpx:TrackPointExtension>
    </extensions>
   </trkpt>
   <trkpt lat="55.7198110" lon="37.5519360">
    <ele>124.2</ele>
    <time>2026-05-29T04:52:50Z</time>
    <extensions>
     <power>484</power>
     <gpxtpx:TrackPointExtension>
      <gpxtpx:hr>164</gpxtpx:hr>
      <gpxtpx:cad>87</gpxtpx:cad>
     </gpxtpx:TrackPointExtension>
    </extensions>
   </trkpt>
   <trkpt lat="55.7198260" lon="37.5519100">
    <ele>124.2</ele>
    <time>2026-05-29T04:52:51Z</time>
    <extensions>
     <power>487</power>
     <gpxtpx:TrackPointExtension>
      <gpxtpx:hr>164</gpxtpx:hr>
      <gpxtpx:cad>87</gpxtpx:cad>
     </gpxtpx:TrackPointExtension>
    </extensions>
   </trkpt>
   <trkpt lat="55.7198680" lon="37.5518330">
    <ele>124.2</ele>
    <time>2026-05-29T04:52:52Z</time>
    <extensions>
     <power>492</power>
     <gpxtpx:TrackPointExtension>
      <gpxtpx:hr>163</gpxtpx:hr>
      <gpxtpx:cad>87</gpxtpx:cad>
     </gpxtpx:TrackPointExtension>
    </extensions>
   </trkpt>
   <trkpt lat="55.7198840" lon="37.5518050">
    <ele>124.2</ele>
    <time>2026-05-29T04:52:53Z</time>
    <extensions>
     <power>491</power>
     <gpxtpx:TrackPointExtension>
      <gpxtpx:hr>163</gpxtpx:hr>
      <gpxtpx:cad>87</gpxtpx:cad>
     </gpxtpx:TrackPointExtension>
    </extensions>
   </trkpt>
   <trkpt lat="55.7199200" lon="37.5517420">
    <ele>124.2</ele>
    <time>2026-05-29T04:52:54Z</time>
    <extensions>
     <power>483</power>
     <gpxtpx:TrackPointExtension>
      <gpxtpx:hr>163</gpxtpx:hr>
      <gpxtpx:cad>87</gpxtpx:cad>
     </gpxtpx:TrackPointExtension>
    </extensions>
   </trkpt>
   <trkpt lat="55.7199360" lon="37.5517130">
    <ele>124.2</ele>
    <time>2026-05-29T04:52:55Z</time>
    <extensions>
     <power>482</power>
     <gpxtpx:TrackPointExtension>
      <gpxtpx:hr>165</gpxtpx:hr>
      <gpxtpx:cad>87</gpxtpx:cad>
     </gpxtpx:TrackPointExtension>
    </extensions>
   </trkpt>
   <trkpt lat="55.7199590" lon="37.5516710">
    <ele>124.2</ele>
    <time>2026-05-29T04:52:56Z</time>
    <extensions>
     <power>477</power>
     <gpxtpx:TrackPointExtension>
      <gpxtpx:hr>164</gpxtpx:hr>
      <gpxtpx:cad>87</gpxtpx:cad>
     </gpxtpx:TrackPointExtension>
    </extensions>
   </trkpt>
   <trkpt lat="55.7199910" lon="37.5516140">
    <ele>124.2</ele>
    <time>2026-05-29T04:52:57Z</time>
    <extensions>
     <power>474</power>
     <gpxtpx:TrackPointExtension>
      <gpxtpx:hr>163</gpxtpx:hr>
      <gpxtpx:cad>87</gpxtpx:cad>
     </gpxtpx:TrackPointExtension>
    </extensions>
   </trkpt>
   <trkpt lat="55.7200060" lon="37.5515870">
    <ele>124.2</ele>
    <time>2026-05-29T04:52:58Z</time>
    <extensions>
     <power>473</power>
     <gpxtpx:TrackPointExtension>
      <gpxtpx:hr>164</gpxtpx:hr>
      <gpxtpx:cad>87</gpxtpx:cad>
     </gpxtpx:TrackPointExtension>
    </extensions>
   </trkpt>
   <trkpt lat="55.7200460" lon="37.5515130">
    <ele>124.2</ele>
    <time>2026-05-29T04:52:59Z</time>
    <extensions>
     <power>477</power>
     <gpxtpx:TrackPointExtension>
      <gpxtpx:hr>163</gpxtpx:hr>
      <gpxtpx:cad>87</gpxtpx:cad>
     </gpxtpx:TrackPointExtension>
    </extensions>
   </trkpt>
   <trkpt lat="55.7200530" lon="37.5514990">
    <ele>124.2</ele>
    <time>2026-05-29T04:53:00Z</time>
    <extensions>
     <power>478</power>
     <gpxtpx:TrackPointExtension>
      <gpxtpx:hr>164</gpxtpx:hr>
      <gpxtpx:cad>87</gpxtpx:cad>
     </gpxtpx:TrackPointExtension>
    </extensions>
   </trkpt>
   <trkpt lat="55.7200770" lon="37.5514430">
    <ele>124.2</ele>
    <time>2026-05-29T04:53:01Z</time>
    <extensions>
     <power>480</power>
     <gpxtpx:TrackPointExtension>
      <gpxtpx:hr>165</gpxtpx:hr>
      <gpxtpx:cad>85</gpxtpx:cad>
     </gpxtpx:TrackPointExtension>
    </extensions>
   </trkpt>
   <trkpt lat="55.7200930" lon="37.5513960">
    <ele>124.2</ele>
    <time>2026-05-29T04:53:02Z</time>
    <extensions>
     <power>474</power>
     <gpxtpx:TrackPointExtension>
      <gpxtpx:hr>164</gpxtpx:hr>
      <gpxtpx:cad>85</gpxtpx:cad>
     </gpxtpx:TrackPointExtension>
    </extensions>
   </trkpt>
   <trkpt lat="55.7201030" lon="37.5513570">
    <ele>124.2</ele>
    <time>2026-05-29T04:53:03Z</time>
    <extensions>
     <power>471</power>
     <gpxtpx:TrackPointExtension>
      <gpxtpx:hr>164</gpxtpx:hr>
      <gpxtpx:cad>85</gpxtpx:cad>
     </gpxtpx:TrackPointExtension>
    </extensions>
   </trkpt>
   <trkpt lat="55.7201130" lon="37.5513150">
    <ele>124.2</ele>
    <time>2026-05-29T04:53:04Z</time>
    <extensions>
     <power>446</power>
     <gpxtpx:TrackPointExtension>
      <gpxtpx:hr>164</gpxtpx:hr>
      <gpxtpx:cad>85</gpxtpx:cad>
     </gpxtpx:TrackPointExtension>
    </extensions>
   </trkpt>
   <trkpt lat="55.7201200" lon="37.5512730">
    <ele>124.2</ele>
    <time>2026-05-29T04:53:05Z</time>
    <extensions>
     <power>445</power>
     <gpxtpx:TrackPointExtension>
      <gpxtpx:hr>163</gpxtpx:hr>
      <gpxtpx:cad>86</gpxtpx:cad>
     </gpxtpx:TrackPointExtension>
    </extensions>
   </trkpt>
   <trkpt lat="55.7201260" lon="37.5512210">
    <ele>124.2</ele>
    <time>2026-05-29T04:53:06Z</time>
    <extensions>
     <power>447</power>
     <gpxtpx:TrackPointExtension>
      <gpxtpx:hr>163</gpxtpx:hr>
      <gpxtpx:cad>86</gpxtpx:cad>
     </gpxtpx:TrackPointExtension>
    </extensions>
   </trkpt>
   <trkpt lat="55.7201280" lon="37.5511900">
    <ele>124.2</ele>
    <time>2026-05-29T04:53:07Z</time>
    <extensions>
     <power>444</power>
     <gpxtpx:TrackPointExtension>
      <gpxtpx:hr>162</gpxtpx:hr>
      <gpxtpx:cad>86</gpxtpx:cad>
     </gpxtpx:TrackPointExtension>
    </extensions>
   </trkpt>
   <trkpt lat="55.7201300" lon="37.5511150">
    <ele>124.2</ele>
    <time>2026-05-29T04:53:08Z</time>
    <extensions>
     <power>413</power>
     <gpxtpx:TrackPointExtension>
      <gpxtpx:hr>162</gpxtpx:hr>
      <gpxtpx:cad>86</gpxtpx:cad>
     </gpxtpx:TrackPointExtension>
    </extensions>
   </trkpt>
   <trkpt lat="55.7201280" lon="37.5510630">
    <ele>124.2</ele>
    <time>2026-05-29T04:53:09Z</time>
    <extensions>
     <power>394</power>
     <gpxtpx:TrackPointExtension>
      <gpxtpx:hr>163</gpxtpx:hr>
      <gpxtpx:cad>86</gpxtpx:cad>
     </gpxtpx:TrackPointExtension>
    </extensions>
   </trkpt>
   <trkpt lat="55.7201240" lon="37.5510160">
    <ele>124.2</ele>
    <time>2026-05-29T04:53:10Z</time>
    <extensions>
     <power>396</power>
     <gpxtpx:TrackPointExtension>
      <gpxtpx:hr>162</gpxtpx:hr>
      <gpxtpx:cad>86</gpxtpx:cad>
     </gpxtpx:TrackPointExtension>
    </extensions>
   </trkpt>
   <trkpt lat="55.7201180" lon="37.5509760">
    <ele>124.2</ele>
    <time>2026-05-29T04:53:11Z</time>
    <extensions>
     <power>388</power>
     <gpxtpx:TrackPointExtension>
      <gpxtpx:hr>162</gpxtpx:hr>
      <gpxtpx:cad>86</gpxtpx:cad>
     </gpxtpx:TrackPointExtension>
    </extensions>
   </trkpt>
   <trkpt lat="55.7201120" lon="37.5509380">
    <ele>124.2</ele>
    <time>2026-05-29T04:53:12Z</time>
    <extensions>
     <power>393</power>
     <gpxtpx:TrackPointExtension>
      <gpxtpx:hr>162</gpxtpx:hr>
      <gpxtpx:cad>86</gpxtpx:cad>
     </gpxtpx:TrackPointExtension>
    </extensions>
   </trkpt>
   <trkpt lat="55.7200940" lon="37.5508650">
    <ele>124.2</ele>
    <time>2026-05-29T04:53:13Z</time>
    <extensions>
     <power>389</power>
     <gpxtpx:TrackPointExtension>
      <gpxtpx:hr>160</gpxtpx:hr>
      <gpxtpx:cad>86</gpxtpx:cad>
     </gpxtpx:TrackPointExtension>
    </extensions>
   </trkpt>
   <trkpt lat="55.7200720" lon="37.5508050">
    <ele>124.2</ele>
    <time>2026-05-29T04:53:14Z</time>
    <extensions>
     <power>402</power>
     <gpxtpx:TrackPointExtension>
      <gpxtpx:hr>162</gpxtpx:hr>
      <gpxtpx:cad>86</gpxtpx:cad>
     </gpxtpx:TrackPointExtension>
    </extensions>
   </trkpt>
   <trkpt lat="55.7200570" lon="37.5507680">
    <ele>124.2</ele>
    <time>2026-05-29T04:53:15Z</time>
    <extensions>
     <power>423</power>
     <gpxtpx:TrackPointExtension>
      <gpxtpx:hr>162</gpxtpx:hr>
      <gpxtpx:cad>86</gpxtpx:cad>
     </gpxtpx:TrackPointExtension>
    </extensions>
   </trkpt>
   <trkpt lat="55.7200470" lon="37.5507480">
    <ele>124.2</ele>
    <time>2026-05-29T04:53:16Z</time>
    <extensions>
     <power>409</power>
     <gpxtpx:TrackPointExtension>
      <gpxtpx:hr>161</gpxtpx:hr>
      <gpxtpx:cad>86</gpxtpx:cad>
     </gpxtpx:TrackPointExtension>
    </extensions>
   </trkpt>
   <trkpt lat="55.7200140" lon="37.5506910">
    <ele>124.2</ele>
    <time>2026-05-29T04:53:17Z</time>
    <extensions>
     <power>426</power>
     <gpxtpx:TrackPointExtension>
      <gpxtpx:hr>161</gpxtpx:hr>
      <gpxtpx:cad>85</gpxtpx:cad>
     </gpxtpx:TrackPointExtension>
    </extensions>
   </trkpt>
   <trkpt lat="55.7199870" lon="37.5506560">
    <ele>124.2</ele>
    <time>2026-05-29T04:53:18Z</time>
    <extensions>
     <power>416</power>
     <gpxtpx:TrackPointExtension>
      <gpxtpx:hr>162</gpxtpx:hr>
      <gpxtpx:cad>85</gpxtpx:cad>
     </gpxtpx:TrackPointExtension>
    </extensions>
   </trkpt>
   <trkpt lat="55.7199640" lon="37.5506300">
    <ele>124.2</ele>
    <time>2026-05-29T04:53:19Z</time>
    <extensions>
     <power>412</power>
     <gpxtpx:TrackPointExtension>
      <gpxtpx:hr>160</gpxtpx:hr>
      <gpxtpx:cad>86</gpxtpx:cad>
     </gpxtpx:TrackPointExtension>
    </extensions>
   </trkpt>
   <trkpt lat="55.7199270" lon="37.5506000">
    <ele>124.2</ele>
    <time>2026-05-29T04:53:20Z</time>
    <extensions>
     <power>421</power>
     <gpxtpx:TrackPointExtension>
      <gpxtpx:hr>161</gpxtpx:hr>
      <gpxtpx:cad>86</gpxtpx:cad>
     </gpxtpx:TrackPointExtension>
    </extensions>
   </trkpt>
   <trkpt lat="55.7199090" lon="37.5505880">
    <ele>124.2</ele>
    <time>2026-05-29T04:53:21Z</time>
    <extensions>
     <power>412</power>
     <gpxtpx:TrackPointExtension>
      <gpxtpx:hr>161</gpxtpx:hr>
      <gpxtpx:cad>86</gpxtpx:cad>
     </gpxtpx:TrackPointExtension>
    </extensions>
   </trkpt>
   <trkpt lat="55.7198560" lon="37.5505670">
    <ele>124.2</ele>
    <time>2026-05-29T04:53:22Z</time>
    <extensions>
     <power>418</power>
     <gpxtpx:TrackPointExtension>
      <gpxtpx:hr>161</gpxtpx:hr>
      <gpxtpx:cad>86</gpxtpx:cad>
     </gpxtpx:TrackPointExtension>
    </extensions>
   </trkpt>
   <trkpt lat="55.7198440" lon="37.5505630">
    <ele>124.2</ele>
    <time>2026-05-29T04:53:23Z</time>
    <extensions>
     <power>410</power>
     <gpxtpx:TrackPointExtension>
      <gpxtpx:hr>160</gpxtpx:hr>
      <gpxtpx:cad>86</gpxtpx:cad>
     </gpxtpx:TrackPointExtension>
    </extensions>
   </trkpt>
   <trkpt lat="55.7198070" lon="37.5505610">
    <ele>124.2</ele>
    <time>2026-05-29T04:53:24Z</time>
    <extensions>
     <power>412</power>
     <gpxtpx:TrackPointExtension>
      <gpxtpx:hr>160</gpxtpx:hr>
      <gpxtpx:cad>85</gpxtpx:cad>
     </gpxtpx:TrackPointExtension>
    </extensions>
   </trkpt>
   <trkpt lat="55.7197780" lon="37.5505630">
    <ele>124.2</ele>
    <time>2026-05-29T04:53:25Z</time>
    <extensions>
     <power>410</power>
     <gpxtpx:TrackPointExtension>
      <gpxtpx:hr>160</gpxtpx:hr>
      <gpxtpx:cad>85</gpxtpx:cad>
     </gpxtpx:TrackPointExtension>
    </extensions>
   </trkpt>
   <trkpt lat="55.7197630" lon="37.5505660">
    <ele>124.2</ele>
    <time>2026-05-29T04:53:26Z</time>
    <extensions>
     <power>407</power>
     <gpxtpx:TrackPointExtension>
      <gpxtpx:hr>161</gpxtpx:hr>
      <gpxtpx:cad>85</gpxtpx:cad>
     </gpxtpx:TrackPointExtension>
    </extensions>
   </trkpt>
   <trkpt lat="55.7197200" lon="37.5505830">
    <ele>124.2</ele>
    <time>2026-05-29T04:53:27Z</time>
    <extensions>
     <power>403</power>
     <gpxtpx:TrackPointExtension>
      <gpxtpx:hr>161</gpxtpx:hr>
      <gpxtpx:cad>85</gpxtpx:cad>
     </gpxtpx:TrackPointExtension>
    </extensions>
   </trkpt>
   <trkpt lat="55.7196960" lon="37.5505960">
    <ele>124.2</ele>
    <time>2026-05-29T04:53:28Z</time>
    <extensions>
     <power>401</power>
     <gpxtpx:TrackPointExtension>
      <gpxtpx:hr>161</gpxtpx:hr>
      <gpxtpx:cad>85</gpxtpx:cad>
     </gpxtpx:TrackPointExtension>
    </extensions>
   </trkpt>
   <trkpt lat="55.7196630" lon="37.5506230">
    <ele>124.2</ele>
    <time>2026-05-29T04:53:29Z</time>
    <extensions>
     <power>400</power>
     <gpxtpx:TrackPointExtension>
      <gpxtpx:hr>161</gpxtpx:hr>
      <gpxtpx:cad>85</gpxtpx:cad>
     </gpxtpx:TrackPointExtension>
    </extensions>
   </trkpt>
   <trkpt lat="55.7196380" lon="37.5506480">
    <ele>124.2</ele>
    <time>2026-05-29T04:53:30Z</time>
    <extensions>
     <power>401</power>
     <gpxtpx:TrackPointExtension>
      <gpxtpx:hr>160</gpxtpx:hr>
      <gpxtpx:cad>85</gpxtpx:cad>
     </gpxtpx:TrackPointExtension>
    </extensions>
   </trkpt>
   <trkpt lat="55.7195930" lon="37.5507110">
    <ele>124.2</ele>
    <time>2026-05-29T04:53:31Z</time>
    <extensions>
     <power>414</power>
     <gpxtpx:TrackPointExtension>
      <gpxtpx:hr>161</gpxtpx:hr>
      <gpxtpx:cad>89</gpxtpx:cad>
     </gpxtpx:TrackPointExtension>
    </extensions>
   </trkpt>
   <trkpt lat="55.7195740" lon="37.5507400">
    <ele>124.2</ele>
    <time>2026-05-29T04:53:32Z</time>
    <extensions>
     <power>415</power>
     <gpxtpx:TrackPointExtension>
      <gpxtpx:hr>160</gpxtpx:hr>
      <gpxtpx:cad>89</gpxtpx:cad>
     </gpxtpx:TrackPointExtension>
    </extensions>
   </trkpt>
   <trkpt lat="55.7195400" lon="37.5508020">
    <ele>124.2</ele>
    <time>2026-05-29T04:53:33Z</time>
    <extensions>
     <power>421</power>
     <gpxtpx:TrackPointExtension>
      <gpxtpx:hr>161</gpxtpx:hr>
      <gpxtpx:cad>89</gpxtpx:cad>
     </gpxtpx:TrackPointExtension>
    </extensions>
   </trkpt>
   <trkpt lat="55.7195160" lon="37.5508440">
    <ele>124.2</ele>
    <time>2026-05-29T04:53:34Z</time>
    <extensions>
     <power>422</power>
     <gpxtpx:TrackPointExtension>
      <gpxtpx:hr>161</gpxtpx:hr>
      <gpxtpx:cad>89</gpxtpx:cad>
     </gpxtpx:TrackPointExtension>
    </extensions>
   </trkpt>
   <trkpt lat="55.7194810" lon="37.5509080">
    <ele>124.2</ele>
    <time>2026-05-29T04:53:35Z</time>
    <extensions>
     <power>424</power>
     <gpxtpx:TrackPointExtension>
      <gpxtpx:hr>161</gpxtpx:hr>
      <gpxtpx:cad>89</gpxtpx:cad>
     </gpxtpx:TrackPointExtension>
    </extensions>
   </trkpt>
   <trkpt lat="55.7194590" lon="37.5509470">
    <ele>124.2</ele>
    <time>2026-05-29T04:53:36Z</time>
    <extensions>
     <power>430</power>
     <gpxtpx:TrackPointExtension>
      <gpxtpx:hr>161</gpxtpx:hr>
      <gpxtpx:cad>89</gpxtpx:cad>
     </gpxtpx:TrackPointExtension>
    </extensions>
   </trkpt>
   <trkpt lat="55.7194330" lon="37.5509930">
    <ele>124.2</ele>
    <time>2026-05-29T04:53:37Z</time>
    <extensions>
     <power>440</power>
     <gpxtpx:TrackPointExtension>
      <gpxtpx:hr>161</gpxtpx:hr>
      <gpxtpx:cad>88</gpxtpx:cad>
     </gpxtpx:TrackPointExtension>
    </extensions>
   </trkpt>
   <trkpt lat="55.7194030" lon="37.5510470">
    <ele>124.2</ele>
    <time>2026-05-29T04:53:38Z</time>
    <extensions>
     <power>468</power>
     <gpxtpx:TrackPointExtension>
      <gpxtpx:hr>162</gpxtpx:hr>
      <gpxtpx:cad>87</gpxtpx:cad>
     </gpxtpx:TrackPointExtension>
    </extensions>
   </trkpt>
   <trkpt lat="55.7193760" lon="37.5510960">
    <ele>124.2</ele>
    <time>2026-05-29T04:53:39Z</time>
    <extensions>
     <power>464</power>
     <gpxtpx:TrackPointExtension>
      <gpxtpx:hr>163</gpxtpx:hr>
      <gpxtpx:cad>86</gpxtpx:cad>
     </gpxtpx:TrackPointExtension>
    </extensions>
   </trkpt>
   <trkpt lat="55.7193580" lon="37.5511280">
    <ele>124.2</ele>
    <time>2026-05-29T04:53:40Z</time>
    <extensions>
     <power>440</power>
     <gpxtpx:TrackPointExtension>
      <gpxtpx:hr>162</gpxtpx:hr>
      <gpxtpx:cad>86</gpxtpx:cad>
     </gpxtpx:TrackPointExtension>
    </extensions>
   </trkpt>
   <trkpt lat="55.7193390" lon="37.5511630">
    <ele>124.2</ele>
    <time>2026-05-29T04:53:41Z</time>
    <extensions>
     <power>435</power>
     <gpxtpx:TrackPointExtension>
      <gpxtpx:hr>162</gpxtpx:hr>
      <gpxtpx:cad>87</gpxtpx:cad>
     </gpxtpx:TrackPointExtension>
    </extensions>
   </trkpt>
   <trkpt lat="55.7193060" lon="37.5512220">
    <ele>124.2</ele>
    <time>2026-05-29T04:53:42Z</time>
    <extensions>
     <power>437</power>
     <gpxtpx:TrackPointExtension>
      <gpxtpx:hr>161</gpxtpx:hr>
      <gpxtpx:cad>87</gpxtpx:cad>
     </gpxtpx:TrackPointExtension>
    </extensions>
   </trkpt>
   <trkpt lat="55.7192870" lon="37.5512550">
    <ele>124.2</ele>
    <time>2026-05-29T04:53:43Z</time>
    <extensions>
     <power>438</power>
     <gpxtpx:TrackPointExtension>
      <gpxtpx:hr>162</gpxtpx:hr>
      <gpxtpx:cad>87</gpxtpx:cad>
     </gpxtpx:TrackPointExtension>
    </extensions>
   </trkpt>
   <trkpt lat="55.7192580" lon="37.5513070">
    <ele>124.2</ele>
    <time>2026-05-29T04:53:44Z</time>
    <extensions>
     <power>454</power>
     <gpxtpx:TrackPointExtension>
      <gpxtpx:hr>163</gpxtpx:hr>
      <gpxtpx:cad>86</gpxtpx:cad>
     </gpxtpx:TrackPointExtension>
    </extensions>
   </trkpt>
   <trkpt lat="55.7192380" lon="37.5513430">
    <ele>124.2</ele>
    <time>2026-05-29T04:53:45Z</time>
    <extensions>
     <power>450</power>
     <gpxtpx:TrackPointExtension>
      <gpxtpx:hr>162</gpxtpx:hr>
      <gpxtpx:cad>87</gpxtpx:cad>
     </gpxtpx:TrackPointExtension>
    </extensions>
   </trkpt>
   <trkpt lat="55.7192040" lon="37.5514040">
    <ele>124.2</ele>
    <time>2026-05-29T04:53:46Z</time>
    <extensions>
     <power>452</power>
     <gpxtpx:TrackPointExtension>
      <gpxtpx:hr>162</gpxtpx:hr>
      <gpxtpx:cad>87</gpxtpx:cad>
     </gpxtpx:TrackPointExtension>
    </extensions>
   </trkpt>
   <trkpt lat="55.7191760" lon="37.5514530">
    <ele>124.2</ele>
    <time>2026-05-29T04:53:47Z</time>
    <extensions>
     <power>465</power>
     <gpxtpx:TrackPointExtension>
      <gpxtpx:hr>160</gpxtpx:hr>
      <gpxtpx:cad>87</gpxtpx:cad>
     </gpxtpx:TrackPointExtension>
    </extensions>
   </trkpt>
   <trkpt lat="55.7191530" lon="37.5514940">
    <ele>124.2</ele>
    <time>2026-05-29T04:53:48Z</time>
    <extensions>
     <power>468</power>
     <gpxtpx:TrackPointExtension>
      <gpxtpx:hr>162</gpxtpx:hr>
      <gpxtpx:cad>87</gpxtpx:cad>
     </gpxtpx:TrackPointExtension>
    </extensions>
   </trkpt>
   <trkpt lat="55.7191160" lon="37.5515610">
    <ele>124.2</ele>
    <time>2026-05-29T04:53:49Z</time>
    <extensions>
     <power>470</power>
     <gpxtpx:TrackPointExtension>
      <gpxtpx:hr>162</gpxtpx:hr>
      <gpxtpx:cad>87</gpxtpx:cad>
     </gpxtpx:TrackPointExtension>
    </extensions>
   </trkpt>
   <trkpt lat="55.7190960" lon="37.5515970">
    <ele>124.2</ele>
    <time>2026-05-29T04:53:50Z</time>
    <extensions>
     <power>486</power>
     <gpxtpx:TrackPointExtension>
      <gpxtpx:hr>162</gpxtpx:hr>
      <gpxtpx:cad>87</gpxtpx:cad>
     </gpxtpx:TrackPointExtension>
    </extensions>
   </trkpt>
   <trkpt lat="55.7190590" lon="37.5516620">
    <ele>124.2</ele>
    <time>2026-05-29T04:53:51Z</time>
    <extensions>
     <power>490</power>
     <gpxtpx:TrackPointExtension>
      <gpxtpx:hr>162</gpxtpx:hr>
      <gpxtpx:cad>88</gpxtpx:cad>
     </gpxtpx:TrackPointExtension>
    </extensions>
   </trkpt>
   <trkpt lat="55.7190420" lon="37.5516930">
    <ele>124.2</ele>
    <time>2026-05-29T04:53:52Z</time>
    <extensions>
     <power>490</power>
     <gpxtpx:TrackPointExtension>
      <gpxtpx:hr>161</gpxtpx:hr>
      <gpxtpx:cad>87</gpxtpx:cad>
     </gpxtpx:TrackPointExtension>
    </extensions>
   </trkpt>
   <trkpt lat="55.7190060" lon="37.5517650">
    <ele>124.2</ele>
    <time>2026-05-29T04:53:53Z</time>
    <extensions>
     <power>496</power>
     <gpxtpx:TrackPointExtension>
      <gpxtpx:hr>161</gpxtpx:hr>
      <gpxtpx:cad>87</gpxtpx:cad>
     </gpxtpx:TrackPointExtension>
    </extensions>
   </trkpt>
   <trkpt lat="55.7189940" lon="37.5517910">
    <ele>124.2</ele>
    <time>2026-05-29T04:53:54Z</time>
    <extensions>
     <power>477</power>
     <gpxtpx:TrackPointExtension>
      <gpxtpx:hr>162</gpxtpx:hr>
      <gpxtpx:cad>87</gpxtpx:cad>
     </gpxtpx:TrackPointExtension>
    </extensions>
   </trkpt>
   <trkpt lat="55.7189660" lon="37.5518750">
    <ele>124.2</ele>
    <time>2026-05-29T04:53:55Z</time>
    <extensions>
     <power>483</power>
     <gpxtpx:TrackPointExtension>
      <gpxtpx:hr>162</gpxtpx:hr>
      <gpxtpx:cad>87</gpxtpx:cad>
     </gpxtpx:TrackPointExtension>
    </extensions>
   </trkpt>
   <trkpt lat="55.7189590" lon="37.5519040">
    <ele>124.2</ele>
    <time>2026-05-29T04:53:56Z</time>
    <extensions>
     <power>471</power>
     <gpxtpx:TrackPointExtension>
      <gpxtpx:hr>162</gpxtpx:hr>
      <gpxtpx:cad>87</gpxtpx:cad>
     </gpxtpx:TrackPointExtension>
    </extensions>
   </trkpt>
   <trkpt lat="55.7189450" lon="37.5519770">
    <ele>124.2</ele>
    <time>2026-05-29T04:53:57Z</time>
    <extensions>
     <power>468</power>
     <gpxtpx:TrackPointExtension>
      <gpxtpx:hr>163</gpxtpx:hr>
      <gpxtpx:cad>88</gpxtpx:cad>
     </gpxtpx:TrackPointExtension>
    </extensions>
   </trkpt>
   <trkpt lat="55.7189400" lon="37.5520180">
    <ele>124.2</ele>
    <time>2026-05-29T04:53:58Z</time>
    <extensions>
     <power>458</power>
     <gpxtpx:TrackPointExtension>
      <gpxtpx:hr>163</gpxtpx:hr>
      <gpxtpx:cad>88</gpxtpx:cad>
     </gpxtpx:TrackPointExtension>
    </extensions>
   </trkpt>
   <trkpt lat="55.7189340" lon="37.5520970">
    <ele>124.2</ele>
    <time>2026-05-29T04:53:59Z</time>
    <extensions>
     <power>461</power>
     <gpxtpx:TrackPointExtension>
      <gpxtpx:hr>163</gpxtpx:hr>
      <gpxtpx:cad>87</gpxtpx:cad>
     </gpxtpx:TrackPointExtension>
    </extensions>
   </trkpt>
   <trkpt lat="55.7189350" lon="37.5521460">
    <ele>124.2</ele>
    <time>2026-05-29T04:54:00Z</time>
    <extensions>
     <power>458</power>
     <gpxtpx:TrackPointExtension>
      <gpxtpx:hr>163</gpxtpx:hr>
      <gpxtpx:cad>87</gpxtpx:cad>
     </gpxtpx:TrackPointExtension>
    </extensions>
   </trkpt>
   <trkpt lat="55.7189370" lon="37.5521890">
    <ele>124.2</ele>
    <time>2026-05-29T04:54:01Z</time>
    <extensions>
     <power>454</power>
     <gpxtpx:TrackPointExtension>
      <gpxtpx:hr>163</gpxtpx:hr>
      <gpxtpx:cad>87</gpxtpx:cad>
     </gpxtpx:TrackPointExtension>
    </extensions>
   </trkpt>
   <trkpt lat="55.7189450" lon="37.5522680">
    <ele>124.2</ele>
    <time>2026-05-29T04:54:02Z</time>
    <extensions>
     <power>446</power>
     <gpxtpx:TrackPointExtension>
      <gpxtpx:hr>163</gpxtpx:hr>
      <gpxtpx:cad>87</gpxtpx:cad>
     </gpxtpx:TrackPointExtension>
    </extensions>
   </trkpt>
   <trkpt lat="55.7189510" lon="37.5523050">
    <ele>124.2</ele>
    <time>2026-05-29T04:54:03Z</time>
    <extensions>
     <power>445</power>
     <gpxtpx:TrackPointExtension>
      <gpxtpx:hr>163</gpxtpx:hr>
      <gpxtpx:cad>87</gpxtpx:cad>
     </gpxtpx:TrackPointExtension>
    </extensions>
   </trkpt>
   <trkpt lat="55.7189680" lon="37.5523760">
    <ele>124.2</ele>
    <time>2026-05-29T04:54:04Z</time>
    <extensions>
     <power>449</power>
     <gpxtpx:TrackPointExtension>
      <gpxtpx:hr>164</gpxtpx:hr>
      <gpxtpx:cad>88</gpxtpx:cad>
     </gpxtpx:TrackPointExtension>
    </extensions>
   </trkpt>
   <trkpt lat="55.7189770" lon="37.5524060">
    <ele>124.2</ele>
    <time>2026-05-29T04:54:05Z</time>
    <extensions>
     <power>451</power>
     <gpxtpx:TrackPointExtension>
      <gpxtpx:hr>164</gpxtpx:hr>
      <gpxtpx:cad>88</gpxtpx:cad>
     </gpxtpx:TrackPointExtension>
    </extensions>
   </trkpt>
   <trkpt lat="55.7190070" lon="37.5524830">
    <ele>124.2</ele>
    <time>2026-05-29T04:54:06Z</time>
    <extensions>
     <power>456</power>
     <gpxtpx:TrackPointExtension>
      <gpxtpx:hr>163</gpxtpx:hr>
      <gpxtpx:cad>87</gpxtpx:cad>
     </gpxtpx:TrackPointExtension>
    </extensions>
   </trkpt>
   <trkpt lat="55.7190380" lon="37.5525380">
    <ele>124.2</ele>
    <time>2026-05-29T04:54:07Z</time>
    <extensions>
     <power>457</power>
     <gpxtpx:TrackPointExtension>
      <gpxtpx:hr>164</gpxtpx:hr>
      <gpxtpx:cad>87</gpxtpx:cad>
     </gpxtpx:TrackPointExtension>
    </extensions>
   </trkpt>
   <trkpt lat="55.7190590" lon="37.5525730">
    <ele>124.2</ele>
    <time>2026-05-29T04:54:08Z</time>
    <extensions>
     <power>459</power>
     <gpxtpx:TrackPointExtension>
      <gpxtpx:hr>165</gpxtpx:hr>
      <gpxtpx:cad>87</gpxtpx:cad>
     </gpxtpx:TrackPointExtension>
    </extensions>
   </trkpt>
   <trkpt lat="55.7190740" lon="37.5525930">
    <ele>124.2</ele>
    <time>2026-05-29T04:54:09Z</time>
    <extensions>
     <power>458</power>
     <gpxtpx:TrackPointExtension>
      <gpxtpx:hr>165</gpxtpx:hr>
      <gpxtpx:cad>87</gpxtpx:cad>
     </gpxtpx:TrackPointExtension>
    </extensions>
   </trkpt>
   <trkpt lat="55.7191140" lon="37.5526330">
    <ele>124.2</ele>
    <time>2026-05-29T04:54:10Z</time>
    <extensions>
     <power>454</power>
     <gpxtpx:TrackPointExtension>
      <gpxtpx:hr>165</gpxtpx:hr>
      <gpxtpx:cad>87</gpxtpx:cad>
     </gpxtpx:TrackPointExtension>
    </extensions>
   </trkpt>
   <trkpt lat="55.7191390" lon="37.5526530">
    <ele>124.2</ele>
    <time>2026-05-29T04:54:11Z</time>
    <extensions>
     <power>460</power>
     <gpxtpx:TrackPointExtension>
      <gpxtpx:hr>164</gpxtpx:hr>
      <gpxtpx:cad>86</gpxtpx:cad>
     </gpxtpx:TrackPointExtension>
    </extensions>
   </trkpt>
   <trkpt lat="55.7191690" lon="37.5526700">
    <ele>124.2</ele>
    <time>2026-05-29T04:54:12Z</time>
    <extensions>
     <power>456</power>
     <gpxtpx:TrackPointExtension>
      <gpxtpx:hr>164</gpxtpx:hr>
      <gpxtpx:cad>86</gpxtpx:cad>
     </gpxtpx:TrackPointExtension>
    </extensions>
   </trkpt>
   <trkpt lat="55.7192190" lon="37.5526870">
    <ele>124.2</ele>
    <time>2026-05-29T04:54:13Z</time>
    <extensions>
     <power>456</power>
     <gpxtpx:TrackPointExtension>
      <gpxtpx:hr>164</gpxtpx:hr>
      <gpxtpx:cad>86</gpxtpx:cad>
     </gpxtpx:TrackPointExtension>
    </extensions>
   </trkpt>
   <trkpt lat="55.7192390" lon="37.5526910">
    <ele>124.2</ele>
    <time>2026-05-29T04:54:14Z</time>
    <extensions>
     <power>457</power>
     <gpxtpx:TrackPointExtension>
      <gpxtpx:hr>166</gpxtpx:hr>
      <gpxtpx:cad>86</gpxtpx:cad>
     </gpxtpx:TrackPointExtension>
    </extensions>
   </trkpt>
   <trkpt lat="55.7192930" lon="37.5526870">
    <ele>124.2</ele>
    <time>2026-05-29T04:54:15Z</time>
    <extensions>
     <power>459</power>
     <gpxtpx:TrackPointExtension>
      <gpxtpx:hr>165</gpxtpx:hr>
      <gpxtpx:cad>86</gpxtpx:cad>
     </gpxtpx:TrackPointExtension>
    </extensions>
   </trkpt>
   <trkpt lat="55.7193200" lon="37.5526800">
    <ele>124.2</ele>
    <time>2026-05-29T04:54:16Z</time>
    <extensions>
     <power>456</power>
     <gpxtpx:TrackPointExtension>
      <gpxtpx:hr>165</gpxtpx:hr>
      <gpxtpx:cad>87</gpxtpx:cad>
     </gpxtpx:TrackPointExtension>
    </extensions>
   </trkpt>
   <trkpt lat="55.7193730" lon="37.5526520">
    <ele>124.2</ele>
    <time>2026-05-29T04:54:17Z</time>
    <extensions>
     <power>457</power>
     <gpxtpx:TrackPointExtension>
      <gpxtpx:hr>165</gpxtpx:hr>
      <gpxtpx:cad>87</gpxtpx:cad>
     </gpxtpx:TrackPointExtension>
    </extensions>
   </trkpt>
   <trkpt lat="55.7194070" lon="37.5526210">
    <ele>124.2</ele>
    <time>2026-05-29T04:54:18Z</time>
    <extensions>
     <power>457</power>
     <gpxtpx:TrackPointExtension>
      <gpxtpx:hr>165</gpxtpx:hr>
      <gpxtpx:cad>87</gpxtpx:cad>
     </gpxtpx:TrackPointExtension>
    </extensions>
   </trkpt>
   <trkpt lat="55.7194310" lon="37.5525980">
    <ele>124.2</ele>
    <time>2026-05-29T04:54:19Z</time>
    <extensions>
     <power>456</power>
     <gpxtpx:TrackPointExtension>
      <gpxtpx:hr>164</gpxtpx:hr>
      <gpxtpx:cad>87</gpxtpx:cad>
     </gpxtpx:TrackPointExtension>
    </extensions>
   </trkpt>
   <trkpt lat="55.7194520" lon="37.5525720">
    <ele>124.2</ele>
    <time>2026-05-29T04:54:20Z</time>
    <extensions>
     <power>451</power>
     <gpxtpx:TrackPointExtension>
      <gpxtpx:hr>165</gpxtpx:hr>
      <gpxtpx:cad>87</gpxtpx:cad>
     </gpxtpx:TrackPointExtension>
    </extensions>
   </trkpt>
   <trkpt lat="55.7194840" lon="37.5525220">
    <ele>124.2</ele>
    <time>2026-05-29T04:54:21Z</time>
    <extensions>
     <power>449</power>
     <gpxtpx:TrackPointExtension>
      <gpxtpx:hr>165</gpxtpx:hr>
      <gpxtpx:cad>87</gpxtpx:cad>
     </gpxtpx:TrackPointExtension>
    </extensions>
   </trkpt>
   <trkpt lat="55.7195050" lon="37.5524830">
    <ele>124.2</ele>
    <time>2026-05-29T04:54:22Z</time>
    <extensions>
     <power>449</power>
     <gpxtpx:TrackPointExtension>
      <gpxtpx:hr>165</gpxtpx:hr>
      <gpxtpx:cad>87</gpxtpx:cad>
     </gpxtpx:TrackPointExtension>
    </extensions>
   </trkpt>
   <trkpt lat="55.7195240" lon="37.5524510">
    <ele>124.2</ele>
    <time>2026-05-29T04:54:23Z</time>
    <extensions>
     <power>451</power>
     <gpxtpx:TrackPointExtension>
      <gpxtpx:hr>165</gpxtpx:hr>
      <gpxtpx:cad>87</gpxtpx:cad>
     </gpxtpx:TrackPointExtension>
    </extensions>
   </trkpt>
   <trkpt lat="55.7195630" lon="37.5523800">
    <ele>124.2</ele>
    <time>2026-05-29T04:54:24Z</time>
    <extensions>
     <power>462</power>
     <gpxtpx:TrackPointExtension>
      <gpxtpx:hr>164</gpxtpx:hr>
      <gpxtpx:cad>87</gpxtpx:cad>
     </gpxtpx:TrackPointExtension>
    </extensions>
   </trkpt>
   <trkpt lat="55.7195750" lon="37.5523590">
    <ele>124.2</ele>
    <time>2026-05-29T04:54:25Z</time>
    <extensions>
     <power>467</power>
     <gpxtpx:TrackPointExtension>
      <gpxtpx:hr>165</gpxtpx:hr>
      <gpxtpx:cad>87</gpxtpx:cad>
     </gpxtpx:TrackPointExtension>
    </extensions>
   </trkpt>
   <trkpt lat="55.7196110" lon="37.5522940">
    <ele>124.2</ele>
    <time>2026-05-29T04:54:26Z</time>
    <extensions>
     <power>468</power>
     <gpxtpx:TrackPointExtension>
      <gpxtpx:hr>165</gpxtpx:hr>
      <gpxtpx:cad>86</gpxtpx:cad>
     </gpxtpx:TrackPointExtension>
    </extensions>
   </trkpt>
   <trkpt lat="55.7196230" lon="37.5522720">
    <ele>124.2</ele>
    <time>2026-05-29T04:54:27Z</time>
    <extensions>
     <power>468</power>
     <gpxtpx:TrackPointExtension>
      <gpxtpx:hr>165</gpxtpx:hr>
      <gpxtpx:cad>86</gpxtpx:cad>
     </gpxtpx:TrackPointExtension>
    </extensions>
   </trkpt>
   <trkpt lat="55.7196580" lon="37.5522100">
    <ele>124.2</ele>
    <time>2026-05-29T04:54:28Z</time>
    <extensions>
     <power>467</power>
     <gpxtpx:TrackPointExtension>
      <gpxtpx:hr>166</gpxtpx:hr>
      <gpxtpx:cad>86</gpxtpx:cad>
     </gpxtpx:TrackPointExtension>
    </extensions>
   </trkpt>
   <trkpt lat="55.7196780" lon="37.5521750">
    <ele>124.2</ele>
    <time>2026-05-29T04:54:29Z</time>
    <extensions>
     <power>469</power>
     <gpxtpx:TrackPointExtension>
      <gpxtpx:hr>165</gpxtpx:hr>
      <gpxtpx:cad>86</gpxtpx:cad>
     </gpxtpx:TrackPointExtension>
    </extensions>
   </trkpt>
   <trkpt lat="55.7197050" lon="37.5521270">
    <ele>124.2</ele>
    <time>2026-05-29T04:54:30Z</time>
    <extensions>
     <power>469</power>
     <gpxtpx:TrackPointExtension>
      <gpxtpx:hr>166</gpxtpx:hr>
      <gpxtpx:cad>86</gpxtpx:cad>
     </gpxtpx:TrackPointExtension>
    </extensions>
   </trkpt>
   <trkpt lat="55.7197340" lon="37.5520750">
    <ele>124.2</ele>
    <time>2026-05-29T04:54:31Z</time>
    <extensions>
     <power>466</power>
     <gpxtpx:TrackPointExtension>
      <gpxtpx:hr>166</gpxtpx:hr>
      <gpxtpx:cad>87</gpxtpx:cad>
     </gpxtpx:TrackPointExtension>
    </extensions>
   </trkpt>
   <trkpt lat="55.7197490" lon="37.5520480">
    <ele>124.2</ele>
    <time>2026-05-29T04:54:32Z</time>
    <extensions>
     <power>467</power>
     <gpxtpx:TrackPointExtension>
      <gpxtpx:hr>165</gpxtpx:hr>
      <gpxtpx:cad>87</gpxtpx:cad>
     </gpxtpx:TrackPointExtension>
    </extensions>
   </trkpt>
   <trkpt lat="55.7197850" lon="37.5519820">
    <ele>124.2</ele>
    <time>2026-05-29T04:54:33Z</time>
    <extensions>
     <power>473</power>
     <gpxtpx:TrackPointExtension>
      <gpxtpx:hr>164</gpxtpx:hr>
      <gpxtpx:cad>87</gpxtpx:cad>
     </gpxtpx:TrackPointExtension>
    </extensions>
   </trkpt>
   <trkpt lat="55.7198130" lon="37.5519340">
    <ele>124.2</ele>
    <time>2026-05-29T04:54:34Z</time>
    <extensions>
     <power>477</power>
     <gpxtpx:TrackPointExtension>
      <gpxtpx:hr>165</gpxtpx:hr>
      <gpxtpx:cad>87</gpxtpx:cad>
     </gpxtpx:TrackPointExtension>
    </extensions>
   </trkpt>
   <trkpt lat="55.7198310" lon="37.5519010">
    <ele>124.2</ele>
    <time>2026-05-29T04:54:35Z</time>
    <extensions>
     <power>479</power>
     <gpxtpx:TrackPointExtension>
      <gpxtpx:hr>165</gpxtpx:hr>
      <gpxtpx:cad>86</gpxtpx:cad>
     </gpxtpx:TrackPointExtension>
    </extensions>
   </trkpt>
   <trkpt lat="55.7198470" lon="37.5518730">
    <ele>124.2</ele>
    <time>2026-05-29T04:54:36Z</time>
    <extensions>
     <power>481</power>
     <gpxtpx:TrackPointExtension>
      <gpxtpx:hr>165</gpxtpx:hr>
      <gpxtpx:cad>86</gpxtpx:cad>
     </gpxtpx:TrackPointExtension>
    </extensions>
   </trkpt>
   <trkpt lat="55.7198760" lon="37.5518200">
    <ele>124.2</ele>
    <time>2026-05-29T04:54:37Z</time>
    <extensions>
     <power>478</power>
     <gpxtpx:TrackPointExtension>
      <gpxtpx:hr>165</gpxtpx:hr>
      <gpxtpx:cad>86</gpxtpx:cad>
     </gpxtpx:TrackPointExtension>
    </extensions>
   </trkpt>
   <trkpt lat="55.7198940" lon="37.5517870">
    <ele>124.2</ele>
    <time>2026-05-29T04:54:38Z</time>
    <extensions>
     <power>475</power>
     <gpxtpx:TrackPointExtension>
      <gpxtpx:hr>165</gpxtpx:hr>
      <gpxtpx:cad>86</gpxtpx:cad>
     </gpxtpx:TrackPointExtension>
    </extensions>
   </trkpt>
   <trkpt lat="55.7199180" lon="37.5517450">
    <ele>124.2</ele>
    <time>2026-05-29T04:54:39Z</time>
    <extensions>
     <power>473</power>
     <gpxtpx:TrackPointExtension>
      <gpxtpx:hr>165</gpxtpx:hr>
      <gpxtpx:cad>86</gpxtpx:cad>
     </gpxtpx:TrackPointExtension>
    </extensions>
   </trkpt>
   <trkpt lat="55.7199500" lon="37.5516870">
    <ele>124.2</ele>
    <time>2026-05-29T04:54:40Z</time>
    <extensions>
     <power>467</power>
     <gpxtpx:TrackPointExtension>
      <gpxtpx:hr>164</gpxtpx:hr>
      <gpxtpx:cad>86</gpxtpx:cad>
     </gpxtpx:TrackPointExtension>
    </extensions>
   </trkpt>
   <trkpt lat="55.7199800" lon="37.5516340">
    <ele>124.2</ele>
    <time>2026-05-29T04:54:41Z</time>
    <extensions>
     <power>461</power>
     <gpxtpx:TrackPointExtension>
      <gpxtpx:hr>164</gpxtpx:hr>
      <gpxtpx:cad>86</gpxtpx:cad>
     </gpxtpx:TrackPointExtension>
    </extensions>
   </trkpt>
   <trkpt lat="55.7200000" lon="37.5515970">
    <ele>124.2</ele>
    <time>2026-05-29T04:54:42Z</time>
    <extensions>
     <power>463</power>
     <gpxtpx:TrackPointExtension>
      <gpxtpx:hr>165</gpxtpx:hr>
      <gpxtpx:cad>86</gpxtpx:cad>
     </gpxtpx:TrackPointExtension>
    </extensions>
   </trkpt>
   <trkpt lat="55.7200120" lon="37.5515760">
    <ele>124.2</ele>
    <time>2026-05-29T04:54:43Z</time>
    <extensions>
     <power>462</power>
     <gpxtpx:TrackPointExtension>
      <gpxtpx:hr>165</gpxtpx:hr>
      <gpxtpx:cad>86</gpxtpx:cad>
     </gpxtpx:TrackPointExtension>
    </extensions>
   </trkpt>
   <trkpt lat="55.7200340" lon="37.5515370">
    <ele>124.2</ele>
    <time>2026-05-29T04:54:44Z</time>
    <extensions>
     <power>460</power>
     <gpxtpx:TrackPointExtension>
      <gpxtpx:hr>165</gpxtpx:hr>
      <gpxtpx:cad>86</gpxtpx:cad>
     </gpxtpx:TrackPointExtension>
    </extensions>
   </trkpt>
   <trkpt lat="55.7200580" lon="37.5514890">
    <ele>124.2</ele>
    <time>2026-05-29T04:54:45Z</time>
    <extensions>
     <power>459</power>
     <gpxtpx:TrackPointExtension>
      <gpxtpx:hr>164</gpxtpx:hr>
      <gpxtpx:cad>86</gpxtpx:cad>
     </gpxtpx:TrackPointExtension>
    </extensions>
   </trkpt>
   <trkpt lat="55.7200790" lon="37.5514360">
    <ele>124.2</ele>
    <time>2026-05-29T04:54:46Z</time>
    <extensions>
     <power>453</power>
     <gpxtpx:TrackPointExtension>
      <gpxtpx:hr>164</gpxtpx:hr>
      <gpxtpx:cad>87</gpxtpx:cad>
     </gpxtpx:TrackPointExtension>
    </extensions>
   </trkpt>
   <trkpt lat="55.7200920" lon="37.5514000">
    <ele>124.2</ele>
    <time>2026-05-29T04:54:47Z</time>
    <extensions>
     <power>453</power>
     <gpxtpx:TrackPointExtension>
      <gpxtpx:hr>163</gpxtpx:hr>
      <gpxtpx:cad>86</gpxtpx:cad>
     </gpxtpx:TrackPointExtension>
    </extensions>
   </trkpt>
   <trkpt lat="55.7201020" lon="37.5513630">
    <ele>124.2</ele>
    <time>2026-05-29T04:54:48Z</time>
    <extensions>
     <power>456</power>
     <gpxtpx:TrackPointExtension>
      <gpxtpx:hr>164</gpxtpx:hr>
      <gpxtpx:cad>86</gpxtpx:cad>
     </gpxtpx:TrackPointExtension>
    </extensions>
   </trkpt>
   <trkpt lat="55.7201160" lon="37.5512920">
    <ele>124.2</ele>
    <time>2026-05-29T04:54:49Z</time>
    <extensions>
     <power>454</power>
     <gpxtpx:TrackPointExtension>
      <gpxtpx:hr>165</gpxtpx:hr>
      <gpxtpx:cad>85</gpxtpx:cad>
     </gpxtpx:TrackPointExtension>
    </extensions>
   </trkpt>
   <trkpt lat="55.7201220" lon="37.5512610">
    <ele>124.2</ele>
    <time>2026-05-29T04:54:50Z</time>
    <extensions>
     <power>439</power>
     <gpxtpx:TrackPointExtension>
      <gpxtpx:hr>165</gpxtpx:hr>
      <gpxtpx:cad>85</gpxtpx:cad>
     </gpxtpx:TrackPointExtension>
    </extensions>
   </trkpt>
   <trkpt lat="55.7201280" lon="37.5511900">
    <ele>124.2</ele>
    <time>2026-05-29T04:54:51Z</time>
    <extensions>
     <power>433</power>
     <gpxtpx:TrackPointExtension>
      <gpxtpx:hr>165</gpxtpx:hr>
      <gpxtpx:cad>85</gpxtpx:cad>
     </gpxtpx:TrackPointExtension>
    </extensions>
   </trkpt>
   <trkpt lat="55.7201300" lon="37.5511540">
    <ele>124.2</ele>
    <time>2026-05-29T04:54:52Z</time>
    <extensions>
     <power>421</power>
     <gpxtpx:TrackPointExtension>
      <gpxtpx:hr>164</gpxtpx:hr>
      <gpxtpx:cad>85</gpxtpx:cad>
     </gpxtpx:TrackPointExtension>
    </extensions>
   </trkpt>
   <trkpt lat="55.7201300" lon="37.5510980">
    <ele>124.2</ele>
    <time>2026-05-29T04:54:53Z</time>
    <extensions>
     <power>402</power>
     <gpxtpx:TrackPointExtension>
      <gpxtpx:hr>164</gpxtpx:hr>
      <gpxtpx:cad>85</gpxtpx:cad>
     </gpxtpx:TrackPointExtension>
    </extensions>
   </trkpt>
   <trkpt lat="55.7201260" lon="37.5510430">
    <ele>124.2</ele>
    <time>2026-05-29T04:54:54Z</time>
    <extensions>
     <power>405</power>
     <gpxtpx:TrackPointExtension>
      <gpxtpx:hr>164</gpxtpx:hr>
      <gpxtpx:cad>85</gpxtpx:cad>
     </gpxtpx:TrackPointExtension>
    </extensions>
   </trkpt>
   <trkpt lat="55.7201220" lon="37.5510020">
    <ele>124.2</ele>
    <time>2026-05-29T04:54:55Z</time>
    <extensions>
     <power>409</power>
     <gpxtpx:TrackPointExtension>
      <gpxtpx:hr>164</gpxtpx:hr>
      <gpxtpx:cad>85</gpxtpx:cad>
     </gpxtpx:TrackPointExtension>
    </extensions>
   </trkpt>
   <trkpt lat="55.7201100" lon="37.5509270">
    <ele>124.2</ele>
    <time>2026-05-29T04:54:56Z</time>
    <extensions>
     <power>413</power>
     <gpxtpx:TrackPointExtension>
      <gpxtpx:hr>164</gpxtpx:hr>
      <gpxtpx:cad>85</gpxtpx:cad>
     </gpxtpx:TrackPointExtension>
    </extensions>
   </trkpt>
   <trkpt lat="55.7201040" lon="37.5509050">
    <ele>124.2</ele>
    <time>2026-05-29T04:54:57Z</time>
    <extensions>
     <power>413</power>
     <gpxtpx:TrackPointExtension>
      <gpxtpx:hr>163</gpxtpx:hr>
      <gpxtpx:cad>85</gpxtpx:cad>
     </gpxtpx:TrackPointExtension>
    </extensions>
   </trkpt>
   <trkpt lat="55.7200880" lon="37.5508460">
    <ele>124.2</ele>
    <time>2026-05-29T04:54:58Z</time>
    <extensions>
     <power>397</power>
     <gpxtpx:TrackPointExtension>
      <gpxtpx:hr>164</gpxtpx:hr>
      <gpxtpx:cad>85</gpxtpx:cad>
     </gpxtpx:TrackPointExtension>
    </extensions>
   </trkpt>
   <trkpt lat="55.7200750" lon="37.5508120">
    <ele>124.2</ele>
    <time>2026-05-29T04:54:59Z</time>
    <extensions>
     <power>384</power>
     <gpxtpx:TrackPointExtension>
      <gpxtpx:hr>165</gpxtpx:hr>
      <gpxtpx:cad>86</gpxtpx:cad>
     </gpxtpx:TrackPointExtension>
    </extensions>
   </trkpt>
   <trkpt lat="55.7200550" lon="37.5507650">
    <ele>124.2</ele>
    <time>2026-05-29T04:55:00Z</time>
    <extensions>
     <power>386</power>
     <gpxtpx:TrackPointExtension>
      <gpxtpx:hr>164</gpxtpx:hr>
      <gpxtpx:cad>86</gpxtpx:cad>
     </gpxtpx:TrackPointExtension>
    </extensions>
   </trkpt>
   <trkpt lat="55.7200370" lon="37.5507260">
    <ele>124.2</ele>
    <time>2026-05-29T04:55:01Z</time>
    <extensions>
     <power>385</power>
     <gpxtpx:TrackPointExtension>
      <gpxtpx:hr>164</gpxtpx:hr>
      <gpxtpx:cad>87</gpxtpx:cad>
     </gpxtpx:TrackPointExtension>
    </extensions>
   </trkpt>
   <trkpt lat="55.7200180" lon="37.5506970">
    <ele>124.2</ele>
    <time>2026-05-29T04:55:02Z</time>
    <extensions>
     <power>379</power>
     <gpxtpx:TrackPointExtension>
      <gpxtpx:hr>164</gpxtpx:hr>
      <gpxtpx:cad>87</gpxtpx:cad>
     </gpxtpx:TrackPointExtension>
    </extensions>
   </trkpt>
   <trkpt lat="55.7199930" lon="37.5506630">
    <ele>124.2</ele>
    <time>2026-05-29T04:55:03Z</time>
    <extensions>
     <power>379</power>
     <gpxtpx:TrackPointExtension>
      <gpxtpx:hr>163</gpxtpx:hr>
      <gpxtpx:cad>87</gpxtpx:cad>
     </gpxtpx:TrackPointExtension>
    </extensions>
   </trkpt>
   <trkpt lat="55.7199720" lon="37.5506380">
    <ele>124.2</ele>
    <time>2026-05-29T04:55:04Z</time>
    <extensions>
     <power>380</power>
     <gpxtpx:TrackPointExtension>
      <gpxtpx:hr>164</gpxtpx:hr>
      <gpxtpx:cad>87</gpxtpx:cad>
     </gpxtpx:TrackPointExtension>
    </extensions>
   </trkpt>
   <trkpt lat="55.7199360" lon="37.5506070">
    <ele>124.2</ele>
    <time>2026-05-29T04:55:05Z</time>
    <extensions>
     <power>380</power>
     <gpxtpx:TrackPointExtension>
      <gpxtpx:hr>164</gpxtpx:hr>
      <gpxtpx:cad>87</gpxtpx:cad>
     </gpxtpx:TrackPointExtension>
    </extensions>
   </trkpt>
   <trkpt lat="55.7199280" lon="37.5506000">
    <ele>124.2</ele>
    <time>2026-05-29T04:55:06Z</time>
    <extensions>
     <power>405</power>
     <gpxtpx:TrackPointExtension>
      <gpxtpx:hr>163</gpxtpx:hr>
      <gpxtpx:cad>86</gpxtpx:cad>
     </gpxtpx:TrackPointExtension>
    </extensions>
   </trkpt>
   <trkpt lat="55.7198870" lon="37.5505770">
    <ele>124.2</ele>
    <time>2026-05-29T04:55:07Z</time>
    <extensions>
     <power>398</power>
     <gpxtpx:TrackPointExtension>
      <gpxtpx:hr>163</gpxtpx:hr>
      <gpxtpx:cad>86</gpxtpx:cad>
     </gpxtpx:TrackPointExtension>
    </extensions>
   </trkpt>
   <trkpt lat="55.7198710" lon="37.5505700">
    <ele>124.2</ele>
    <time>2026-05-29T04:55:08Z</time>
    <extensions>
     <power>399</power>
     <gpxtpx:TrackPointExtension>
      <gpxtpx:hr>163</gpxtpx:hr>
      <gpxtpx:cad>86</gpxtpx:cad>
     </gpxtpx:TrackPointExtension>
    </extensions>
   </trkpt>
   <trkpt lat="55.7198360" lon="37.5505620">
    <ele>124.2</ele>
    <time>2026-05-29T04:55:09Z</time>
    <extensions>
     <power>394</power>
     <gpxtpx:TrackPointExtension>
      <gpxtpx:hr>162</gpxtpx:hr>
      <gpxtpx:cad>85</gpxtpx:cad>
     </gpxtpx:TrackPointExtension>
    </extensions>
   </trkpt>
   <trkpt lat="55.7198080" lon="37.5505610">
    <ele>124.2</ele>
    <time>2026-05-29T04:55:10Z</time>
    <extensions>
     <power>394</power>
     <gpxtpx:TrackPointExtension>
      <gpxtpx:hr>163</gpxtpx:hr>
      <gpxtpx:cad>85</gpxtpx:cad>
     </gpxtpx:TrackPointExtension>
    </extensions>
   </trkpt>
   <trkpt lat="55.7197880" lon="37.5505610">
    <ele>124.2</ele>
    <time>2026-05-29T04:55:11Z</time>
    <extensions>
     <power>390</power>
     <gpxtpx:TrackPointExtension>
      <gpxtpx:hr>164</gpxtpx:hr>
      <gpxtpx:cad>85</gpxtpx:cad>
     </gpxtpx:TrackPointExtension>
    </extensions>
   </trkpt>
   <trkpt lat="55.7197370" lon="37.5505740">
    <ele>124.2</ele>
    <time>2026-05-29T04:55:12Z</time>
    <extensions>
     <power>390</power>
     <gpxtpx:TrackPointExtension>
      <gpxtpx:hr>163</gpxtpx:hr>
      <gpxtpx:cad>85</gpxtpx:cad>
     </gpxtpx:TrackPointExtension>
    </extensions>
   </trkpt>
   <trkpt lat="55.7197050" lon="37.5505930">
    <ele>124.2</ele>
    <time>2026-05-29T04:55:13Z</time>
    <extensions>
     <power>389</power>
     <gpxtpx:TrackPointExtension>
      <gpxtpx:hr>163</gpxtpx:hr>
      <gpxtpx:cad>85</gpxtpx:cad>
     </gpxtpx:TrackPointExtension>
    </extensions>
   </trkpt>
   <trkpt lat="55.7196860" lon="37.5506040">
    <ele>124.2</ele>
    <time>2026-05-29T04:55:14Z</time>
    <extensions>
     <power>386</power>
     <gpxtpx:TrackPointExtension>
      <gpxtpx:hr>163</gpxtpx:hr>
      <gpxtpx:cad>85</gpxtpx:cad>
     </gpxtpx:TrackPointExtension>
    </extensions>
   </trkpt>
   <trkpt lat="55.7196540" lon="37.5506310">
    <ele>124.2</ele>
    <time>2026-05-29T04:55:15Z</time>
    <extensions>
     <power>385</power>
     <gpxtpx:TrackPointExtension>
      <gpxtpx:hr>162</gpxtpx:hr>
      <gpxtpx:cad>85</gpxtpx:cad>
     </gpxtpx:TrackPointExtension>
    </extensions>
   </trkpt>
   <trkpt lat="55.7196060" lon="37.5506900">
    <ele>124.2</ele>
    <time>2026-05-29T04:55:16Z</time>
    <extensions>
     <power>389</power>
     <gpxtpx:TrackPointExtension>
      <gpxtpx:hr>163</gpxtpx:hr>
      <gpxtpx:cad>85</gpxtpx:cad>
     </gpxtpx:TrackPointExtension>
    </extensions>
   </trkpt>
   <trkpt lat="55.7195920" lon="37.5507110">
    <ele>124.2</ele>
    <time>2026-05-29T04:55:17Z</time>
    <extensions>
     <power>393</power>
     <gpxtpx:TrackPointExtension>
      <gpxtpx:hr>163</gpxtpx:hr>
      <gpxtpx:cad>85</gpxtpx:cad>
     </gpxtpx:TrackPointExtension>
    </extensions>
   </trkpt>
   <trkpt lat="55.7195530" lon="37.5507790">
    <ele>124.2</ele>
    <time>2026-05-29T04:55:18Z</time>
    <extensions>
     <power>412</power>
     <gpxtpx:TrackPointExtension>
      <gpxtpx:hr>162</gpxtpx:hr>
      <gpxtpx:cad>90</gpxtpx:cad>
     </gpxtpx:TrackPointExtension>
    </extensions>
   </trkpt>
   <trkpt lat="55.7195390" lon="37.5508050">
    <ele>124.2</ele>
    <time>2026-05-29T04:55:19Z</time>
    <extensions>
     <power>414</power>
     <gpxtpx:TrackPointExtension>
      <gpxtpx:hr>162</gpxtpx:hr>
      <gpxtpx:cad>89</gpxtpx:cad>
     </gpxtpx:TrackPointExtension>
    </extensions>
   </trkpt>
   <trkpt lat="55.7194970" lon="37.5508790">
    <ele>124.2</ele>
    <time>2026-05-29T04:55:20Z</time>
    <extensions>
     <power>421</power>
     <gpxtpx:TrackPointExtension>
      <gpxtpx:hr>163</gpxtpx:hr>
      <gpxtpx:cad>89</gpxtpx:cad>
     </gpxtpx:TrackPointExtension>
    </extensions>
   </trkpt>
   <trkpt lat="55.7194790" lon="37.5509120">
    <ele>124.2</ele>
    <time>2026-05-29T04:55:21Z</time>
    <extensions>
     <power>428</power>
     <gpxtpx:TrackPointExtension>
      <gpxtpx:hr>163</gpxtpx:hr>
      <gpxtpx:cad>89</gpxtpx:cad>
     </gpxtpx:TrackPointExtension>
    </extensions>
   </trkpt>
   <trkpt lat="55.7194460" lon="37.5509700">
    <ele>124.2</ele>
    <time>2026-05-29T04:55:22Z</time>
    <extensions>
     <power>459</power>
     <gpxtpx:TrackPointExtension>
      <gpxtpx:hr>163</gpxtpx:hr>
      <gpxtpx:cad>88</gpxtpx:cad>
     </gpxtpx:TrackPointExtension>
    </extensions>
   </trkpt>
   <trkpt lat="55.7194270" lon="37.5510050">
    <ele>124.2</ele>
    <time>2026-05-29T04:55:23Z</time>
    <extensions>
     <power>473</power>
     <gpxtpx:TrackPointExtension>
      <gpxtpx:hr>162</gpxtpx:hr>
      <gpxtpx:cad>87</gpxtpx:cad>
     </gpxtpx:TrackPointExtension>
    </extensions>
   </trkpt>
   <trkpt lat="55.7194070" lon="37.5510410">
    <ele>124.2</ele>
    <time>2026-05-29T04:55:24Z</time>
    <extensions>
     <power>464</power>
     <gpxtpx:TrackPointExtension>
      <gpxtpx:hr>164</gpxtpx:hr>
      <gpxtpx:cad>87</gpxtpx:cad>
     </gpxtpx:TrackPointExtension>
    </extensions>
   </trkpt>
   <trkpt lat="55.7193740" lon="37.5510990">
    <ele>124.2</ele>
    <time>2026-05-29T04:55:25Z</time>
    <extensions>
     <power>449</power>
     <gpxtpx:TrackPointExtension>
      <gpxtpx:hr>164</gpxtpx:hr>
      <gpxtpx:cad>87</gpxtpx:cad>
     </gpxtpx:TrackPointExtension>
    </extensions>
   </trkpt>
   <trkpt lat="55.7193510" lon="37.5511400">
    <ele>124.2</ele>
    <time>2026-05-29T04:55:26Z</time>
    <extensions>
     <power>427</power>
     <gpxtpx:TrackPointExtension>
      <gpxtpx:hr>164</gpxtpx:hr>
      <gpxtpx:cad>88</gpxtpx:cad>
     </gpxtpx:TrackPointExtension>
    </extensions>
   </trkpt>
   <trkpt lat="55.7193220" lon="37.5511930">
    <ele>124.2</ele>
    <time>2026-05-29T04:55:27Z</time>
    <extensions>
     <power>427</power>
     <gpxtpx:TrackPointExtension>
      <gpxtpx:hr>163</gpxtpx:hr>
      <gpxtpx:cad>88</gpxtpx:cad>
     </gpxtpx:TrackPointExtension>
    </extensions>
   </trkpt>
   <trkpt lat="55.7193090" lon="37.5512160">
    <ele>124.2</ele>
    <time>2026-05-29T04:55:28Z</time>
    <extensions>
     <power>429</power>
     <gpxtpx:TrackPointExtension>
      <gpxtpx:hr>163</gpxtpx:hr>
      <gpxtpx:cad>88</gpxtpx:cad>
     </gpxtpx:TrackPointExtension>
    </extensions>
   </trkpt>
   <trkpt lat="55.7192670" lon="37.5512900">
    <ele>124.2</ele>
    <time>2026-05-29T04:55:29Z</time>
    <extensions>
     <power>443</power>
     <gpxtpx:TrackPointExtension>
      <gpxtpx:hr>163</gpxtpx:hr>
      <gpxtpx:cad>88</gpxtpx:cad>
     </gpxtpx:TrackPointExtension>
    </extensions>
   </trkpt>
   <trkpt lat="55.7192500" lon="37.5513210">
    <ele>124.2</ele>
    <time>2026-05-29T04:55:30Z</time>
    <extensions>
     <power>454</power>
     <gpxtpx:TrackPointExtension>
      <gpxtpx:hr>165</gpxtpx:hr>
      <gpxtpx:cad>88</gpxtpx:cad>
     </gpxtpx:TrackPointExtension>
    </extensions>
   </trkpt>
   <trkpt lat="55.7192140" lon="37.5513860">
    <ele>124.2</ele>
    <time>2026-05-29T04:55:31Z</time>
    <extensions>
     <power>464</power>
     <gpxtpx:TrackPointExtension>
      <gpxtpx:hr>165</gpxtpx:hr>
      <gpxtpx:cad>87</gpxtpx:cad>
     </gpxtpx:TrackPointExtension>
    </extensions>
   </trkpt>
   <trkpt lat="55.7191970" lon="37.5514150">
    <ele>124.2</ele>
    <time>2026-05-29T04:55:32Z</time>
    <extensions>
     <power>465</power>
     <gpxtpx:TrackPointExtension>
      <gpxtpx:hr>165</gpxtpx:hr>
      <gpxtpx:cad>87</gpxtpx:cad>
     </gpxtpx:TrackPointExtension>
    </extensions>
   </trkpt>
   <trkpt lat="55.7191650" lon="37.5514740">
    <ele>124.2</ele>
    <time>2026-05-29T04:55:33Z</time>
    <extensions>
     <power>460</power>
     <gpxtpx:TrackPointExtension>
      <gpxtpx:hr>165</gpxtpx:hr>
      <gpxtpx:cad>87</gpxtpx:cad>
     </gpxtpx:TrackPointExtension>
    </extensions>
   </trkpt>
   <trkpt lat="55.7191440" lon="37.5515110">
    <ele>124.2</ele>
    <time>2026-05-29T04:55:34Z</time>
    <extensions>
     <power>453</power>
     <gpxtpx:TrackPointExtension>
      <gpxtpx:hr>164</gpxtpx:hr>
      <gpxtpx:cad>87</gpxtpx:cad>
     </gpxtpx:TrackPointExtension>
    </extensions>
   </trkpt>
   <trkpt lat="55.7191180" lon="37.5515570">
    <ele>124.2</ele>
    <time>2026-05-29T04:55:35Z</time>
    <extensions>
     <power>438</power>
     <gpxtpx:TrackPointExtension>
      <gpxtpx:hr>165</gpxtpx:hr>
      <gpxtpx:cad>87</gpxtpx:cad>
     </gpxtpx:TrackPointExtension>
    </extensions>
   </trkpt>
   <trkpt lat="55.7190860" lon="37.5516140">
    <ele>124.2</ele>
    <time>2026-05-29T04:55:36Z</time>
    <extensions>
     <power>438</power>
     <gpxtpx:TrackPointExtension>
      <gpxtpx:hr>165</gpxtpx:hr>
      <gpxtpx:cad>87</gpxtpx:cad>
     </gpxtpx:TrackPointExtension>
    </extensions>
   </trkpt>
   <trkpt lat="55.7190590" lon="37.5516630">
    <ele>124.2</ele>
    <time>2026-05-29T04:55:37Z</time>
    <extensions>
     <power>439</power>
     <gpxtpx:TrackPointExtension>
      <gpxtpx:hr>166</gpxtpx:hr>
      <gpxtpx:cad>87</gpxtpx:cad>
     </gpxtpx:TrackPointExtension>
    </extensions>
   </trkpt>
   <trkpt lat="55.7190300" lon="37.5517140">
    <ele>124.2</ele>
    <time>2026-05-29T04:55:38Z</time>
    <extensions>
     <power>465</power>
     <gpxtpx:TrackPointExtension>
      <gpxtpx:hr>165</gpxtpx:hr>
      <gpxtpx:cad>87</gpxtpx:cad>
     </gpxtpx:TrackPointExtension>
    </extensions>
   </trkpt>
   <trkpt lat="55.7190170" lon="37.5517410">
    <ele>124.2</ele>
    <time>2026-05-29T04:55:39Z</time>
    <extensions>
     <power>471</power>
     <gpxtpx:TrackPointExtension>
      <gpxtpx:hr>165</gpxtpx:hr>
      <gpxtpx:cad>87</gpxtpx:cad>
     </gpxtpx:TrackPointExtension>
    </extensions>
   </trkpt>
   <trkpt lat="55.7189860" lon="37.5518140">
    <ele>124.2</ele>
    <time>2026-05-29T04:55:40Z</time>
    <extensions>
     <power>460</power>
     <gpxtpx:TrackPointExtension>
      <gpxtpx:hr>164</gpxtpx:hr>
      <gpxtpx:cad>86</gpxtpx:cad>
     </gpxtpx:TrackPointExtension>
    </extensions>
   </trkpt>
   <trkpt lat="55.7189680" lon="37.5518730">
    <ele>124.2</ele>
    <time>2026-05-29T04:55:41Z</time>
    <extensions>
     <power>455</power>
     <gpxtpx:TrackPointExtension>
      <gpxtpx:hr>164</gpxtpx:hr>
      <gpxtpx:cad>86</gpxtpx:cad>
     </gpxtpx:TrackPointExtension>
    </extensions>
   </trkpt>
   <trkpt lat="55.7189560" lon="37.5519150">
    <ele>124.2</ele>
    <time>2026-05-29T04:55:42Z</time>
    <extensions>
     <power>452</power>
     <gpxtpx:TrackPointExtension>
      <gpxtpx:hr>165</gpxtpx:hr>
      <gpxtpx:cad>86</gpxtpx:cad>
     </gpxtpx:TrackPointExtension>
    </extensions>
   </trkpt>
   <trkpt lat="55.7189480" lon="37.5519620">
    <ele>124.2</ele>
    <time>2026-05-29T04:55:43Z</time>
    <extensions>
     <power>444</power>
     <gpxtpx:TrackPointExtension>
      <gpxtpx:hr>166</gpxtpx:hr>
      <gpxtpx:cad>86</gpxtpx:cad>
     </gpxtpx:TrackPointExtension>
    </extensions>
   </trkpt>
   <trkpt lat="55.7189390" lon="37.5520260">
    <ele>124.2</ele>
    <time>2026-05-29T04:55:44Z</time>
    <extensions>
     <power>447</power>
     <gpxtpx:TrackPointExtension>
      <gpxtpx:hr>165</gpxtpx:hr>
      <gpxtpx:cad>86</gpxtpx:cad>
     </gpxtpx:TrackPointExtension>
    </extensions>
   </trkpt>
   <trkpt lat="55.7189350" lon="37.5520800">
    <ele>124.2</ele>
    <time>2026-05-29T04:55:45Z</time>
    <extensions>
     <power>442</power>
     <gpxtpx:TrackPointExtension>
      <gpxtpx:hr>165</gpxtpx:hr>
      <gpxtpx:cad>86</gpxtpx:cad>
     </gpxtpx:TrackPointExtension>
    </extensions>
   </trkpt>
   <trkpt lat="55.7189350" lon="37.5521560">
    <ele>124.2</ele>
    <time>2026-05-29T04:55:46Z</time>
    <extensions>
     <power>443</power>
     <gpxtpx:TrackPointExtension>
      <gpxtpx:hr>165</gpxtpx:hr>
      <gpxtpx:cad>88</gpxtpx:cad>
     </gpxtpx:TrackPointExtension>
    </extensions>
   </trkpt>
   <trkpt lat="55.7189390" lon="37.5522130">
    <ele>124.2</ele>
    <time>2026-05-29T04:55:47Z</time>
    <extensions>
     <power>452</power>
     <gpxtpx:TrackPointExtension>
      <gpxtpx:hr>165</gpxtpx:hr>
      <gpxtpx:cad>88</gpxtpx:cad>
     </gpxtpx:TrackPointExtension>
    </extensions>
   </trkpt>
   <trkpt lat="55.7189450" lon="37.5522700">
    <ele>124.2</ele>
    <time>2026-05-29T04:55:48Z</time>
    <extensions>
     <power>450</power>
     <gpxtpx:TrackPointExtension>
      <gpxtpx:hr>166</gpxtpx:hr>
      <gpxtpx:cad>88</gpxtpx:cad>
     </gpxtpx:TrackPointExtension>
    </extensions>
   </trkpt>
   <trkpt lat="55.7189560" lon="37.5523300">
    <ele>124.2</ele>
    <time>2026-05-29T04:55:49Z</time>
    <extensions>
     <power>457</power>
     <gpxtpx:TrackPointExtension>
      <gpxtpx:hr>166</gpxtpx:hr>
      <gpxtpx:cad>88</gpxtpx:cad>
     </gpxtpx:TrackPointExtension>
    </extensions>
   </trkpt>
   <trkpt lat="55.7189650" lon="37.5523630">
    <ele>124.2</ele>
    <time>2026-05-29T04:55:50Z</time>
    <extensions>
     <power>450</power>
     <gpxtpx:TrackPointExtension>
      <gpxtpx:hr>165</gpxtpx:hr>
      <gpxtpx:cad>87</gpxtpx:cad>
     </gpxtpx:TrackPointExtension>
    </extensions>
   </trkpt>
   <trkpt lat="55.7189870" lon="37.5524340">
    <ele>124.2</ele>
    <time>2026-05-29T04:55:51Z</time>
    <extensions>
     <power>450</power>
     <gpxtpx:TrackPointExtension>
      <gpxtpx:hr>166</gpxtpx:hr>
      <gpxtpx:cad>87</gpxtpx:cad>
     </gpxtpx:TrackPointExtension>
    </extensions>
   </trkpt>
   <trkpt lat="55.7189980" lon="37.5524630">
    <ele>124.2</ele>
    <time>2026-05-29T04:55:52Z</time>
    <extensions>
     <power>454</power>
     <gpxtpx:TrackPointExtension>
      <gpxtpx:hr>165</gpxtpx:hr>
      <gpxtpx:cad>87</gpxtpx:cad>
     </gpxtpx:TrackPointExtension>
    </extensions>
   </trkpt>
   <trkpt lat="55.7190300" lon="37.5525290">
    <ele>124.2</ele>
    <time>2026-05-29T04:55:53Z</time>
    <extensions>
     <power>451</power>
     <gpxtpx:TrackPointExtension>
      <gpxtpx:hr>165</gpxtpx:hr>
      <gpxtpx:cad>87</gpxtpx:cad>
     </gpxtpx:TrackPointExtension>
    </extensions>
   </trkpt>
   <trkpt lat="55.7190430" lon="37.5525490">
    <ele>124.2</ele>
    <time>2026-05-29T04:55:54Z</time>
    <extensions>
     <power>451</power>
     <gpxtpx:TrackPointExtension>
      <gpxtpx:hr>165</gpxtpx:hr>
      <gpxtpx:cad>87</gpxtpx:cad>
     </gpxtpx:TrackPointExtension>
    </extensions>
   </trkpt>
   <trkpt lat="55.7190720" lon="37.5525900">
    <ele>124.2</ele>
    <time>2026-05-29T04:55:55Z</time>
    <extensions>
     <power>445</power>
     <gpxtpx:TrackPointExtension>
      <gpxtpx:hr>166</gpxtpx:hr>
      <gpxtpx:cad>87</gpxtpx:cad>
     </gpxtpx:TrackPointExtension>
    </extensions>
   </trkpt>
   <trkpt lat="55.7190970" lon="37.5526180">
    <ele>124.2</ele>
    <time>2026-05-29T04:55:56Z</time>
    <extensions>
     <power>440</power>
     <gpxtpx:TrackPointExtension>
      <gpxtpx:hr>167</gpxtpx:hr>
      <gpxtpx:cad>87</gpxtpx:cad>
     </gpxtpx:TrackPointExtension>
    </extensions>
   </trkpt>
   <trkpt lat="55.7191210" lon="37.5526390">
    <ele>124.2</ele>
    <time>2026-05-29T04:55:57Z</time>
    <extensions>
     <power>437</power>
     <gpxtpx:TrackPointExtension>
      <gpxtpx:hr>166</gpxtpx:hr>
      <gpxtpx:cad>87</gpxtpx:cad>
     </gpxtpx:TrackPointExtension>
    </extensions>
   </trkpt>
   <trkpt lat="55.7191670" lon="37.5526690">
    <ele>124.2</ele>
    <time>2026-05-29T04:55:58Z</time>
    <extensions>
     <power>439</power>
     <gpxtpx:TrackPointExtension>
      <gpxtpx:hr>166</gpxtpx:hr>
      <gpxtpx:cad>87</gpxtpx:cad>
     </gpxtpx:TrackPointExtension>
    </extensions>
   </trkpt>
   <trkpt lat="55.7191910" lon="37.5526810">
    <ele>124.2</ele>
    <time>2026-05-29T04:55:59Z</time>
    <extensions>
     <power>442</power>
     <gpxtpx:TrackPointExtension>
      <gpxtpx:hr>165</gpxtpx:hr>
      <gpxtpx:cad>87</gpxtpx:cad>
     </gpxtpx:TrackPointExtension>
    </extensions>
   </trkpt>
   <trkpt lat="55.7192370" lon="37.5526910">
    <ele>124.2</ele>
    <time>2026-05-29T04:56:00Z</time>
    <extensions>
     <power>446</power>
     <gpxtpx:TrackPointExtension>
      <gpxtpx:hr>165</gpxtpx:hr>
      <gpxtpx:cad>87</gpxtpx:cad>
     </gpxtpx:TrackPointExtension>
    </extensions>
   </trkpt>
   <trkpt lat="55.7192650" lon="37.5526910">
    <ele>124.2</ele>
    <time>2026-05-29T04:56:01Z</time>
    <extensions>
     <power>450</power>
     <gpxtpx:TrackPointExtension>
      <gpxtpx:hr>166</gpxtpx:hr>
      <gpxtpx:cad>87</gpxtpx:cad>
     </gpxtpx:TrackPointExtension>
    </extensions>
   </trkpt>
   <trkpt lat="55.7193230" lon="37.5526790">
    <ele>124.2</ele>
    <time>2026-05-29T04:56:02Z</time>
    <extensions>
     <power>468</power>
     <gpxtpx:TrackPointExtension>
      <gpxtpx:hr>166</gpxtpx:hr>
      <gpxtpx:cad>86</gpxtpx:cad>
     </gpxtpx:TrackPointExtension>
    </extensions>
   </trkpt>
   <trkpt lat="55.7193520" lon="37.5526640">
    <ele>124.2</ele>
    <time>2026-05-29T04:56:03Z</time>
    <extensions>
     <power>461</power>
     <gpxtpx:TrackPointExtension>
      <gpxtpx:hr>167</gpxtpx:hr>
      <gpxtpx:cad>86</gpxtpx:cad>
     </gpxtpx:TrackPointExtension>
    </extensions>
   </trkpt>
   <trkpt lat="55.7193890" lon="37.5526380">
    <ele>124.2</ele>
    <time>2026-05-29T04:56:04Z</time>
    <extensions>
     <power>460</power>
     <gpxtpx:TrackPointExtension>
      <gpxtpx:hr>167</gpxtpx:hr>
      <gpxtpx:cad>86</gpxtpx:cad>
     </gpxtpx:TrackPointExtension>
    </extensions>
   </trkpt>
   <trkpt lat="55.7194180" lon="37.5526120">
    <ele>124.2</ele>
    <time>2026-05-29T04:56:05Z</time>
    <extensions>
     <power>459</power>
     <gpxtpx:TrackPointExtension>
      <gpxtpx:hr>166</gpxtpx:hr>
      <gpxtpx:cad>86</gpxtpx:cad>
     </gpxtpx:TrackPointExtension>
    </extensions>
   </trkpt>
   <trkpt lat="55.7194500" lon="37.5525750">
    <ele>124.2</ele>
    <time>2026-05-29T04:56:06Z</time>
    <extensions>
     <power>456</power>
     <gpxtpx:TrackPointExtension>
      <gpxtpx:hr>166</gpxtpx:hr>
      <gpxtpx:cad>87</gpxtpx:cad>
     </gpxtpx:TrackPointExtension>
    </extensions>
   </trkpt>
   <trkpt lat="55.7194740" lon="37.5525370">
    <ele>124.2</ele>
    <time>2026-05-29T04:56:07Z</time>
    <extensions>
     <power>453</power>
     <gpxtpx:TrackPointExtension>
      <gpxtpx:hr>166</gpxtpx:hr>
      <gpxtpx:cad>87</gpxtpx:cad>
     </gpxtpx:TrackPointExtension>
    </extensions>
   </trkpt>
   <trkpt lat="55.7194970" lon="37.5524980">
    <ele>124.2</ele>
    <time>2026-05-29T04:56:08Z</time>
    <extensions>
     <power>454</power>
     <gpxtpx:TrackPointExtension>
      <gpxtpx:hr>165</gpxtpx:hr>
      <gpxtpx:cad>87</gpxtpx:cad>
     </gpxtpx:TrackPointExtension>
    </extensions>
   </trkpt>
   <trkpt lat="55.7195280" lon="37.5524430">
    <ele>124.2</ele>
    <time>2026-05-29T04:56:09Z</time>
    <extensions>
     <power>460</power>
     <gpxtpx:TrackPointExtension>
      <gpxtpx:hr>166</gpxtpx:hr>
      <gpxtpx:cad>87</gpxtpx:cad>
     </gpxtpx:TrackPointExtension>
    </extensions>
   </trkpt>
   <trkpt lat="55.7195440" lon="37.5524140">
    <ele>124.2</ele>
    <time>2026-05-29T04:56:10Z</time>
    <extensions>
     <power>461</power>
     <gpxtpx:TrackPointExtension>
      <gpxtpx:hr>166</gpxtpx:hr>
      <gpxtpx:cad>87</gpxtpx:cad>
     </gpxtpx:TrackPointExtension>
    </extensions>
   </trkpt>
   <trkpt lat="55.7195750" lon="37.5523590">
    <ele>124.2</ele>
    <time>2026-05-29T04:56:11Z</time>
    <extensions>
     <power>464</power>
     <gpxtpx:TrackPointExtension>
      <gpxtpx:hr>166</gpxtpx:hr>
      <gpxtpx:cad>87</gpxtpx:cad>
     </gpxtpx:TrackPointExtension>
    </extensions>
   </trkpt>
   <trkpt lat="55.7195910" lon="37.5523300">
    <ele>124.2</ele>
    <time>2026-05-29T04:56:12Z</time>
    <extensions>
     <power>464</power>
     <gpxtpx:TrackPointExtension>
      <gpxtpx:hr>165</gpxtpx:hr>
      <gpxtpx:cad>87</gpxtpx:cad>
     </gpxtpx:TrackPointExtension>
    </extensions>
   </trkpt>
   <trkpt lat="55.7196240" lon="37.5522710">
    <ele>124.2</ele>
    <time>2026-05-29T04:56:13Z</time>
    <extensions>
     <power>463</power>
     <gpxtpx:TrackPointExtension>
      <gpxtpx:hr>166</gpxtpx:hr>
      <gpxtpx:cad>87</gpxtpx:cad>
     </gpxtpx:TrackPointExtension>
    </extensions>
   </trkpt>
   <trkpt lat="55.7196440" lon="37.5522360">
    <ele>124.2</ele>
    <time>2026-05-29T04:56:14Z</time>
    <extensions>
     <power>463</power>
     <gpxtpx:TrackPointExtension>
      <gpxtpx:hr>166</gpxtpx:hr>
      <gpxtpx:cad>87</gpxtpx:cad>
     </gpxtpx:TrackPointExtension>
    </extensions>
   </trkpt>
   <trkpt lat="55.7196670" lon="37.5521940">
    <ele>124.2</ele>
    <time>2026-05-29T04:56:15Z</time>
    <extensions>
     <power>463</power>
     <gpxtpx:TrackPointExtension>
      <gpxtpx:hr>166</gpxtpx:hr>
      <gpxtpx:cad>87</gpxtpx:cad>
     </gpxtpx:TrackPointExtension>
    </extensions>
   </trkpt>
   <trkpt lat="55.7196990" lon="37.5521370">
    <ele>124.2</ele>
    <time>2026-05-29T04:56:16Z</time>
    <extensions>
     <power>463</power>
     <gpxtpx:TrackPointExtension>
      <gpxtpx:hr>165</gpxtpx:hr>
      <gpxtpx:cad>87</gpxtpx:cad>
     </gpxtpx:TrackPointExtension>
    </extensions>
   </trkpt>
   <trkpt lat="55.7197120" lon="37.5521130">
    <ele>124.2</ele>
    <time>2026-05-29T04:56:17Z</time>
    <extensions>
     <power>461</power>
     <gpxtpx:TrackPointExtension>
      <gpxtpx:hr>165</gpxtpx:hr>
      <gpxtpx:cad>86</gpxtpx:cad>
     </gpxtpx:TrackPointExtension>
    </extensions>
   </trkpt>
   <trkpt lat="55.7197530" lon="37.5520390">
    <ele>124.2</ele>
    <time>2026-05-29T04:56:18Z</time>
    <extensions>
     <power>464</power>
     <gpxtpx:TrackPointExtension>
      <gpxtpx:hr>166</gpxtpx:hr>
      <gpxtpx:cad>87</gpxtpx:cad>
     </gpxtpx:TrackPointExtension>
    </extensions>
   </trkpt>
   <trkpt lat="55.7197670" lon="37.5520150">
    <ele>124.2</ele>
    <time>2026-05-29T04:56:19Z</time>
    <extensions>
     <power>468</power>
     <gpxtpx:TrackPointExtension>
      <gpxtpx:hr>167</gpxtpx:hr>
      <gpxtpx:cad>87</gpxtpx:cad>
     </gpxtpx:TrackPointExtension>
    </extensions>
   </trkpt>
   <trkpt lat="55.7198020" lon="37.5519530">
    <ele>124.2</ele>
    <time>2026-05-29T04:56:20Z</time>
    <extensions>
     <power>469</power>
     <gpxtpx:TrackPointExtension>
      <gpxtpx:hr>166</gpxtpx:hr>
      <gpxtpx:cad>87</gpxtpx:cad>
     </gpxtpx:TrackPointExtension>
    </extensions>
   </trkpt>
   <trkpt lat="55.7198180" lon="37.5519230">
    <ele>124.2</ele>
    <time>2026-05-29T04:56:21Z</time>
    <extensions>
     <power>468</power>
     <gpxtpx:TrackPointExtension>
      <gpxtpx:hr>166</gpxtpx:hr>
      <gpxtpx:cad>87</gpxtpx:cad>
     </gpxtpx:TrackPointExtension>
    </extensions>
   </trkpt>
   <trkpt lat="55.7198530" lon="37.5518610">
    <ele>124.2</ele>
    <time>2026-05-29T04:56:22Z</time>
    <extensions>
     <power>467</power>
     <gpxtpx:TrackPointExtension>
      <gpxtpx:hr>166</gpxtpx:hr>
      <gpxtpx:cad>87</gpxtpx:cad>
     </gpxtpx:TrackPointExtension>
    </extensions>
   </trkpt>
   <trkpt lat="55.7198760" lon="37.5518200">
    <ele>124.2</ele>
    <time>2026-05-29T04:56:23Z</time>
    <extensions>
     <power>468</power>
     <gpxtpx:TrackPointExtension>
      <gpxtpx:hr>165</gpxtpx:hr>
      <gpxtpx:cad>87</gpxtpx:cad>
     </gpxtpx:TrackPointExtension>
    </extensions>
   </trkpt>
   <trkpt lat="55.7198990" lon="37.5517790">
    <ele>124.2</ele>
    <time>2026-05-29T04:56:24Z</time>
    <extensions>
     <power>467</power>
     <gpxtpx:TrackPointExtension>
      <gpxtpx:hr>166</gpxtpx:hr>
      <gpxtpx:cad>87</gpxtpx:cad>
     </gpxtpx:TrackPointExtension>
    </extensions>
   </trkpt>
   <trkpt lat="55.7199300" lon="37.5517230">
    <ele>124.2</ele>
    <time>2026-05-29T04:56:25Z</time>
    <extensions>
     <power>463</power>
     <gpxtpx:TrackPointExtension>
      <gpxtpx:hr>165</gpxtpx:hr>
      <gpxtpx:cad>86</gpxtpx:cad>
     </gpxtpx:TrackPointExtension>
    </extensions>
   </trkpt>
   <trkpt lat="55.7199430" lon="37.5517000">
    <ele>124.2</ele>
    <time>2026-05-29T04:56:26Z</time>
    <extensions>
     <power>465</power>
     <gpxtpx:TrackPointExtension>
      <gpxtpx:hr>166</gpxtpx:hr>
      <gpxtpx:cad>87</gpxtpx:cad>
     </gpxtpx:TrackPointExtension>
    </extensions>
   </trkpt>
   <trkpt lat="55.7199820" lon="37.5516290">
    <ele>124.2</ele>
    <time>2026-05-29T04:56:27Z</time>
    <extensions>
     <power>465</power>
     <gpxtpx:TrackPointExtension>
      <gpxtpx:hr>167</gpxtpx:hr>
      <gpxtpx:cad>87</gpxtpx:cad>
     </gpxtpx:TrackPointExtension>
    </extensions>
   </trkpt>
   <trkpt lat="55.7199940" lon="37.5516090">
    <ele>124.2</ele>
    <time>2026-05-29T04:56:28Z</time>
    <extensions>
     <power>464</power>
     <gpxtpx:TrackPointExtension>
      <gpxtpx:hr>166</gpxtpx:hr>
      <gpxtpx:cad>87</gpxtpx:cad>
     </gpxtpx:TrackPointExtension>
    </extensions>
   </trkpt>
   <trkpt lat="55.7200290" lon="37.5515450">
    <ele>124.2</ele>
    <time>2026-05-29T04:56:29Z</time>
    <extensions>
     <power>461</power>
     <gpxtpx:TrackPointExtension>
      <gpxtpx:hr>166</gpxtpx:hr>
      <gpxtpx:cad>87</gpxtpx:cad>
     </gpxtpx:TrackPointExtension>
    </extensions>
   </trkpt>
   <trkpt lat="55.7200550" lon="37.5514960">
    <ele>124.2</ele>
    <time>2026-05-29T04:56:30Z</time>
    <extensions>
     <power>458</power>
     <gpxtpx:TrackPointExtension>
      <gpxtpx:hr>167</gpxtpx:hr>
      <gpxtpx:cad>87</gpxtpx:cad>
     </gpxtpx:TrackPointExtension>
    </extensions>
   </trkpt>
   <trkpt lat="55.7200750" lon="37.5514490">
    <ele>124.2</ele>
    <time>2026-05-29T04:56:31Z</time>
    <extensions>
     <power>456</power>
     <gpxtpx:TrackPointExtension>
      <gpxtpx:hr>165</gpxtpx:hr>
      <gpxtpx:cad>87</gpxtpx:cad>
     </gpxtpx:TrackPointExtension>
    </extensions>
   </trkpt>
   <trkpt lat="55.7200900" lon="37.5514070">
    <ele>124.2</ele>
    <time>2026-05-29T04:56:32Z</time>
    <extensions>
     <power>456</power>
     <gpxtpx:TrackPointExtension>
      <gpxtpx:hr>165</gpxtpx:hr>
      <gpxtpx:cad>86</gpxtpx:cad>
     </gpxtpx:TrackPointExtension>
    </extensions>
   </trkpt>
   <trkpt lat="55.7201030" lon="37.5513580">
    <ele>124.2</ele>
    <time>2026-05-29T04:56:33Z</time>
    <extensions>
     <power>458</power>
     <gpxtpx:TrackPointExtension>
      <gpxtpx:hr>167</gpxtpx:hr>
      <gpxtpx:cad>86</gpxtpx:cad>
     </gpxtpx:TrackPointExtension>
    </extensions>
   </trkpt>
   <trkpt lat="55.7201140" lon="37.5513060">
    <ele>124.2</ele>
    <time>2026-05-29T04:56:34Z</time>
    <extensions>
     <power>458</power>
     <gpxtpx:TrackPointExtension>
      <gpxtpx:hr>168</gpxtpx:hr>
      <gpxtpx:cad>86</gpxtpx:cad>
     </gpxtpx:TrackPointExtension>
    </extensions>
   </trkpt>
   <trkpt lat="55.7201190" lon="37.5512740">
    <ele>124.2</ele>
    <time>2026-05-29T04:56:35Z</time>
    <extensions>
     <power>458</power>
     <gpxtpx:TrackPointExtension>
      <gpxtpx:hr>168</gpxtpx:hr>
      <gpxtpx:cad>86</gpxtpx:cad>
     </gpxtpx:TrackPointExtension>
    </extensions>
   </trkpt>
   <trkpt lat="55.7201270" lon="37.5512050">
    <ele>124.2</ele>
    <time>2026-05-29T04:56:36Z</time>
    <extensions>
     <power>458</power>
     <gpxtpx:TrackPointExtension>
      <gpxtpx:hr>168</gpxtpx:hr>
      <gpxtpx:cad>84</gpxtpx:cad>
     </gpxtpx:TrackPointExtension>
    </extensions>
   </trkpt>
   <trkpt lat="55.7201290" lon="37.5511760">
    <ele>124.2</ele>
    <time>2026-05-29T04:56:37Z</time>
    <extensions>
     <power>454</power>
     <gpxtpx:TrackPointExtension>
      <gpxtpx:hr>167</gpxtpx:hr>
      <gpxtpx:cad>84</gpxtpx:cad>
     </gpxtpx:TrackPointExtension>
    </extensions>
   </trkpt>
   <trkpt lat="55.7201300" lon="37.5511160">
    <ele>124.2</ele>
    <time>2026-05-29T04:56:38Z</time>
    <extensions>
     <power>452</power>
     <gpxtpx:TrackPointExtension>
      <gpxtpx:hr>167</gpxtpx:hr>
      <gpxtpx:cad>84</gpxtpx:cad>
     </gpxtpx:TrackPointExtension>
    </extensions>
   </trkpt>
   <trkpt lat="55.7201270" lon="37.5510470">
    <ele>124.2</ele>
    <time>2026-05-29T04:56:39Z</time>
    <extensions>
     <power>445</power>
     <gpxtpx:TrackPointExtension>
      <gpxtpx:hr>166</gpxtpx:hr>
      <gpxtpx:cad>84</gpxtpx:cad>
     </gpxtpx:TrackPointExtension>
    </extensions>
   </trkpt>
   <trkpt lat="55.7201230" lon="37.5510070">
    <ele>124.2</ele>
    <time>2026-05-29T04:56:40Z</time>
    <extensions>
     <power>419</power>
     <gpxtpx:TrackPointExtension>
      <gpxtpx:hr>166</gpxtpx:hr>
      <gpxtpx:cad>85</gpxtpx:cad>
     </gpxtpx:TrackPointExtension>
    </extensions>
   </trkpt>
   <trkpt lat="55.7201100" lon="37.5509300">
    <ele>124.2</ele>
    <time>2026-05-29T04:56:41Z</time>
    <extensions>
     <power>420</power>
     <gpxtpx:TrackPointExtension>
      <gpxtpx:hr>166</gpxtpx:hr>
      <gpxtpx:cad>86</gpxtpx:cad>
     </gpxtpx:TrackPointExtension>
    </extensions>
   </trkpt>
   <trkpt lat="55.7201040" lon="37.5509030">
    <ele>124.2</ele>
    <time>2026-05-29T04:56:42Z</time>
    <extensions>
     <power>418</power>
     <gpxtpx:TrackPointExtension>
      <gpxtpx:hr>166</gpxtpx:hr>
      <gpxtpx:cad>86</gpxtpx:cad>
     </gpxtpx:TrackPointExtension>
    </extensions>
   </trkpt>
   <trkpt lat="55.7200820" lon="37.5508300">
    <ele>124.2</ele>
    <time>2026-05-29T04:56:43Z</time>
    <extensions>
     <power>441</power>
     <gpxtpx:TrackPointExtension>
      <gpxtpx:hr>165</gpxtpx:hr>
      <gpxtpx:cad>86</gpxtpx:cad>
     </gpxtpx:TrackPointExtension>
    </extensions>
   </trkpt>
   <trkpt lat="55.7200720" lon="37.5508030">
    <ele>124.2</ele>
    <time>2026-05-29T04:56:44Z</time>
    <extensions>
     <power>414</power>
     <gpxtpx:TrackPointExtension>
      <gpxtpx:hr>165</gpxtpx:hr>
      <gpxtpx:cad>86</gpxtpx:cad>
     </gpxtpx:TrackPointExtension>
    </extensions>
   </trkpt>
   <trkpt lat="55.7200480" lon="37.5507490">
    <ele>124.2</ele>
    <time>2026-05-29T04:56:45Z</time>
    <extensions>
     <power>416</power>
     <gpxtpx:TrackPointExtension>
      <gpxtpx:hr>165</gpxtpx:hr>
      <gpxtpx:cad>86</gpxtpx:cad>
     </gpxtpx:TrackPointExtension>
    </extensions>
   </trkpt>
   <trkpt lat="55.7200340" lon="37.5507220">
    <ele>124.2</ele>
    <time>2026-05-29T04:56:46Z</time>
    <extensions>
     <power>412</power>
     <gpxtpx:TrackPointExtension>
      <gpxtpx:hr>164</gpxtpx:hr>
      <gpxtpx:cad>86</gpxtpx:cad>
     </gpxtpx:TrackPointExtension>
    </extensions>
   </trkpt>
   <trkpt lat="55.7200100" lon="37.5506850">
    <ele>124.2</ele>
    <time>2026-05-29T04:56:47Z</time>
    <extensions>
     <power>401</power>
     <gpxtpx:TrackPointExtension>
      <gpxtpx:hr>165</gpxtpx:hr>
      <gpxtpx:cad>86</gpxtpx:cad>
     </gpxtpx:TrackPointExtension>
    </extensions>
   </trkpt>
   <trkpt lat="55.7199820" lon="37.5506490">
    <ele>124.2</ele>
    <time>2026-05-29T04:56:48Z</time>
    <extensions>
     <power>384</power>
     <gpxtpx:TrackPointExtension>
      <gpxtpx:hr>165</gpxtpx:hr>
      <gpxtpx:cad>87</gpxtpx:cad>
     </gpxtpx:TrackPointExtension>
    </extensions>
   </trkpt>
   <trkpt lat="55.7199610" lon="37.5506270">
    <ele>124.2</ele>
    <time>2026-05-29T04:56:49Z</time>
    <extensions>
     <power>388</power>
     <gpxtpx:TrackPointExtension>
      <gpxtpx:hr>165</gpxtpx:hr>
      <gpxtpx:cad>87</gpxtpx:cad>
     </gpxtpx:TrackPointExtension>
    </extensions>
   </trkpt>
   <trkpt lat="55.7199210" lon="37.5505950">
    <ele>124.2</ele>
    <time>2026-05-29T04:56:50Z</time>
    <extensions>
     <power>390</power>
     <gpxtpx:TrackPointExtension>
      <gpxtpx:hr>164</gpxtpx:hr>
      <gpxtpx:cad>87</gpxtpx:cad>
     </gpxtpx:TrackPointExtension>
    </extensions>
   </trkpt>
   <trkpt lat="55.7199040" lon="37.5505860">
    <ele>124.2</ele>
    <time>2026-05-29T04:56:51Z</time>
    <extensions>
     <power>401</power>
     <gpxtpx:TrackPointExtension>
      <gpxtpx:hr>163</gpxtpx:hr>
      <gpxtpx:cad>87</gpxtpx:cad>
     </gpxtpx:TrackPointExtension>
    </extensions>
   </trkpt>
   <trkpt lat="55.7198540" lon="37.5505660">
    <ele>124.2</ele>
    <time>2026-05-29T04:56:52Z</time>
    <extensions>
     <power>403</power>
     <gpxtpx:TrackPointExtension>
      <gpxtpx:hr>164</gpxtpx:hr>
      <gpxtpx:cad>87</gpxtpx:cad>
     </gpxtpx:TrackPointExtension>
    </extensions>
   </trkpt>
   <trkpt lat="55.7198400" lon="37.5505620">
    <ele>124.2</ele>
    <time>2026-05-29T04:56:53Z</time>
    <extensions>
     <power>407</power>
     <gpxtpx:TrackPointExtension>
      <gpxtpx:hr>165</gpxtpx:hr>
      <gpxtpx:cad>87</gpxtpx:cad>
     </gpxtpx:TrackPointExtension>
    </extensions>
   </trkpt>
   <trkpt lat="55.7197950" lon="37.5505610">
    <ele>124.2</ele>
    <time>2026-05-29T04:56:54Z</time>
    <extensions>
     <power>408</power>
     <gpxtpx:TrackPointExtension>
      <gpxtpx:hr>165</gpxtpx:hr>
      <gpxtpx:cad>87</gpxtpx:cad>
     </gpxtpx:TrackPointExtension>
    </extensions>
   </trkpt>
   <trkpt lat="55.7197750" lon="37.5505630">
    <ele>124.2</ele>
    <time>2026-05-29T04:56:55Z</time>
    <extensions>
     <power>404</power>
     <gpxtpx:TrackPointExtension>
      <gpxtpx:hr>165</gpxtpx:hr>
      <gpxtpx:cad>87</gpxtpx:cad>
     </gpxtpx:TrackPointExtension>
    </extensions>
   </trkpt>
   <trkpt lat="55.7197450" lon="37.5505710">
    <ele>124.2</ele>
    <time>2026-05-29T04:56:56Z</time>
    <extensions>
     <power>398</power>
     <gpxtpx:TrackPointExtension>
      <gpxtpx:hr>165</gpxtpx:hr>
      <gpxtpx:cad>87</gpxtpx:cad>
     </gpxtpx:TrackPointExtension>
    </extensions>
   </trkpt>
   <trkpt lat="55.7197170" lon="37.5505850">
    <ele>124.2</ele>
    <time>2026-05-29T04:56:57Z</time>
    <extensions>
     <power>394</power>
     <gpxtpx:TrackPointExtension>
      <gpxtpx:hr>164</gpxtpx:hr>
      <gpxtpx:cad>87</gpxtpx:cad>
     </gpxtpx:TrackPointExtension>
    </extensions>
   </trkpt>
   <trkpt lat="55.7196840" lon="37.5506060">
    <ele>124.2</ele>
    <time>2026-05-29T04:56:58Z</time>
    <extensions>
     <power>397</power>
     <gpxtpx:TrackPointExtension>
      <gpxtpx:hr>164</gpxtpx:hr>
      <gpxtpx:cad>87</gpxtpx:cad>
     </gpxtpx:TrackPointExtension>
    </extensions>
   </trkpt>
   <trkpt lat="55.7196460" lon="37.5506400">
    <ele>124.2</ele>
    <time>2026-05-29T04:56:59Z</time>
    <extensions>
     <power>386</power>
     <gpxtpx:TrackPointExtension>
      <gpxtpx:hr>166</gpxtpx:hr>
      <gpxtpx:cad>89</gpxtpx:cad>
     </gpxtpx:TrackPointExtension>
    </extensions>
   </trkpt>
   <trkpt lat="55.7196080" lon="37.5506870">
    <ele>124.2</ele>
    <time>2026-05-29T04:57:00Z</time>
    <extensions>
     <power>403</power>
     <gpxtpx:TrackPointExtension>
      <gpxtpx:hr>166</gpxtpx:hr>
      <gpxtpx:cad>90</gpxtpx:cad>
     </gpxtpx:TrackPointExtension>
    </extensions>
   </trkpt>
   <trkpt lat="55.7195850" lon="37.5507230">
    <ele>124.2</ele>
    <time>2026-05-29T04:57:01Z</time>
    <extensions>
     <power>414</power>
     <gpxtpx:TrackPointExtension>
      <gpxtpx:hr>165</gpxtpx:hr>
      <gpxtpx:cad>90</gpxtpx:cad>
     </gpxtpx:TrackPointExtension>
    </extensions>
   </trkpt>
   <trkpt lat="55.7195550" lon="37.5507750">
    <ele>124.2</ele>
    <time>2026-05-29T04:57:02Z</time>
    <extensions>
     <power>477</power>
     <gpxtpx:TrackPointExtension>
      <gpxtpx:hr>166</gpxtpx:hr>
      <gpxtpx:cad>90</gpxtpx:cad>
     </gpxtpx:TrackPointExtension>
    </extensions>
   </trkpt>
   <trkpt lat="55.7195270" lon="37.5508250">
    <ele>124.2</ele>
    <time>2026-05-29T04:57:03Z</time>
    <extensions>
     <power>506</power>
     <gpxtpx:TrackPointExtension>
      <gpxtpx:hr>167</gpxtpx:hr>
      <gpxtpx:cad>89</gpxtpx:cad>
     </gpxtpx:TrackPointExtension>
    </extensions>
   </trkpt>
   <trkpt lat="55.7195040" lon="37.5508660">
    <ele>124.2</ele>
    <time>2026-05-29T04:57:04Z</time>
    <extensions>
     <power>510</power>
     <gpxtpx:TrackPointExtension>
      <gpxtpx:hr>166</gpxtpx:hr>
      <gpxtpx:cad>88</gpxtpx:cad>
     </gpxtpx:TrackPointExtension>
    </extensions>
   </trkpt>
   <trkpt lat="55.7194660" lon="37.5509340">
    <ele>124.2</ele>
    <time>2026-05-29T04:57:05Z</time>
    <extensions>
     <power>524</power>
     <gpxtpx:TrackPointExtension>
      <gpxtpx:hr>167</gpxtpx:hr>
      <gpxtpx:cad>88</gpxtpx:cad>
     </gpxtpx:TrackPointExtension>
    </extensions>
   </trkpt>
   <trkpt lat="55.7194430" lon="37.5509760">
    <ele>124.2</ele>
    <time>2026-05-29T04:57:06Z</time>
    <extensions>
     <power>518</power>
     <gpxtpx:TrackPointExtension>
      <gpxtpx:hr>167</gpxtpx:hr>
      <gpxtpx:cad>88</gpxtpx:cad>
     </gpxtpx:TrackPointExtension>
    </extensions>
   </trkpt>
   <trkpt lat="55.7194030" lon="37.5510470">
    <ele>124.2</ele>
    <time>2026-05-29T04:57:07Z</time>
    <extensions>
     <power>525</power>
     <gpxtpx:TrackPointExtension>
      <gpxtpx:hr>166</gpxtpx:hr>
      <gpxtpx:cad>88</gpxtpx:cad>
     </gpxtpx:TrackPointExtension>
    </extensions>
   </trkpt>
   <trkpt lat="55.7193900" lon="37.5510710">
    <ele>124.2</ele>
    <time>2026-05-29T04:57:08Z</time>
    <extensions>
     <power>505</power>
     <gpxtpx:TrackPointExtension>
      <gpxtpx:hr>166</gpxtpx:hr>
      <gpxtpx:cad>88</gpxtpx:cad>
     </gpxtpx:TrackPointExtension>
    </extensions>
   </trkpt>
   <trkpt lat="55.7193500" lon="37.5511430">
    <ele>124.2</ele>
    <time>2026-05-29T04:57:09Z</time>
    <extensions>
     <power>484</power>
     <gpxtpx:TrackPointExtension>
      <gpxtpx:hr>166</gpxtpx:hr>
      <gpxtpx:cad>87</gpxtpx:cad>
     </gpxtpx:TrackPointExtension>
    </extensions>
   </trkpt>
   <trkpt lat="55.7193330" lon="37.5511730">
    <ele>124.2</ele>
    <time>2026-05-29T04:57:10Z</time>
    <extensions>
     <power>463</power>
     <gpxtpx:TrackPointExtension>
      <gpxtpx:hr>167</gpxtpx:hr>
      <gpxtpx:cad>87</gpxtpx:cad>
     </gpxtpx:TrackPointExtension>
    </extensions>
   </trkpt>
   <trkpt lat="55.7192910" lon="37.5512470">
    <ele>124.2</ele>
    <time>2026-05-29T04:57:11Z</time>
    <extensions>
     <power>485</power>
     <gpxtpx:TrackPointExtension>
      <gpxtpx:hr>168</gpxtpx:hr>
      <gpxtpx:cad>88</gpxtpx:cad>
     </gpxtpx:TrackPointExtension>
    </extensions>
   </trkpt>
   <trkpt lat="55.7192780" lon="37.5512710">
    <ele>124.2</ele>
    <time>2026-05-29T04:57:12Z</time>
    <extensions>
     <power>466</power>
     <gpxtpx:TrackPointExtension>
      <gpxtpx:hr>168</gpxtpx:hr>
      <gpxtpx:cad>88</gpxtpx:cad>
     </gpxtpx:TrackPointExtension>
    </extensions>
   </trkpt>
   <trkpt lat="55.7192420" lon="37.5513360">
    <ele>124.2</ele>
    <time>2026-05-29T04:57:13Z</time>
    <extensions>
     <power>487</power>
     <gpxtpx:TrackPointExtension>
      <gpxtpx:hr>167</gpxtpx:hr>
      <gpxtpx:cad>88</gpxtpx:cad>
     </gpxtpx:TrackPointExtension>
    </extensions>
   </trkpt>
   <trkpt lat="55.7192160" lon="37.5513820">
    <ele>124.2</ele>
    <time>2026-05-29T04:57:14Z</time>
    <extensions>
     <power>464</power>
     <gpxtpx:TrackPointExtension>
      <gpxtpx:hr>166</gpxtpx:hr>
      <gpxtpx:cad>88</gpxtpx:cad>
     </gpxtpx:TrackPointExtension>
    </extensions>
   </trkpt>
   <trkpt lat="55.7191990" lon="37.5514130">
    <ele>124.2</ele>
    <time>2026-05-29T04:57:15Z</time>
    <extensions>
     <power>458</power>
     <gpxtpx:TrackPointExtension>
      <gpxtpx:hr>166</gpxtpx:hr>
      <gpxtpx:cad>88</gpxtpx:cad>
     </gpxtpx:TrackPointExtension>
    </extensions>
   </trkpt>
   <trkpt lat="55.7191660" lon="37.5514710">
    <ele>124.2</ele>
    <time>2026-05-29T04:57:16Z</time>
    <extensions>
     <power>462</power>
     <gpxtpx:TrackPointExtension>
      <gpxtpx:hr>167</gpxtpx:hr>
      <gpxtpx:cad>87</gpxtpx:cad>
     </gpxtpx:TrackPointExtension>
    </extensions>
   </trkpt>
   <trkpt lat="55.7191470" lon="37.5515060">
    <ele>124.2</ele>
    <time>2026-05-29T04:57:17Z</time>
    <extensions>
     <power>465</power>
     <gpxtpx:TrackPointExtension>
      <gpxtpx:hr>169</gpxtpx:hr>
      <gpxtpx:cad>87</gpxtpx:cad>
     </gpxtpx:TrackPointExtension>
    </extensions>
   </trkpt>
   <trkpt lat="55.7191120" lon="37.5515680">
    <ele>124.2</ele>
    <time>2026-05-29T04:57:18Z</time>
    <extensions>
     <power>476</power>
     <gpxtpx:TrackPointExtension>
      <gpxtpx:hr>167</gpxtpx:hr>
      <gpxtpx:cad>87</gpxtpx:cad>
     </gpxtpx:TrackPointExtension>
    </extensions>
   </trkpt>
   <trkpt lat="55.7190830" lon="37.5516210">
    <ele>124.2</ele>
    <time>2026-05-29T04:57:19Z</time>
    <extensions>
     <power>469</power>
     <gpxtpx:TrackPointExtension>
      <gpxtpx:hr>168</gpxtpx:hr>
      <gpxtpx:cad>87</gpxtpx:cad>
     </gpxtpx:TrackPointExtension>
    </extensions>
   </trkpt>
   <trkpt lat="55.7190640" lon="37.5516550">
    <ele>124.2</ele>
    <time>2026-05-29T04:57:20Z</time>
    <extensions>
     <power>469</power>
     <gpxtpx:TrackPointExtension>
      <gpxtpx:hr>168</gpxtpx:hr>
      <gpxtpx:cad>87</gpxtpx:cad>
     </gpxtpx:TrackPointExtension>
    </extensions>
   </trkpt>
   <trkpt lat="55.7190510" lon="37.5516780">
    <ele>124.2</ele>
    <time>2026-05-29T04:57:21Z</time>
    <extensions>
     <power>463</power>
     <gpxtpx:TrackPointExtension>
      <gpxtpx:hr>168</gpxtpx:hr>
      <gpxtpx:cad>87</gpxtpx:cad>
     </gpxtpx:TrackPointExtension>
    </extensions>
   </trkpt>
   <trkpt lat="55.7190200" lon="37.5517350">
    <ele>124.2</ele>
    <time>2026-05-29T04:57:22Z</time>
    <extensions>
     <power>461</power>
     <gpxtpx:TrackPointExtension>
      <gpxtpx:hr>168</gpxtpx:hr>
      <gpxtpx:cad>87</gpxtpx:cad>
     </gpxtpx:TrackPointExtension>
    </extensions>
   </trkpt>
   <trkpt lat="55.7190010" lon="37.5517750">
    <ele>124.2</ele>
    <time>2026-05-29T04:57:23Z</time>
    <extensions>
     <power>456</power>
     <gpxtpx:TrackPointExtension>
      <gpxtpx:hr>167</gpxtpx:hr>
      <gpxtpx:cad>87</gpxtpx:cad>
     </gpxtpx:TrackPointExtension>
    </extensions>
   </trkpt>
   <trkpt lat="55.7189880" lon="37.5518080">
    <ele>124.2</ele>
    <time>2026-05-29T04:57:24Z</time>
    <extensions>
     <power>456</power>
     <gpxtpx:TrackPointExtension>
      <gpxtpx:hr>167</gpxtpx:hr>
      <gpxtpx:cad>87</gpxtpx:cad>
     </gpxtpx:TrackPointExtension>
    </extensions>
   </trkpt>
   <trkpt lat="55.7189680" lon="37.5518670">
    <ele>124.2</ele>
    <time>2026-05-29T04:57:25Z</time>
    <extensions>
     <power>454</power>
     <gpxtpx:TrackPointExtension>
      <gpxtpx:hr>167</gpxtpx:hr>
      <gpxtpx:cad>86</gpxtpx:cad>
     </gpxtpx:TrackPointExtension>
    </extensions>
   </trkpt>
   <trkpt lat="55.7189580" lon="37.5519090">
    <ele>124.2</ele>
    <time>2026-05-29T04:57:26Z</time>
    <extensions>
     <power>453</power>
     <gpxtpx:TrackPointExtension>
      <gpxtpx:hr>166</gpxtpx:hr>
      <gpxtpx:cad>86</gpxtpx:cad>
     </gpxtpx:TrackPointExtension>
    </extensions>
   </trkpt>
   <trkpt lat="55.7189420" lon="37.5519940">
    <ele>124.2</ele>
    <time>2026-05-29T04:57:27Z</time>
    <extensions>
     <power>452</power>
     <gpxtpx:TrackPointExtension>
      <gpxtpx:hr>167</gpxtpx:hr>
      <gpxtpx:cad>86</gpxtpx:cad>
     </gpxtpx:TrackPointExtension>
    </extensions>
   </trkpt>
   <trkpt lat="55.7189390" lon="37.5520230">
    <ele>124.2</ele>
    <time>2026-05-29T04:57:28Z</time>
    <extensions>
     <power>448</power>
     <gpxtpx:TrackPointExtension>
      <gpxtpx:hr>168</gpxtpx:hr>
      <gpxtpx:cad>86</gpxtpx:cad>
     </gpxtpx:TrackPointExtension>
    </extensions>
   </trkpt>
   <trkpt lat="55.7189350" lon="37.5521120">
    <ele>124.2</ele>
    <time>2026-05-29T04:57:29Z</time>
    <extensions>
     <power>446</power>
     <gpxtpx:TrackPointExtension>
      <gpxtpx:hr>169</gpxtpx:hr>
      <gpxtpx:cad>86</gpxtpx:cad>
     </gpxtpx:TrackPointExtension>
    </extensions>
   </trkpt>
   <trkpt lat="55.7189350" lon="37.5521540">
    <ele>124.2</ele>
    <time>2026-05-29T04:57:30Z</time>
    <extensions>
     <power>443</power>
     <gpxtpx:TrackPointExtension>
      <gpxtpx:hr>168</gpxtpx:hr>
      <gpxtpx:cad>87</gpxtpx:cad>
     </gpxtpx:TrackPointExtension>
    </extensions>
   </trkpt>
   <trkpt lat="55.7189390" lon="37.5522140">
    <ele>124.2</ele>
    <time>2026-05-29T04:57:31Z</time>
    <extensions>
     <power>442</power>
     <gpxtpx:TrackPointExtension>
      <gpxtpx:hr>167</gpxtpx:hr>
      <gpxtpx:cad>87</gpxtpx:cad>
     </gpxtpx:TrackPointExtension>
    </extensions>
   </trkpt>
   <trkpt lat="55.7189480" lon="37.5522860">
    <ele>124.2</ele>
    <time>2026-05-29T04:57:32Z</time>
    <extensions>
     <power>441</power>
     <gpxtpx:TrackPointExtension>
      <gpxtpx:hr>168</gpxtpx:hr>
      <gpxtpx:cad>87</gpxtpx:cad>
     </gpxtpx:TrackPointExtension>
    </extensions>
   </trkpt>
   <trkpt lat="55.7189540" lon="37.5523180">
    <ele>124.2</ele>
    <time>2026-05-29T04:57:33Z</time>
    <extensions>
     <power>440</power>
     <gpxtpx:TrackPointExtension>
      <gpxtpx:hr>168</gpxtpx:hr>
      <gpxtpx:cad>87</gpxtpx:cad>
     </gpxtpx:TrackPointExtension>
    </extensions>
   </trkpt>
   <trkpt lat="55.7189730" lon="37.5523940">
    <ele>124.2</ele>
    <time>2026-05-29T04:57:34Z</time>
    <extensions>
     <power>441</power>
     <gpxtpx:TrackPointExtension>
      <gpxtpx:hr>168</gpxtpx:hr>
      <gpxtpx:cad>87</gpxtpx:cad>
     </gpxtpx:TrackPointExtension>
    </extensions>
   </trkpt>
   <trkpt lat="55.7189850" lon="37.5524300">
    <ele>124.2</ele>
    <time>2026-05-29T04:57:35Z</time>
    <extensions>
     <power>441</power>
     <gpxtpx:TrackPointExtension>
      <gpxtpx:hr>167</gpxtpx:hr>
      <gpxtpx:cad>87</gpxtpx:cad>
     </gpxtpx:TrackPointExtension>
    </extensions>
   </trkpt>
   <trkpt lat="55.7190190" lon="37.5525080">
    <ele>124.2</ele>
    <time>2026-05-29T04:57:36Z</time>
    <extensions>
     <power>443</power>
     <gpxtpx:TrackPointExtension>
      <gpxtpx:hr>166</gpxtpx:hr>
      <gpxtpx:cad>87</gpxtpx:cad>
     </gpxtpx:TrackPointExtension>
    </extensions>
   </trkpt>
   <trkpt lat="55.7190370" lon="37.5525400">
    <ele>124.2</ele>
    <time>2026-05-29T04:57:37Z</time>
    <extensions>
     <power>449</power>
     <gpxtpx:TrackPointExtension>
      <gpxtpx:hr>168</gpxtpx:hr>
      <gpxtpx:cad>87</gpxtpx:cad>
     </gpxtpx:TrackPointExtension>
    </extensions>
   </trkpt>
   <trkpt lat="55.7190730" lon="37.5525910">
    <ele>124.2</ele>
    <time>2026-05-29T04:57:38Z</time>
    <extensions>
     <power>451</power>
     <gpxtpx:TrackPointExtension>
      <gpxtpx:hr>169</gpxtpx:hr>
      <gpxtpx:cad>87</gpxtpx:cad>
     </gpxtpx:TrackPointExtension>
    </extensions>
   </trkpt>
   <trkpt lat="55.7190960" lon="37.5526170">
    <ele>124.2</ele>
    <time>2026-05-29T04:57:39Z</time>
    <extensions>
     <power>454</power>
     <gpxtpx:TrackPointExtension>
      <gpxtpx:hr>168</gpxtpx:hr>
      <gpxtpx:cad>87</gpxtpx:cad>
     </gpxtpx:TrackPointExtension>
    </extensions>
   </trkpt>
   <trkpt lat="55.7191340" lon="37.5526490">
    <ele>124.2</ele>
    <time>2026-05-29T04:57:40Z</time>
    <extensions>
     <power>452</power>
     <gpxtpx:TrackPointExtension>
      <gpxtpx:hr>168</gpxtpx:hr>
      <gpxtpx:cad>87</gpxtpx:cad>
     </gpxtpx:TrackPointExtension>
    </extensions>
   </trkpt>
   <trkpt lat="55.7191660" lon="37.5526680">
    <ele>124.2</ele>
    <time>2026-05-29T04:57:41Z</time>
    <extensions>
     <power>451</power>
     <gpxtpx:TrackPointExtension>
      <gpxtpx:hr>168</gpxtpx:hr>
      <gpxtpx:cad>87</gpxtpx:cad>
     </gpxtpx:TrackPointExtension>
    </extensions>
   </trkpt>
   <trkpt lat="55.7191950" lon="37.5526820">
    <ele>124.2</ele>
    <time>2026-05-29T04:57:42Z</time>
    <extensions>
     <power>459</power>
     <gpxtpx:TrackPointExtension>
      <gpxtpx:hr>168</gpxtpx:hr>
      <gpxtpx:cad>87</gpxtpx:cad>
     </gpxtpx:TrackPointExtension>
    </extensions>
   </trkpt>
   <trkpt lat="55.7192330" lon="37.5526910">
    <ele>124.2</ele>
    <time>2026-05-29T04:57:43Z</time>
    <extensions>
     <power>459</power>
     <gpxtpx:TrackPointExtension>
      <gpxtpx:hr>168</gpxtpx:hr>
      <gpxtpx:cad>86</gpxtpx:cad>
     </gpxtpx:TrackPointExtension>
    </extensions>
   </trkpt>
   <trkpt lat="55.7192540" lon="37.5526910">
    <ele>124.2</ele>
    <time>2026-05-29T04:57:44Z</time>
    <extensions>
     <power>455</power>
     <gpxtpx:TrackPointExtension>
      <gpxtpx:hr>168</gpxtpx:hr>
      <gpxtpx:cad>85</gpxtpx:cad>
     </gpxtpx:TrackPointExtension>
    </extensions>
   </trkpt>
   <trkpt lat="55.7192950" lon="37.5526870">
    <ele>124.2</ele>
    <time>2026-05-29T04:57:45Z</time>
    <extensions>
     <power>453</power>
     <gpxtpx:TrackPointExtension>
      <gpxtpx:hr>168</gpxtpx:hr>
      <gpxtpx:cad>85</gpxtpx:cad>
     </gpxtpx:TrackPointExtension>
    </extensions>
   </trkpt>
   <trkpt lat="55.7193230" lon="37.5526790">
    <ele>124.2</ele>
    <time>2026-05-29T04:57:46Z</time>
    <extensions>
     <power>451</power>
     <gpxtpx:TrackPointExtension>
      <gpxtpx:hr>168</gpxtpx:hr>
      <gpxtpx:cad>85</gpxtpx:cad>
     </gpxtpx:TrackPointExtension>
    </extensions>
   </trkpt>
   <trkpt lat="55.7193650" lon="37.5526570">
    <ele>124.2</ele>
    <time>2026-05-29T04:57:47Z</time>
    <extensions>
     <power>450</power>
     <gpxtpx:TrackPointExtension>
      <gpxtpx:hr>168</gpxtpx:hr>
      <gpxtpx:cad>85</gpxtpx:cad>
     </gpxtpx:TrackPointExtension>
    </extensions>
   </trkpt>
   <trkpt lat="55.7193950" lon="37.5526340">
    <ele>124.2</ele>
    <time>2026-05-29T04:57:48Z</time>
    <extensions>
     <power>439</power>
     <gpxtpx:TrackPointExtension>
      <gpxtpx:hr>167</gpxtpx:hr>
      <gpxtpx:cad>85</gpxtpx:cad>
     </gpxtpx:TrackPointExtension>
    </extensions>
   </trkpt>
   <trkpt lat="55.7194260" lon="37.5526030">
    <ele>124.2</ele>
    <time>2026-05-29T04:57:49Z</time>
    <extensions>
     <power>438</power>
     <gpxtpx:TrackPointExtension>
      <gpxtpx:hr>167</gpxtpx:hr>
      <gpxtpx:cad>86</gpxtpx:cad>
     </gpxtpx:TrackPointExtension>
    </extensions>
   </trkpt>
   <trkpt lat="55.7194530" lon="37.5525710">
    <ele>124.2</ele>
    <time>2026-05-29T04:57:50Z</time>
    <extensions>
     <power>438</power>
     <gpxtpx:TrackPointExtension>
      <gpxtpx:hr>168</gpxtpx:hr>
      <gpxtpx:cad>87</gpxtpx:cad>
     </gpxtpx:TrackPointExtension>
    </extensions>
   </trkpt>
   <trkpt lat="55.7194680" lon="37.5525470">
    <ele>124.2</ele>
    <time>2026-05-29T04:57:51Z</time>
    <extensions>
     <power>437</power>
     <gpxtpx:TrackPointExtension>
      <gpxtpx:hr>168</gpxtpx:hr>
      <gpxtpx:cad>87</gpxtpx:cad>
     </gpxtpx:TrackPointExtension>
    </extensions>
   </trkpt>
   <trkpt lat="55.7195050" lon="37.5524830">
    <ele>124.2</ele>
    <time>2026-05-29T04:57:52Z</time>
    <extensions>
     <power>441</power>
     <gpxtpx:TrackPointExtension>
      <gpxtpx:hr>168</gpxtpx:hr>
      <gpxtpx:cad>87</gpxtpx:cad>
     </gpxtpx:TrackPointExtension>
    </extensions>
   </trkpt>
   <trkpt lat="55.7195180" lon="37.5524600">
    <ele>124.2</ele>
    <time>2026-05-29T04:57:53Z</time>
    <extensions>
     <power>439</power>
     <gpxtpx:TrackPointExtension>
      <gpxtpx:hr>168</gpxtpx:hr>
      <gpxtpx:cad>87</gpxtpx:cad>
     </gpxtpx:TrackPointExtension>
    </extensions>
   </trkpt>
   <trkpt lat="55.7195610" lon="37.5523830">
    <ele>124.2</ele>
    <time>2026-05-29T04:57:54Z</time>
    <extensions>
     <power>440</power>
     <gpxtpx:TrackPointExtension>
      <gpxtpx:hr>169</gpxtpx:hr>
      <gpxtpx:cad>87</gpxtpx:cad>
     </gpxtpx:TrackPointExtension>
    </extensions>
   </trkpt>
   <trkpt lat="55.7195780" lon="37.5523540">
    <ele>124.2</ele>
    <time>2026-05-29T04:57:55Z</time>
    <extensions>
     <power>442</power>
     <gpxtpx:TrackPointExtension>
      <gpxtpx:hr>168</gpxtpx:hr>
      <gpxtpx:cad>87</gpxtpx:cad>
     </gpxtpx:TrackPointExtension>
    </extensions>
   </trkpt>
   <trkpt lat="55.7196160" lon="37.5522850">
    <ele>124.2</ele>
    <time>2026-05-29T04:57:56Z</time>
    <extensions>
     <power>444</power>
     <gpxtpx:TrackPointExtension>
      <gpxtpx:hr>168</gpxtpx:hr>
      <gpxtpx:cad>87</gpxtpx:cad>
     </gpxtpx:TrackPointExtension>
    </extensions>
   </trkpt>
   <trkpt lat="55.7196320" lon="37.5522580">
    <ele>124.2</ele>
    <time>2026-05-29T04:57:57Z</time>
    <extensions>
     <power>446</power>
     <gpxtpx:TrackPointExtension>
      <gpxtpx:hr>168</gpxtpx:hr>
      <gpxtpx:cad>87</gpxtpx:cad>
     </gpxtpx:TrackPointExtension>
    </extensions>
   </trkpt>
   <trkpt lat="55.7196620" lon="37.5522030">
    <ele>124.2</ele>
    <time>2026-05-29T04:57:58Z</time>
    <extensions>
     <power>447</power>
     <gpxtpx:TrackPointExtension>
      <gpxtpx:hr>168</gpxtpx:hr>
      <gpxtpx:cad>87</gpxtpx:cad>
     </gpxtpx:TrackPointExtension>
    </extensions>
   </trkpt>
   <trkpt lat="55.7196830" lon="37.5521660">
    <ele>124.2</ele>
    <time>2026-05-29T04:57:59Z</time>
    <extensions>
     <power>446</power>
     <gpxtpx:TrackPointExtension>
      <gpxtpx:hr>167</gpxtpx:hr>
      <gpxtpx:cad>87</gpxtpx:cad>
     </gpxtpx:TrackPointExtension>
    </extensions>
   </trkpt>
   <trkpt lat="55.7197000" lon="37.5521350">
    <ele>124.2</ele>
    <time>2026-05-29T04:58:00Z</time>
    <extensions>
     <power>443</power>
     <gpxtpx:TrackPointExtension>
      <gpxtpx:hr>168</gpxtpx:hr>
      <gpxtpx:cad>87</gpxtpx:cad>
     </gpxtpx:TrackPointExtension>
    </extensions>
   </trkpt>
   <trkpt lat="55.7197390" lon="37.5520640">
    <ele>124.2</ele>
    <time>2026-05-29T04:58:01Z</time>
    <extensions>
     <power>441</power>
     <gpxtpx:TrackPointExtension>
      <gpxtpx:hr>169</gpxtpx:hr>
      <gpxtpx:cad>87</gpxtpx:cad>
     </gpxtpx:TrackPointExtension>
    </extensions>
   </trkpt>
   <trkpt lat="55.7197520" lon="37.5520420">
    <ele>124.2</ele>
    <time>2026-05-29T04:58:02Z</time>
    <extensions>
     <power>441</power>
     <gpxtpx:TrackPointExtension>
      <gpxtpx:hr>168</gpxtpx:hr>
      <gpxtpx:cad>87</gpxtpx:cad>
     </gpxtpx:TrackPointExtension>
    </extensions>
   </trkpt>
   <trkpt lat="55.7197960" lon="37.5519640">
    <ele>124.2</ele>
    <time>2026-05-29T04:58:03Z</time>
    <extensions>
     <power>445</power>
     <gpxtpx:TrackPointExtension>
      <gpxtpx:hr>168</gpxtpx:hr>
      <gpxtpx:cad>87</gpxtpx:cad>
     </gpxtpx:TrackPointExtension>
    </extensions>
   </trkpt>
   <trkpt lat="55.7198110" lon="37.5519370">
    <ele>124.2</ele>
    <time>2026-05-29T04:58:04Z</time>
    <extensions>
     <power>450</power>
     <gpxtpx:TrackPointExtension>
      <gpxtpx:hr>168</gpxtpx:hr>
      <gpxtpx:cad>87</gpxtpx:cad>
     </gpxtpx:TrackPointExtension>
    </extensions>
   </trkpt>
   <trkpt lat="55.7198540" lon="37.5518600">
    <ele>124.2</ele>
    <time>2026-05-29T04:58:05Z</time>
    <extensions>
     <power>455</power>
     <gpxtpx:TrackPointExtension>
      <gpxtpx:hr>167</gpxtpx:hr>
      <gpxtpx:cad>88</gpxtpx:cad>
     </gpxtpx:TrackPointExtension>
    </extensions>
   </trkpt>
   <trkpt lat="55.7198660" lon="37.5518380">
    <ele>124.2</ele>
    <time>2026-05-29T04:58:06Z</time>
    <extensions>
     <power>461</power>
     <gpxtpx:TrackPointExtension>
      <gpxtpx:hr>168</gpxtpx:hr>
      <gpxtpx:cad>87</gpxtpx:cad>
     </gpxtpx:TrackPointExtension>
    </extensions>
   </trkpt>
   <trkpt lat="55.7199020" lon="37.5517740">
    <ele>124.2</ele>
    <time>2026-05-29T04:58:07Z</time>
    <extensions>
     <power>469</power>
     <gpxtpx:TrackPointExtension>
      <gpxtpx:hr>166</gpxtpx:hr>
      <gpxtpx:cad>87</gpxtpx:cad>
     </gpxtpx:TrackPointExtension>
    </extensions>
   </trkpt>
   <trkpt lat="55.7199200" lon="37.5517410">
    <ele>124.2</ele>
    <time>2026-05-29T04:58:08Z</time>
    <extensions>
     <power>469</power>
     <gpxtpx:TrackPointExtension>
      <gpxtpx:hr>168</gpxtpx:hr>
      <gpxtpx:cad>87</gpxtpx:cad>
     </gpxtpx:TrackPointExtension>
    </extensions>
   </trkpt>
   <trkpt lat="55.7199440" lon="37.5516980">
    <ele>124.2</ele>
    <time>2026-05-29T04:58:09Z</time>
    <extensions>
     <power>464</power>
     <gpxtpx:TrackPointExtension>
      <gpxtpx:hr>169</gpxtpx:hr>
      <gpxtpx:cad>86</gpxtpx:cad>
     </gpxtpx:TrackPointExtension>
    </extensions>
   </trkpt>
   <trkpt lat="55.7199700" lon="37.5516510">
    <ele>124.2</ele>
    <time>2026-05-29T04:58:10Z</time>
    <extensions>
     <power>452</power>
     <gpxtpx:TrackPointExtension>
      <gpxtpx:hr>169</gpxtpx:hr>
      <gpxtpx:cad>87</gpxtpx:cad>
     </gpxtpx:TrackPointExtension>
    </extensions>
   </trkpt>
   <trkpt lat="55.7199990" lon="37.5516000">
    <ele>124.2</ele>
    <time>2026-05-29T04:58:11Z</time>
    <extensions>
     <power>451</power>
     <gpxtpx:TrackPointExtension>
      <gpxtpx:hr>168</gpxtpx:hr>
      <gpxtpx:cad>87</gpxtpx:cad>
     </gpxtpx:TrackPointExtension>
    </extensions>
   </trkpt>
   <trkpt lat="55.7200230" lon="37.5515560">
    <ele>124.2</ele>
    <time>2026-05-29T04:58:12Z</time>
    <extensions>
     <power>451</power>
     <gpxtpx:TrackPointExtension>
      <gpxtpx:hr>168</gpxtpx:hr>
      <gpxtpx:cad>87</gpxtpx:cad>
     </gpxtpx:TrackPointExtension>
    </extensions>
   </trkpt>
   <trkpt lat="55.7200450" lon="37.5515150">
    <ele>124.2</ele>
    <time>2026-05-29T04:58:13Z</time>
    <extensions>
     <power>453</power>
     <gpxtpx:TrackPointExtension>
      <gpxtpx:hr>168</gpxtpx:hr>
      <gpxtpx:cad>87</gpxtpx:cad>
     </gpxtpx:TrackPointExtension>
    </extensions>
   </trkpt>
   <trkpt lat="55.7200680" lon="37.5514690">
    <ele>124.2</ele>
    <time>2026-05-29T04:58:14Z</time>
    <extensions>
     <power>453</power>
     <gpxtpx:TrackPointExtension>
      <gpxtpx:hr>168</gpxtpx:hr>
      <gpxtpx:cad>87</gpxtpx:cad>
     </gpxtpx:TrackPointExtension>
    </extensions>
   </trkpt>
   <trkpt lat="55.7200730" lon="37.5514530">
    <ele>124.2</ele>
    <time>2026-05-29T04:58:15Z</time>
    <extensions>
     <power>449</power>
     <gpxtpx:TrackPointExtension>
      <gpxtpx:hr>167</gpxtpx:hr>
      <gpxtpx:cad>86</gpxtpx:cad>
     </gpxtpx:TrackPointExtension>
    </extensions>
   </trkpt>
   <trkpt lat="55.7200950" lon="37.5513880">
    <ele>124.2</ele>
    <time>2026-05-29T04:58:16Z</time>
    <extensions>
     <power>447</power>
     <gpxtpx:TrackPointExtension>
      <gpxtpx:hr>168</gpxtpx:hr>
      <gpxtpx:cad>86</gpxtpx:cad>
     </gpxtpx:TrackPointExtension>
    </extensions>
   </trkpt>
   <trkpt lat="55.7201020" lon="37.5513630">
    <ele>124.2</ele>
    <time>2026-05-29T04:58:17Z</time>
    <extensions>
     <power>444</power>
     <gpxtpx:TrackPointExtension>
      <gpxtpx:hr>166</gpxtpx:hr>
      <gpxtpx:cad>86</gpxtpx:cad>
     </gpxtpx:TrackPointExtension>
    </extensions>
   </trkpt>
   <trkpt lat="55.7201160" lon="37.5512940">
    <ele>124.2</ele>
    <time>2026-05-29T04:58:18Z</time>
    <extensions>
     <power>443</power>
     <gpxtpx:TrackPointExtension>
      <gpxtpx:hr>168</gpxtpx:hr>
      <gpxtpx:cad>86</gpxtpx:cad>
     </gpxtpx:TrackPointExtension>
    </extensions>
   </trkpt>
   <trkpt lat="55.7201220" lon="37.5512590">
    <ele>124.2</ele>
    <time>2026-05-29T04:58:19Z</time>
    <extensions>
     <power>413</power>
     <gpxtpx:TrackPointExtension>
      <gpxtpx:hr>168</gpxtpx:hr>
      <gpxtpx:cad>86</gpxtpx:cad>
     </gpxtpx:TrackPointExtension>
    </extensions>
   </trkpt>
   <trkpt lat="55.7201270" lon="37.5512110">
    <ele>124.2</ele>
    <time>2026-05-29T04:58:20Z</time>
    <extensions>
     <power>411</power>
     <gpxtpx:TrackPointExtension>
      <gpxtpx:hr>168</gpxtpx:hr>
      <gpxtpx:cad>86</gpxtpx:cad>
     </gpxtpx:TrackPointExtension>
    </extensions>
   </trkpt>
   <trkpt lat="55.7201300" lon="37.5511520">
    <ele>124.2</ele>
    <time>2026-05-29T04:58:21Z</time>
    <extensions>
     <power>408</power>
     <gpxtpx:TrackPointExtension>
      <gpxtpx:hr>167</gpxtpx:hr>
      <gpxtpx:cad>86</gpxtpx:cad>
     </gpxtpx:TrackPointExtension>
    </extensions>
   </trkpt>
   <trkpt lat="55.7201300" lon="37.5511140">
    <ele>124.2</ele>
    <time>2026-05-29T04:58:22Z</time>
    <extensions>
     <power>380</power>
     <gpxtpx:TrackPointExtension>
      <gpxtpx:hr>168</gpxtpx:hr>
      <gpxtpx:cad>86</gpxtpx:cad>
     </gpxtpx:TrackPointExtension>
    </extensions>
   </trkpt>
   <trkpt lat="55.7201260" lon="37.5510360">
    <ele>124.2</ele>
    <time>2026-05-29T04:58:23Z</time>
    <extensions>
     <power>392</power>
     <gpxtpx:TrackPointExtension>
      <gpxtpx:hr>168</gpxtpx:hr>
      <gpxtpx:cad>86</gpxtpx:cad>
     </gpxtpx:TrackPointExtension>
    </extensions>
   </trkpt>
   <trkpt lat="55.7201170" lon="37.5509730">
    <ele>124.2</ele>
    <time>2026-05-29T04:58:24Z</time>
    <extensions>
     <power>396</power>
     <gpxtpx:TrackPointExtension>
      <gpxtpx:hr>167</gpxtpx:hr>
      <gpxtpx:cad>86</gpxtpx:cad>
     </gpxtpx:TrackPointExtension>
    </extensions>
   </trkpt>
   <trkpt lat="55.7201100" lon="37.5509270">
    <ele>124.2</ele>
    <time>2026-05-29T04:58:25Z</time>
    <extensions>
     <power>416</power>
     <gpxtpx:TrackPointExtension>
      <gpxtpx:hr>166</gpxtpx:hr>
      <gpxtpx:cad>86</gpxtpx:cad>
     </gpxtpx:TrackPointExtension>
    </extensions>
   </trkpt>
   <trkpt lat="55.7201030" lon="37.5509000">
    <ele>124.2</ele>
    <time>2026-05-29T04:58:26Z</time>
    <extensions>
     <power>423</power>
     <gpxtpx:TrackPointExtension>
      <gpxtpx:hr>167</gpxtpx:hr>
      <gpxtpx:cad>86</gpxtpx:cad>
     </gpxtpx:TrackPointExtension>
    </extensions>
   </trkpt>
   <trkpt lat="55.7200860" lon="37.5508400">
    <ele>124.2</ele>
    <time>2026-05-29T04:58:27Z</time>
    <extensions>
     <power>428</power>
     <gpxtpx:TrackPointExtension>
      <gpxtpx:hr>167</gpxtpx:hr>
      <gpxtpx:cad>86</gpxtpx:cad>
     </gpxtpx:TrackPointExtension>
    </extensions>
   </trkpt>
   <trkpt lat="55.7200720" lon="37.5508020">
    <ele>124.2</ele>
    <time>2026-05-29T04:58:28Z</time>
    <extensions>
     <power>419</power>
     <gpxtpx:TrackPointExtension>
      <gpxtpx:hr>167</gpxtpx:hr>
      <gpxtpx:cad>86</gpxtpx:cad>
     </gpxtpx:TrackPointExtension>
    </extensions>
   </trkpt>
   <trkpt lat="55.7200550" lon="37.5507630">
    <ele>124.2</ele>
    <time>2026-05-29T04:58:29Z</time>
    <extensions>
     <power>408</power>
     <gpxtpx:TrackPointExtension>
      <gpxtpx:hr>168</gpxtpx:hr>
      <gpxtpx:cad>86</gpxtpx:cad>
     </gpxtpx:TrackPointExtension>
    </extensions>
   </trkpt>
   <trkpt lat="55.7200310" lon="37.5507180">
    <ele>124.2</ele>
    <time>2026-05-29T04:58:30Z</time>
    <extensions>
     <power>404</power>
     <gpxtpx:TrackPointExtension>
      <gpxtpx:hr>167</gpxtpx:hr>
      <gpxtpx:cad>86</gpxtpx:cad>
     </gpxtpx:TrackPointExtension>
    </extensions>
   </trkpt>
   <trkpt lat="55.7200170" lon="37.5506950">
    <ele>124.2</ele>
    <time>2026-05-29T04:58:31Z</time>
    <extensions>
     <power>405</power>
     <gpxtpx:TrackPointExtension>
      <gpxtpx:hr>167</gpxtpx:hr>
      <gpxtpx:cad>86</gpxtpx:cad>
     </gpxtpx:TrackPointExtension>
    </extensions>
   </trkpt>
   <trkpt lat="55.7199810" lon="37.5506490">
    <ele>124.2</ele>
    <time>2026-05-29T04:58:32Z</time>
    <extensions>
     <power>406</power>
     <gpxtpx:TrackPointExtension>
      <gpxtpx:hr>166</gpxtpx:hr>
      <gpxtpx:cad>86</gpxtpx:cad>
     </gpxtpx:TrackPointExtension>
    </extensions>
   </trkpt>
   <trkpt lat="55.7199700" lon="37.5506360">
    <ele>124.2</ele>
    <time>2026-05-29T04:58:33Z</time>
    <extensions>
     <power>405</power>
     <gpxtpx:TrackPointExtension>
      <gpxtpx:hr>166</gpxtpx:hr>
      <gpxtpx:cad>86</gpxtpx:cad>
     </gpxtpx:TrackPointExtension>
    </extensions>
   </trkpt>
   <trkpt lat="55.7199310" lon="37.5506020">
    <ele>124.2</ele>
    <time>2026-05-29T04:58:34Z</time>
    <extensions>
     <power>400</power>
     <gpxtpx:TrackPointExtension>
      <gpxtpx:hr>167</gpxtpx:hr>
      <gpxtpx:cad>86</gpxtpx:cad>
     </gpxtpx:TrackPointExtension>
    </extensions>
   </trkpt>
   <trkpt lat="55.7199100" lon="37.5505890">
    <ele>124.2</ele>
    <time>2026-05-29T04:58:35Z</time>
    <extensions>
     <power>396</power>
     <gpxtpx:TrackPointExtension>
      <gpxtpx:hr>166</gpxtpx:hr>
      <gpxtpx:cad>86</gpxtpx:cad>
     </gpxtpx:TrackPointExtension>
    </extensions>
   </trkpt>
   <trkpt lat="55.7198900" lon="37.5505790">
    <ele>124.2</ele>
    <time>2026-05-29T04:58:36Z</time>
    <extensions>
     <power>395</power>
     <gpxtpx:TrackPointExtension>
      <gpxtpx:hr>166</gpxtpx:hr>
      <gpxtpx:cad>86</gpxtpx:cad>
     </gpxtpx:TrackPointExtension>
    </extensions>
   </trkpt>
   <trkpt lat="55.7198560" lon="37.5505660">
    <ele>124.2</ele>
    <time>2026-05-29T04:58:37Z</time>
    <extensions>
     <power>396</power>
     <gpxtpx:TrackPointExtension>
      <gpxtpx:hr>166</gpxtpx:hr>
      <gpxtpx:cad>86</gpxtpx:cad>
     </gpxtpx:TrackPointExtension>
    </extensions>
   </trkpt>
   <trkpt lat="55.7198410" lon="37.5505630">
    <ele>124.2</ele>
    <time>2026-05-29T04:58:38Z</time>
    <extensions>
     <power>392</power>
     <gpxtpx:TrackPointExtension>
      <gpxtpx:hr>166</gpxtpx:hr>
      <gpxtpx:cad>86</gpxtpx:cad>
     </gpxtpx:TrackPointExtension>
    </extensions>
   </trkpt>
   <trkpt lat="55.7197960" lon="37.5505610">
    <ele>124.2</ele>
    <time>2026-05-29T04:58:39Z</time>
    <extensions>
     <power>388</power>
     <gpxtpx:TrackPointExtension>
      <gpxtpx:hr>164</gpxtpx:hr>
      <gpxtpx:cad>85</gpxtpx:cad>
     </gpxtpx:TrackPointExtension>
    </extensions>
   </trkpt>
   <trkpt lat="55.7197850" lon="37.5505610">
    <ele>124.2</ele>
    <time>2026-05-29T04:58:40Z</time>
    <extensions>
     <power>384</power>
     <gpxtpx:TrackPointExtension>
      <gpxtpx:hr>165</gpxtpx:hr>
      <gpxtpx:cad>85</gpxtpx:cad>
     </gpxtpx:TrackPointExtension>
    </extensions>
   </trkpt>
   <trkpt lat="55.7197510" lon="37.5505700">
    <ele>124.2</ele>
    <time>2026-05-29T04:58:41Z</time>
    <extensions>
     <power>380</power>
     <gpxtpx:TrackPointExtension>
      <gpxtpx:hr>166</gpxtpx:hr>
      <gpxtpx:cad>86</gpxtpx:cad>
     </gpxtpx:TrackPointExtension>
    </extensions>
   </trkpt>
   <trkpt lat="55.7197200" lon="37.5505830">
    <ele>124.2</ele>
    <time>2026-05-29T04:58:42Z</time>
    <extensions>
     <power>381</power>
     <gpxtpx:TrackPointExtension>
      <gpxtpx:hr>166</gpxtpx:hr>
      <gpxtpx:cad>86</gpxtpx:cad>
     </gpxtpx:TrackPointExtension>
    </extensions>
   </trkpt>
   <trkpt lat="55.7196980" lon="37.5505950">
    <ele>124.2</ele>
    <time>2026-05-29T04:58:43Z</time>
    <extensions>
     <power>376</power>
     <gpxtpx:TrackPointExtension>
      <gpxtpx:hr>166</gpxtpx:hr>
      <gpxtpx:cad>86</gpxtpx:cad>
     </gpxtpx:TrackPointExtension>
    </extensions>
   </trkpt>
   <trkpt lat="55.7196660" lon="37.5506200">
    <ele>124.2</ele>
    <time>2026-05-29T04:58:44Z</time>
    <extensions>
     <power>375</power>
     <gpxtpx:TrackPointExtension>
      <gpxtpx:hr>166</gpxtpx:hr>
      <gpxtpx:cad>86</gpxtpx:cad>
     </gpxtpx:TrackPointExtension>
    </extensions>
   </trkpt>
   <trkpt lat="55.7196480" lon="37.5506370">
    <ele>124.2</ele>
    <time>2026-05-29T04:58:45Z</time>
    <extensions>
     <power>375</power>
     <gpxtpx:TrackPointExtension>
      <gpxtpx:hr>166</gpxtpx:hr>
      <gpxtpx:cad>86</gpxtpx:cad>
     </gpxtpx:TrackPointExtension>
    </extensions>
   </trkpt>
   <trkpt lat="55.7196080" lon="37.5506860">
    <ele>124.2</ele>
    <time>2026-05-29T04:58:46Z</time>
    <extensions>
     <power>376</power>
     <gpxtpx:TrackPointExtension>
      <gpxtpx:hr>164</gpxtpx:hr>
      <gpxtpx:cad>86</gpxtpx:cad>
     </gpxtpx:TrackPointExtension>
    </extensions>
   </trkpt>
   <trkpt lat="55.7195840" lon="37.5507240">
    <ele>124.2</ele>
    <time>2026-05-29T04:58:47Z</time>
    <extensions>
     <power>379</power>
     <gpxtpx:TrackPointExtension>
      <gpxtpx:hr>165</gpxtpx:hr>
      <gpxtpx:cad>86</gpxtpx:cad>
     </gpxtpx:TrackPointExtension>
    </extensions>
   </trkpt>
   <trkpt lat="55.7195460" lon="37.5507910">
    <ele>124.2</ele>
    <time>2026-05-29T04:58:48Z</time>
    <extensions>
     <power>397</power>
     <gpxtpx:TrackPointExtension>
      <gpxtpx:hr>165</gpxtpx:hr>
      <gpxtpx:cad>86</gpxtpx:cad>
     </gpxtpx:TrackPointExtension>
    </extensions>
   </trkpt>
   <trkpt lat="55.7195270" lon="37.5508250">
    <ele>124.2</ele>
    <time>2026-05-29T04:58:49Z</time>
    <extensions>
     <power>408</power>
     <gpxtpx:TrackPointExtension>
      <gpxtpx:hr>166</gpxtpx:hr>
      <gpxtpx:cad>89</gpxtpx:cad>
     </gpxtpx:TrackPointExtension>
    </extensions>
   </trkpt>
   <trkpt lat="55.7194850" lon="37.5509010">
    <ele>124.2</ele>
    <time>2026-05-29T04:58:50Z</time>
    <extensions>
     <power>412</power>
     <gpxtpx:TrackPointExtension>
      <gpxtpx:hr>166</gpxtpx:hr>
      <gpxtpx:cad>89</gpxtpx:cad>
     </gpxtpx:TrackPointExtension>
    </extensions>
   </trkpt>
   <trkpt lat="55.7194660" lon="37.5509340">
    <ele>124.2</ele>
    <time>2026-05-29T04:58:51Z</time>
    <extensions>
     <power>413</power>
     <gpxtpx:TrackPointExtension>
      <gpxtpx:hr>165</gpxtpx:hr>
      <gpxtpx:cad>89</gpxtpx:cad>
     </gpxtpx:TrackPointExtension>
    </extensions>
   </trkpt>
   <trkpt lat="55.7194300" lon="37.5510000">
    <ele>124.2</ele>
    <time>2026-05-29T04:58:52Z</time>
    <extensions>
     <power>452</power>
     <gpxtpx:TrackPointExtension>
      <gpxtpx:hr>166</gpxtpx:hr>
      <gpxtpx:cad>88</gpxtpx:cad>
     </gpxtpx:TrackPointExtension>
    </extensions>
   </trkpt>
   <trkpt lat="55.7194140" lon="37.5510270">
    <ele>124.2</ele>
    <time>2026-05-29T04:58:53Z</time>
    <extensions>
     <power>464</power>
     <gpxtpx:TrackPointExtension>
      <gpxtpx:hr>167</gpxtpx:hr>
      <gpxtpx:cad>88</gpxtpx:cad>
     </gpxtpx:TrackPointExtension>
    </extensions>
   </trkpt>
   <trkpt lat="55.7193820" lon="37.5510850">
    <ele>124.2</ele>
    <time>2026-05-29T04:58:54Z</time>
    <extensions>
     <power>465</power>
     <gpxtpx:TrackPointExtension>
      <gpxtpx:hr>166</gpxtpx:hr>
      <gpxtpx:cad>88</gpxtpx:cad>
     </gpxtpx:TrackPointExtension>
    </extensions>
   </trkpt>
   <trkpt lat="55.7193640" lon="37.5511170">
    <ele>124.2</ele>
    <time>2026-05-29T04:58:55Z</time>
    <extensions>
     <power>462</power>
     <gpxtpx:TrackPointExtension>
      <gpxtpx:hr>166</gpxtpx:hr>
      <gpxtpx:cad>88</gpxtpx:cad>
     </gpxtpx:TrackPointExtension>
    </extensions>
   </trkpt>
   <trkpt lat="55.7193360" lon="37.5511670">
    <ele>124.2</ele>
    <time>2026-05-29T04:58:56Z</time>
    <extensions>
     <power>446</power>
     <gpxtpx:TrackPointExtension>
      <gpxtpx:hr>166</gpxtpx:hr>
      <gpxtpx:cad>88</gpxtpx:cad>
     </gpxtpx:TrackPointExtension>
    </extensions>
   </trkpt>
   <trkpt lat="55.7193100" lon="37.5512140">
    <ele>124.2</ele>
    <time>2026-05-29T04:58:57Z</time>
    <extensions>
     <power>438</power>
     <gpxtpx:TrackPointExtension>
      <gpxtpx:hr>166</gpxtpx:hr>
      <gpxtpx:cad>88</gpxtpx:cad>
     </gpxtpx:TrackPointExtension>
    </extensions>
   </trkpt>
   <trkpt lat="55.7192840" lon="37.5512590">
    <ele>124.2</ele>
    <time>2026-05-29T04:58:58Z</time>
    <extensions>
     <power>437</power>
     <gpxtpx:TrackPointExtension>
      <gpxtpx:hr>165</gpxtpx:hr>
      <gpxtpx:cad>87</gpxtpx:cad>
     </gpxtpx:TrackPointExtension>
    </extensions>
   </trkpt>
   <trkpt lat="55.7192500" lon="37.5513210">
    <ele>124.2</ele>
    <time>2026-05-29T04:58:59Z</time>
    <extensions>
     <power>460</power>
     <gpxtpx:TrackPointExtension>
      <gpxtpx:hr>166</gpxtpx:hr>
      <gpxtpx:cad>87</gpxtpx:cad>
     </gpxtpx:TrackPointExtension>
    </extensions>
   </trkpt>
   <trkpt lat="55.7192280" lon="37.5513610">
    <ele>124.2</ele>
    <time>2026-05-29T04:59:00Z</time>
    <extensions>
     <power>474</power>
     <gpxtpx:TrackPointExtension>
      <gpxtpx:hr>167</gpxtpx:hr>
      <gpxtpx:cad>87</gpxtpx:cad>
     </gpxtpx:TrackPointExtension>
    </extensions>
   </trkpt>
   <trkpt lat="55.7191880" lon="37.5514320">
    <ele>124.2</ele>
    <time>2026-05-29T04:59:01Z</time>
    <extensions>
     <power>481</power>
     <gpxtpx:TrackPointExtension>
      <gpxtpx:hr>167</gpxtpx:hr>
      <gpxtpx:cad>87</gpxtpx:cad>
     </gpxtpx:TrackPointExtension>
    </extensions>
   </trkpt>
   <trkpt lat="55.7191740" lon="37.5514580">
    <ele>124.2</ele>
    <time>2026-05-29T04:59:02Z</time>
    <extensions>
     <power>481</power>
     <gpxtpx:TrackPointExtension>
      <gpxtpx:hr>167</gpxtpx:hr>
      <gpxtpx:cad>87</gpxtpx:cad>
     </gpxtpx:TrackPointExtension>
    </extensions>
   </trkpt>
   <trkpt lat="55.7191350" lon="37.5515270">
    <ele>124.2</ele>
    <time>2026-05-29T04:59:03Z</time>
    <extensions>
     <power>484</power>
     <gpxtpx:TrackPointExtension>
      <gpxtpx:hr>167</gpxtpx:hr>
      <gpxtpx:cad>87</gpxtpx:cad>
     </gpxtpx:TrackPointExtension>
    </extensions>
   </trkpt>
   <trkpt lat="55.7191180" lon="37.5515570">
    <ele>124.2</ele>
    <time>2026-05-29T04:59:04Z</time>
    <extensions>
     <power>471</power>
     <gpxtpx:TrackPointExtension>
      <gpxtpx:hr>166</gpxtpx:hr>
      <gpxtpx:cad>87</gpxtpx:cad>
     </gpxtpx:TrackPointExtension>
    </extensions>
   </trkpt>
   <trkpt lat="55.7190770" lon="37.5516320">
    <ele>124.2</ele>
    <time>2026-05-29T04:59:05Z</time>
    <extensions>
     <power>478</power>
     <gpxtpx:TrackPointExtension>
      <gpxtpx:hr>166</gpxtpx:hr>
      <gpxtpx:cad>87</gpxtpx:cad>
     </gpxtpx:TrackPointExtension>
    </extensions>
   </trkpt>
   <trkpt lat="55.7190610" lon="37.5516590">
    <ele>124.2</ele>
    <time>2026-05-29T04:59:06Z</time>
    <extensions>
     <power>481</power>
     <gpxtpx:TrackPointExtension>
      <gpxtpx:hr>167</gpxtpx:hr>
      <gpxtpx:cad>87</gpxtpx:cad>
     </gpxtpx:TrackPointExtension>
    </extensions>
   </trkpt>
   <trkpt lat="55.7190280" lon="37.5517180">
    <ele>124.2</ele>
    <time>2026-05-29T04:59:07Z</time>
    <extensions>
     <power>480</power>
     <gpxtpx:TrackPointExtension>
      <gpxtpx:hr>168</gpxtpx:hr>
      <gpxtpx:cad>87</gpxtpx:cad>
     </gpxtpx:TrackPointExtension>
    </extensions>
   </trkpt>
   <trkpt lat="55.7190090" lon="37.5517590">
    <ele>124.2</ele>
    <time>2026-05-29T04:59:08Z</time>
    <extensions>
     <power>485</power>
     <gpxtpx:TrackPointExtension>
      <gpxtpx:hr>168</gpxtpx:hr>
      <gpxtpx:cad>87</gpxtpx:cad>
     </gpxtpx:TrackPointExtension>
    </extensions>
   </trkpt>
   <trkpt lat="55.7189930" lon="37.5517950">
    <ele>124.2</ele>
    <time>2026-05-29T04:59:09Z</time>
    <extensions>
     <power>468</power>
     <gpxtpx:TrackPointExtension>
      <gpxtpx:hr>167</gpxtpx:hr>
      <gpxtpx:cad>86</gpxtpx:cad>
     </gpxtpx:TrackPointExtension>
    </extensions>
   </trkpt>
   <trkpt lat="55.7189670" lon="37.5518720">
    <ele>124.2</ele>
    <time>2026-05-29T04:59:10Z</time>
    <extensions>
     <power>467</power>
     <gpxtpx:TrackPointExtension>
      <gpxtpx:hr>167</gpxtpx:hr>
      <gpxtpx:cad>86</gpxtpx:cad>
     </gpxtpx:TrackPointExtension>
    </extensions>
   </trkpt>
   <trkpt lat="55.7189590" lon="37.5519030">
    <ele>124.2</ele>
    <time>2026-05-29T04:59:11Z</time>
    <extensions>
     <power>461</power>
     <gpxtpx:TrackPointExtension>
      <gpxtpx:hr>168</gpxtpx:hr>
      <gpxtpx:cad>86</gpxtpx:cad>
     </gpxtpx:TrackPointExtension>
    </extensions>
   </trkpt>
   <trkpt lat="55.7189430" lon="37.5519920">
    <ele>124.2</ele>
    <time>2026-05-29T04:59:12Z</time>
    <extensions>
     <power>466</power>
     <gpxtpx:TrackPointExtension>
      <gpxtpx:hr>167</gpxtpx:hr>
      <gpxtpx:cad>87</gpxtpx:cad>
     </gpxtpx:TrackPointExtension>
    </extensions>
   </trkpt>
   <trkpt lat="55.7189380" lon="37.5520410">
    <ele>124.2</ele>
    <time>2026-05-29T04:59:13Z</time>
    <extensions>
     <power>459</power>
     <gpxtpx:TrackPointExtension>
      <gpxtpx:hr>168</gpxtpx:hr>
      <gpxtpx:cad>87</gpxtpx:cad>
     </gpxtpx:TrackPointExtension>
    </extensions>
   </trkpt>
   <trkpt lat="55.7189350" lon="37.5521210">
    <ele>124.2</ele>
    <time>2026-05-29T04:59:14Z</time>
    <extensions>
     <power>478</power>
     <gpxtpx:TrackPointExtension>
      <gpxtpx:hr>167</gpxtpx:hr>
      <gpxtpx:cad>87</gpxtpx:cad>
     </gpxtpx:TrackPointExtension>
    </extensions>
   </trkpt>
   <trkpt lat="55.7189350" lon="37.5521560">
    <ele>124.2</ele>
    <time>2026-05-29T04:59:15Z</time>
    <extensions>
     <power>467</power>
     <gpxtpx:TrackPointExtension>
      <gpxtpx:hr>168</gpxtpx:hr>
      <gpxtpx:cad>87</gpxtpx:cad>
     </gpxtpx:TrackPointExtension>
    </extensions>
   </trkpt>
   <trkpt lat="55.7189400" lon="37.5522310">
    <ele>124.2</ele>
    <time>2026-05-29T04:59:16Z</time>
    <extensions>
     <power>473</power>
     <gpxtpx:TrackPointExtension>
      <gpxtpx:hr>168</gpxtpx:hr>
      <gpxtpx:cad>88</gpxtpx:cad>
     </gpxtpx:TrackPointExtension>
    </extensions>
   </trkpt>
   <trkpt lat="55.7189470" lon="37.5522770">
    <ele>124.2</ele>
    <time>2026-05-29T04:59:17Z</time>
    <extensions>
     <power>476</power>
     <gpxtpx:TrackPointExtension>
      <gpxtpx:hr>168</gpxtpx:hr>
      <gpxtpx:cad>87</gpxtpx:cad>
     </gpxtpx:TrackPointExtension>
    </extensions>
   </trkpt>
   <trkpt lat="55.7189580" lon="37.5523370">
    <ele>124.2</ele>
    <time>2026-05-29T04:59:18Z</time>
    <extensions>
     <power>470</power>
     <gpxtpx:TrackPointExtension>
      <gpxtpx:hr>168</gpxtpx:hr>
      <gpxtpx:cad>87</gpxtpx:cad>
     </gpxtpx:TrackPointExtension>
    </extensions>
   </trkpt>
   <trkpt lat="55.7189690" lon="37.5523790">
    <ele>124.2</ele>
    <time>2026-05-29T04:59:19Z</time>
    <extensions>
     <power>463</power>
     <gpxtpx:TrackPointExtension>
      <gpxtpx:hr>168</gpxtpx:hr>
      <gpxtpx:cad>87</gpxtpx:cad>
     </gpxtpx:TrackPointExtension>
    </extensions>
   </trkpt>
   <trkpt lat="55.7189810" lon="37.5524170">
    <ele>124.2</ele>
    <time>2026-05-29T04:59:20Z</time>
    <extensions>
     <power>454</power>
     <gpxtpx:TrackPointExtension>
      <gpxtpx:hr>168</gpxtpx:hr>
      <gpxtpx:cad>87</gpxtpx:cad>
     </gpxtpx:TrackPointExtension>
    </extensions>
   </trkpt>
   <trkpt lat="55.7190100" lon="37.5524900">
    <ele>124.2</ele>
    <time>2026-05-29T04:59:21Z</time>
    <extensions>
     <power>454</power>
     <gpxtpx:TrackPointExtension>
      <gpxtpx:hr>169</gpxtpx:hr>
      <gpxtpx:cad>87</gpxtpx:cad>
     </gpxtpx:TrackPointExtension>
    </extensions>
   </trkpt>
   <trkpt lat="55.7190260" lon="37.5525210">
    <ele>124.2</ele>
    <time>2026-05-29T04:59:22Z</time>
    <extensions>
     <power>454</power>
     <gpxtpx:TrackPointExtension>
      <gpxtpx:hr>168</gpxtpx:hr>
      <gpxtpx:cad>87</gpxtpx:cad>
     </gpxtpx:TrackPointExtension>
    </extensions>
   </trkpt>
   <trkpt lat="55.7190640" lon="37.5525810">
    <ele>124.2</ele>
    <time>2026-05-29T04:59:23Z</time>
    <extensions>
     <power>453</power>
     <gpxtpx:TrackPointExtension>
      <gpxtpx:hr>169</gpxtpx:hr>
      <gpxtpx:cad>87</gpxtpx:cad>
     </gpxtpx:TrackPointExtension>
    </extensions>
   </trkpt>
   <trkpt lat="55.7190990" lon="37.5526160">
    <ele>124.2</ele>
    <time>2026-05-29T04:59:24Z</time>
    <extensions>
     <power>461</power>
     <gpxtpx:TrackPointExtension>
      <gpxtpx:hr>168</gpxtpx:hr>
      <gpxtpx:cad>86</gpxtpx:cad>
     </gpxtpx:TrackPointExtension>
    </extensions>
   </trkpt>
   <trkpt lat="55.7191210" lon="37.5526390">
    <ele>124.2</ele>
    <time>2026-05-29T04:59:25Z</time>
    <extensions>
     <power>463</power>
     <gpxtpx:TrackPointExtension>
      <gpxtpx:hr>167</gpxtpx:hr>
      <gpxtpx:cad>86</gpxtpx:cad>
     </gpxtpx:TrackPointExtension>
    </extensions>
   </trkpt>
   <trkpt lat="55.7191460" lon="37.5526590">
    <ele>124.2</ele>
    <time>2026-05-29T04:59:26Z</time>
    <extensions>
     <power>461</power>
     <gpxtpx:TrackPointExtension>
      <gpxtpx:hr>167</gpxtpx:hr>
      <gpxtpx:cad>86</gpxtpx:cad>
     </gpxtpx:TrackPointExtension>
    </extensions>
   </trkpt>
   <trkpt lat="55.7191830" lon="37.5526780">
    <ele>124.2</ele>
    <time>2026-05-29T04:59:27Z</time>
    <extensions>
     <power>456</power>
     <gpxtpx:TrackPointExtension>
      <gpxtpx:hr>167</gpxtpx:hr>
      <gpxtpx:cad>86</gpxtpx:cad>
     </gpxtpx:TrackPointExtension>
    </extensions>
   </trkpt>
   <trkpt lat="55.7192180" lon="37.5526870">
    <ele>124.2</ele>
    <time>2026-05-29T04:59:28Z</time>
    <extensions>
     <power>454</power>
     <gpxtpx:TrackPointExtension>
      <gpxtpx:hr>169</gpxtpx:hr>
      <gpxtpx:cad>86</gpxtpx:cad>
     </gpxtpx:TrackPointExtension>
    </extensions>
   </trkpt>
   <trkpt lat="55.7192390" lon="37.5526910">
    <ele>124.2</ele>
    <time>2026-05-29T04:59:29Z</time>
    <extensions>
     <power>452</power>
     <gpxtpx:TrackPointExtension>
      <gpxtpx:hr>169</gpxtpx:hr>
      <gpxtpx:cad>86</gpxtpx:cad>
     </gpxtpx:TrackPointExtension>
    </extensions>
   </trkpt>
   <trkpt lat="55.7192950" lon="37.5526860">
    <ele>124.2</ele>
    <time>2026-05-29T04:59:30Z</time>
    <extensions>
     <power>452</power>
     <gpxtpx:TrackPointExtension>
      <gpxtpx:hr>168</gpxtpx:hr>
      <gpxtpx:cad>86</gpxtpx:cad>
     </gpxtpx:TrackPointExtension>
    </extensions>
   </trkpt>
   <trkpt lat="55.7193250" lon="37.5526790">
    <ele>124.2</ele>
    <time>2026-05-29T04:59:31Z</time>
    <extensions>
     <power>457</power>
     <gpxtpx:TrackPointExtension>
      <gpxtpx:hr>168</gpxtpx:hr>
      <gpxtpx:cad>86</gpxtpx:cad>
     </gpxtpx:TrackPointExtension>
    </extensions>
   </trkpt>
   <trkpt lat="55.7193800" lon="37.5526460">
    <ele>124.2</ele>
    <time>2026-05-29T04:59:32Z</time>
    <extensions>
     <power>461</power>
     <gpxtpx:TrackPointExtension>
      <gpxtpx:hr>168</gpxtpx:hr>
      <gpxtpx:cad>86</gpxtpx:cad>
     </gpxtpx:TrackPointExtension>
    </extensions>
   </trkpt>
   <trkpt lat="55.7194000" lon="37.5526300">
    <ele>124.2</ele>
    <time>2026-05-29T04:59:33Z</time>
    <extensions>
     <power>461</power>
     <gpxtpx:TrackPointExtension>
      <gpxtpx:hr>168</gpxtpx:hr>
      <gpxtpx:cad>86</gpxtpx:cad>
     </gpxtpx:TrackPointExtension>
    </extensions>
   </trkpt>
   <trkpt lat="55.7194380" lon="37.5525890">
    <ele>124.2</ele>
    <time>2026-05-29T04:59:34Z</time>
    <extensions>
     <power>459</power>
     <gpxtpx:TrackPointExtension>
      <gpxtpx:hr>168</gpxtpx:hr>
      <gpxtpx:cad>86</gpxtpx:cad>
     </gpxtpx:TrackPointExtension>
    </extensions>
   </trkpt>
   <trkpt lat="55.7194600" lon="37.5525600">
    <ele>124.2</ele>
    <time>2026-05-29T04:59:35Z</time>
    <extensions>
     <power>458</power>
     <gpxtpx:TrackPointExtension>
      <gpxtpx:hr>168</gpxtpx:hr>
      <gpxtpx:cad>86</gpxtpx:cad>
     </gpxtpx:TrackPointExtension>
    </extensions>
   </trkpt>
   <trkpt lat="55.7194800" lon="37.5525290">
    <ele>124.2</ele>
    <time>2026-05-29T04:59:36Z</time>
    <extensions>
     <power>459</power>
     <gpxtpx:TrackPointExtension>
      <gpxtpx:hr>168</gpxtpx:hr>
      <gpxtpx:cad>86</gpxtpx:cad>
     </gpxtpx:TrackPointExtension>
    </extensions>
   </trkpt>
   <trkpt lat="55.7195110" lon="37.5524730">
    <ele>124.2</ele>
    <time>2026-05-29T04:59:37Z</time>
    <extensions>
     <power>455</power>
     <gpxtpx:TrackPointExtension>
      <gpxtpx:hr>168</gpxtpx:hr>
      <gpxtpx:cad>85</gpxtpx:cad>
     </gpxtpx:TrackPointExtension>
    </extensions>
   </trkpt>
   <trkpt lat="55.7195320" lon="37.5524360">
    <ele>124.2</ele>
    <time>2026-05-29T04:59:38Z</time>
    <extensions>
     <power>456</power>
     <gpxtpx:TrackPointExtension>
      <gpxtpx:hr>167</gpxtpx:hr>
      <gpxtpx:cad>85</gpxtpx:cad>
     </gpxtpx:TrackPointExtension>
    </extensions>
   </trkpt>
   <trkpt lat="55.7195650" lon="37.5523770">
    <ele>124.2</ele>
    <time>2026-05-29T04:59:39Z</time>
    <extensions>
     <power>458</power>
     <gpxtpx:TrackPointExtension>
      <gpxtpx:hr>168</gpxtpx:hr>
      <gpxtpx:cad>85</gpxtpx:cad>
     </gpxtpx:TrackPointExtension>
    </extensions>
   </trkpt>
   <trkpt lat="55.7195810" lon="37.5523480">
    <ele>124.2</ele>
    <time>2026-05-29T04:59:40Z</time>
    <extensions>
     <power>458</power>
     <gpxtpx:TrackPointExtension>
      <gpxtpx:hr>168</gpxtpx:hr>
      <gpxtpx:cad>85</gpxtpx:cad>
     </gpxtpx:TrackPointExtension>
    </extensions>
   </trkpt>
   <trkpt lat="55.7196120" lon="37.5522920">
    <ele>124.2</ele>
    <time>2026-05-29T04:59:41Z</time>
    <extensions>
     <power>458</power>
     <gpxtpx:TrackPointExtension>
      <gpxtpx:hr>168</gpxtpx:hr>
      <gpxtpx:cad>86</gpxtpx:cad>
     </gpxtpx:TrackPointExtension>
    </extensions>
   </trkpt>
   <trkpt lat="55.7196340" lon="37.5522530">
    <ele>124.2</ele>
    <time>2026-05-29T04:59:42Z</time>
    <extensions>
     <power>467</power>
     <gpxtpx:TrackPointExtension>
      <gpxtpx:hr>169</gpxtpx:hr>
      <gpxtpx:cad>86</gpxtpx:cad>
     </gpxtpx:TrackPointExtension>
    </extensions>
   </trkpt>
   <trkpt lat="55.7196530" lon="37.5522190">
    <ele>124.2</ele>
    <time>2026-05-29T04:59:43Z</time>
    <extensions>
     <power>465</power>
     <gpxtpx:TrackPointExtension>
      <gpxtpx:hr>169</gpxtpx:hr>
      <gpxtpx:cad>85</gpxtpx:cad>
     </gpxtpx:TrackPointExtension>
    </extensions>
   </trkpt>
   <trkpt lat="55.7196900" lon="37.5521530">
    <ele>124.2</ele>
    <time>2026-05-29T04:59:44Z</time>
    <extensions>
     <power>458</power>
     <gpxtpx:TrackPointExtension>
      <gpxtpx:hr>169</gpxtpx:hr>
      <gpxtpx:cad>86</gpxtpx:cad>
     </gpxtpx:TrackPointExtension>
    </extensions>
   </trkpt>
   <trkpt lat="55.7197030" lon="37.5521300">
    <ele>124.2</ele>
    <time>2026-05-29T04:59:45Z</time>
    <extensions>
     <power>459</power>
     <gpxtpx:TrackPointExtension>
      <gpxtpx:hr>168</gpxtpx:hr>
      <gpxtpx:cad>86</gpxtpx:cad>
     </gpxtpx:TrackPointExtension>
    </extensions>
   </trkpt>
   <trkpt lat="55.7197440" lon="37.5520570">
    <ele>124.2</ele>
    <time>2026-05-29T04:59:46Z</time>
    <extensions>
     <power>465</power>
     <gpxtpx:TrackPointExtension>
      <gpxtpx:hr>168</gpxtpx:hr>
      <gpxtpx:cad>86</gpxtpx:cad>
     </gpxtpx:TrackPointExtension>
    </extensions>
   </trkpt>
   <trkpt lat="55.7197520" lon="37.5520420">
    <ele>124.2</ele>
    <time>2026-05-29T04:59:47Z</time>
    <extensions>
     <power>468</power>
     <gpxtpx:TrackPointExtension>
      <gpxtpx:hr>169</gpxtpx:hr>
      <gpxtpx:cad>86</gpxtpx:cad>
     </gpxtpx:TrackPointExtension>
    </extensions>
   </trkpt>
   <trkpt lat="55.7197860" lon="37.5519820">
    <ele>124.2</ele>
    <time>2026-05-29T04:59:48Z</time>
    <extensions>
     <power>468</power>
     <gpxtpx:TrackPointExtension>
      <gpxtpx:hr>169</gpxtpx:hr>
      <gpxtpx:cad>86</gpxtpx:cad>
     </gpxtpx:TrackPointExtension>
    </extensions>
   </trkpt>
   <trkpt lat="55.7197990" lon="37.5519570">
    <ele>124.2</ele>
    <time>2026-05-29T04:59:49Z</time>
    <extensions>
     <power>468</power>
     <gpxtpx:TrackPointExtension>
      <gpxtpx:hr>168</gpxtpx:hr>
      <gpxtpx:cad>86</gpxtpx:cad>
     </gpxtpx:TrackPointExtension>
    </extensions>
   </trkpt>
   <trkpt lat="55.7198250" lon="37.5519120">
    <ele>124.2</ele>
    <time>2026-05-29T04:59:50Z</time>
    <extensions>
     <power>466</power>
     <gpxtpx:TrackPointExtension>
      <gpxtpx:hr>168</gpxtpx:hr>
      <gpxtpx:cad>86</gpxtpx:cad>
     </gpxtpx:TrackPointExtension>
    </extensions>
   </trkpt>
   <trkpt lat="55.7198500" lon="37.5518660">
    <ele>124.2</ele>
    <time>2026-05-29T04:59:51Z</time>
    <extensions>
     <power>463</power>
     <gpxtpx:TrackPointExtension>
      <gpxtpx:hr>168</gpxtpx:hr>
      <gpxtpx:cad>86</gpxtpx:cad>
     </gpxtpx:TrackPointExtension>
    </extensions>
   </trkpt>
   <trkpt lat="55.7198800" lon="37.5518130">
    <ele>124.2</ele>
    <time>2026-05-29T04:59:52Z</time>
    <extensions>
     <power>465</power>
     <gpxtpx:TrackPointExtension>
      <gpxtpx:hr>168</gpxtpx:hr>
      <gpxtpx:cad>86</gpxtpx:cad>
     </gpxtpx:TrackPointExtension>
    </extensions>
   </trkpt>
   <trkpt lat="55.7198990" lon="37.5517780">
    <ele>124.2</ele>
    <time>2026-05-29T04:59:53Z</time>
    <extensions>
     <power>463</power>
     <gpxtpx:TrackPointExtension>
      <gpxtpx:hr>168</gpxtpx:hr>
      <gpxtpx:cad>86</gpxtpx:cad>
     </gpxtpx:TrackPointExtension>
    </extensions>
   </trkpt>
   <trkpt lat="55.7199160" lon="37.5517490">
    <ele>124.2</ele>
    <time>2026-05-29T04:59:54Z</time>
    <extensions>
     <power>466</power>
     <gpxtpx:TrackPointExtension>
      <gpxtpx:hr>168</gpxtpx:hr>
      <gpxtpx:cad>86</gpxtpx:cad>
     </gpxtpx:TrackPointExtension>
    </extensions>
   </trkpt>
   <trkpt lat="55.7199500" lon="37.5516880">
    <ele>124.2</ele>
    <time>2026-05-29T04:59:55Z</time>
    <extensions>
     <power>464</power>
     <gpxtpx:TrackPointExtension>
      <gpxtpx:hr>168</gpxtpx:hr>
      <gpxtpx:cad>86</gpxtpx:cad>
     </gpxtpx:TrackPointExtension>
    </extensions>
   </trkpt>
   <trkpt lat="55.7199670" lon="37.5516560">
    <ele>124.2</ele>
    <time>2026-05-29T04:59:56Z</time>
    <extensions>
     <power>450</power>
     <gpxtpx:TrackPointExtension>
      <gpxtpx:hr>168</gpxtpx:hr>
      <gpxtpx:cad>86</gpxtpx:cad>
     </gpxtpx:TrackPointExtension>
    </extensions>
   </trkpt>
   <trkpt lat="55.7199950" lon="37.5516080">
    <ele>124.2</ele>
    <time>2026-05-29T04:59:57Z</time>
    <extensions>
     <power>480</power>
     <gpxtpx:TrackPointExtension>
      <gpxtpx:hr>168</gpxtpx:hr>
      <gpxtpx:cad>86</gpxtpx:cad>
     </gpxtpx:TrackPointExtension>
    </extensions>
   </trkpt>
   <trkpt lat="55.7200200" lon="37.5515630">
    <ele>124.2</ele>
    <time>2026-05-29T04:59:58Z</time>
    <extensions>
     <power>453</power>
     <gpxtpx:TrackPointExtension>
      <gpxtpx:hr>169</gpxtpx:hr>
      <gpxtpx:cad>86</gpxtpx:cad>
     </gpxtpx:TrackPointExtension>
    </extensions>
   </trkpt>
   <trkpt lat="55.7200400" lon="37.5515260">
    <ele>124.2</ele>
    <time>2026-05-29T04:59:59Z</time>
    <extensions>
     <power>452</power>
     <gpxtpx:TrackPointExtension>
      <gpxtpx:hr>169</gpxtpx:hr>
      <gpxtpx:cad>86</gpxtpx:cad>
     </gpxtpx:TrackPointExtension>
    </extensions>
   </trkpt>
   <trkpt lat="55.7200640" lon="37.5514760">
    <ele>124.2</ele>
    <time>2026-05-29T05:00:00Z</time>
    <extensions>
     <power>450</power>
     <gpxtpx:TrackPointExtension>
      <gpxtpx:hr>169</gpxtpx:hr>
      <gpxtpx:cad>86</gpxtpx:cad>
     </gpxtpx:TrackPointExtension>
    </extensions>
   </trkpt>
   <trkpt lat="55.7200730" lon="37.5514550">
    <ele>124.2</ele>
    <time>2026-05-29T05:00:01Z</time>
    <extensions>
     <power>444</power>
     <gpxtpx:TrackPointExtension>
      <gpxtpx:hr>169</gpxtpx:hr>
      <gpxtpx:cad>86</gpxtpx:cad>
     </gpxtpx:TrackPointExtension>
    </extensions>
   </trkpt>
   <trkpt lat="55.7200930" lon="37.5513970">
    <ele>124.2</ele>
    <time>2026-05-29T05:00:02Z</time>
    <extensions>
     <power>429</power>
     <gpxtpx:TrackPointExtension>
      <gpxtpx:hr>169</gpxtpx:hr>
      <gpxtpx:cad>86</gpxtpx:cad>
     </gpxtpx:TrackPointExtension>
    </extensions>
   </trkpt>
   <trkpt lat="55.7201010" lon="37.5513660">
    <ele>124.2</ele>
    <time>2026-05-29T05:00:03Z</time>
    <extensions>
     <power>421</power>
     <gpxtpx:TrackPointExtension>
      <gpxtpx:hr>168</gpxtpx:hr>
      <gpxtpx:cad>86</gpxtpx:cad>
     </gpxtpx:TrackPointExtension>
    </extensions>
   </trkpt>
   <trkpt lat="55.7201140" lon="37.5513080">
    <ele>124.2</ele>
    <time>2026-05-29T05:00:04Z</time>
    <extensions>
     <power>419</power>
     <gpxtpx:TrackPointExtension>
      <gpxtpx:hr>167</gpxtpx:hr>
      <gpxtpx:cad>86</gpxtpx:cad>
     </gpxtpx:TrackPointExtension>
    </extensions>
   </trkpt>
   <trkpt lat="55.7201230" lon="37.5512540">
    <ele>124.2</ele>
    <time>2026-05-29T05:00:05Z</time>
    <extensions>
     <power>402</power>
     <gpxtpx:TrackPointExtension>
      <gpxtpx:hr>167</gpxtpx:hr>
      <gpxtpx:cad>86</gpxtpx:cad>
     </gpxtpx:TrackPointExtension>
    </extensions>
   </trkpt>
   <trkpt lat="55.7201270" lon="37.5512110">
    <ele>124.2</ele>
    <time>2026-05-29T05:00:06Z</time>
    <extensions>
     <power>403</power>
     <gpxtpx:TrackPointExtension>
      <gpxtpx:hr>167</gpxtpx:hr>
      <gpxtpx:cad>86</gpxtpx:cad>
     </gpxtpx:TrackPointExtension>
    </extensions>
   </trkpt>
   <trkpt lat="55.7201300" lon="37.5511250">
    <ele>124.2</ele>
    <time>2026-05-29T05:00:07Z</time>
    <extensions>
     <power>406</power>
     <gpxtpx:TrackPointExtension>
      <gpxtpx:hr>168</gpxtpx:hr>
      <gpxtpx:cad>86</gpxtpx:cad>
     </gpxtpx:TrackPointExtension>
    </extensions>
   </trkpt>
   <trkpt lat="55.7201300" lon="37.5510860">
    <ele>124.2</ele>
    <time>2026-05-29T05:00:08Z</time>
    <extensions>
     <power>415</power>
     <gpxtpx:TrackPointExtension>
      <gpxtpx:hr>167</gpxtpx:hr>
      <gpxtpx:cad>86</gpxtpx:cad>
     </gpxtpx:TrackPointExtension>
    </extensions>
   </trkpt>
   <trkpt lat="55.7201230" lon="37.5510070">
    <ele>124.2</ele>
    <time>2026-05-29T05:00:09Z</time>
    <extensions>
     <power>415</power>
     <gpxtpx:TrackPointExtension>
      <gpxtpx:hr>167</gpxtpx:hr>
      <gpxtpx:cad>86</gpxtpx:cad>
     </gpxtpx:TrackPointExtension>
    </extensions>
   </trkpt>
   <trkpt lat="55.7201180" lon="37.5509750">
    <ele>124.2</ele>
    <time>2026-05-29T05:00:10Z</time>
    <extensions>
     <power>412</power>
     <gpxtpx:TrackPointExtension>
      <gpxtpx:hr>167</gpxtpx:hr>
      <gpxtpx:cad>86</gpxtpx:cad>
     </gpxtpx:TrackPointExtension>
    </extensions>
   </trkpt>
   <trkpt lat="55.7201070" lon="37.5509170">
    <ele>124.2</ele>
    <time>2026-05-29T05:00:11Z</time>
    <extensions>
     <power>411</power>
     <gpxtpx:TrackPointExtension>
      <gpxtpx:hr>167</gpxtpx:hr>
      <gpxtpx:cad>86</gpxtpx:cad>
     </gpxtpx:TrackPointExtension>
    </extensions>
   </trkpt>
   <trkpt lat="55.7200920" lon="37.5508580">
    <ele>124.2</ele>
    <time>2026-05-29T05:00:12Z</time>
    <extensions>
     <power>406</power>
     <gpxtpx:TrackPointExtension>
      <gpxtpx:hr>167</gpxtpx:hr>
      <gpxtpx:cad>86</gpxtpx:cad>
     </gpxtpx:TrackPointExtension>
    </extensions>
   </trkpt>
   <trkpt lat="55.7200800" lon="37.5508250">
    <ele>124.2</ele>
    <time>2026-05-29T05:00:13Z</time>
    <extensions>
     <power>406</power>
     <gpxtpx:TrackPointExtension>
      <gpxtpx:hr>167</gpxtpx:hr>
      <gpxtpx:cad>86</gpxtpx:cad>
     </gpxtpx:TrackPointExtension>
    </extensions>
   </trkpt>
   <trkpt lat="55.7200540" lon="37.5507610">
    <ele>124.2</ele>
    <time>2026-05-29T05:00:14Z</time>
    <extensions>
     <power>412</power>
     <gpxtpx:TrackPointExtension>
      <gpxtpx:hr>167</gpxtpx:hr>
      <gpxtpx:cad>85</gpxtpx:cad>
     </gpxtpx:TrackPointExtension>
    </extensions>
   </trkpt>
   <trkpt lat="55.7200450" lon="37.5507430">
    <ele>124.2</ele>
    <time>2026-05-29T05:00:15Z</time>
    <extensions>
     <power>415</power>
     <gpxtpx:TrackPointExtension>
      <gpxtpx:hr>168</gpxtpx:hr>
      <gpxtpx:cad>85</gpxtpx:cad>
     </gpxtpx:TrackPointExtension>
    </extensions>
   </trkpt>
   <trkpt lat="55.7200150" lon="37.5506920">
    <ele>124.2</ele>
    <time>2026-05-29T05:00:16Z</time>
    <extensions>
     <power>413</power>
     <gpxtpx:TrackPointExtension>
      <gpxtpx:hr>169</gpxtpx:hr>
      <gpxtpx:cad>85</gpxtpx:cad>
     </gpxtpx:TrackPointExtension>
    </extensions>
   </trkpt>
   <trkpt lat="55.7199960" lon="37.5506660">
    <ele>124.2</ele>
    <time>2026-05-29T05:00:17Z</time>
    <extensions>
     <power>412</power>
     <gpxtpx:TrackPointExtension>
      <gpxtpx:hr>168</gpxtpx:hr>
      <gpxtpx:cad>85</gpxtpx:cad>
     </gpxtpx:TrackPointExtension>
    </extensions>
   </trkpt>
   <trkpt lat="55.7199760" lon="37.5506440">
    <ele>124.2</ele>
    <time>2026-05-29T05:00:18Z</time>
    <extensions>
     <power>411</power>
     <gpxtpx:TrackPointExtension>
      <gpxtpx:hr>168</gpxtpx:hr>
      <gpxtpx:cad>85</gpxtpx:cad>
     </gpxtpx:TrackPointExtension>
    </extensions>
   </trkpt>
   <trkpt lat="55.7199380" lon="37.5506080">
    <ele>124.2</ele>
    <time>2026-05-29T05:00:19Z</time>
    <extensions>
     <power>410</power>
     <gpxtpx:TrackPointExtension>
      <gpxtpx:hr>168</gpxtpx:hr>
      <gpxtpx:cad>85</gpxtpx:cad>
     </gpxtpx:TrackPointExtension>
    </extensions>
   </trkpt>
   <trkpt lat="55.7199170" lon="37.5505920">
    <ele>124.2</ele>
    <time>2026-05-29T05:00:20Z</time>
    <extensions>
     <power>410</power>
     <gpxtpx:TrackPointExtension>
      <gpxtpx:hr>167</gpxtpx:hr>
      <gpxtpx:cad>85</gpxtpx:cad>
     </gpxtpx:TrackPointExtension>
    </extensions>
   </trkpt>
   <trkpt lat="55.7198710" lon="37.5505700">
    <ele>124.2</ele>
    <time>2026-05-29T05:00:21Z</time>
    <extensions>
     <power>412</power>
     <gpxtpx:TrackPointExtension>
      <gpxtpx:hr>166</gpxtpx:hr>
      <gpxtpx:cad>85</gpxtpx:cad>
     </gpxtpx:TrackPointExtension>
    </extensions>
   </trkpt>
   <trkpt lat="55.7198560" lon="37.5505660">
    <ele>124.2</ele>
    <time>2026-05-29T05:00:22Z</time>
    <extensions>
     <power>413</power>
     <gpxtpx:TrackPointExtension>
      <gpxtpx:hr>167</gpxtpx:hr>
      <gpxtpx:cad>85</gpxtpx:cad>
     </gpxtpx:TrackPointExtension>
    </extensions>
   </trkpt>
   <trkpt lat="55.7198210" lon="37.5505600">
    <ele>124.2</ele>
    <time>2026-05-29T05:00:23Z</time>
    <extensions>
     <power>410</power>
     <gpxtpx:TrackPointExtension>
      <gpxtpx:hr>167</gpxtpx:hr>
      <gpxtpx:cad>85</gpxtpx:cad>
     </gpxtpx:TrackPointExtension>
    </extensions>
   </trkpt>
   <trkpt lat="55.7197910" lon="37.5505610">
    <ele>124.2</ele>
    <time>2026-05-29T05:00:24Z</time>
    <extensions>
     <power>407</power>
     <gpxtpx:TrackPointExtension>
      <gpxtpx:hr>167</gpxtpx:hr>
      <gpxtpx:cad>85</gpxtpx:cad>
     </gpxtpx:TrackPointExtension>
    </extensions>
   </trkpt>
   <trkpt lat="55.7197670" lon="37.5505650">
    <ele>124.2</ele>
    <time>2026-05-29T05:00:25Z</time>
    <extensions>
     <power>405</power>
     <gpxtpx:TrackPointExtension>
      <gpxtpx:hr>167</gpxtpx:hr>
      <gpxtpx:cad>85</gpxtpx:cad>
     </gpxtpx:TrackPointExtension>
    </extensions>
   </trkpt>
   <trkpt lat="55.7197270" lon="37.5505790">
    <ele>124.2</ele>
    <time>2026-05-29T05:00:26Z</time>
    <extensions>
     <power>406</power>
     <gpxtpx:TrackPointExtension>
      <gpxtpx:hr>166</gpxtpx:hr>
      <gpxtpx:cad>85</gpxtpx:cad>
     </gpxtpx:TrackPointExtension>
    </extensions>
   </trkpt>
   <trkpt lat="55.7197100" lon="37.5505880">
    <ele>124.2</ele>
    <time>2026-05-29T05:00:27Z</time>
    <extensions>
     <power>405</power>
     <gpxtpx:TrackPointExtension>
      <gpxtpx:hr>166</gpxtpx:hr>
      <gpxtpx:cad>85</gpxtpx:cad>
     </gpxtpx:TrackPointExtension>
    </extensions>
   </trkpt>
   <trkpt lat="55.7196730" lon="37.5506140">
    <ele>124.2</ele>
    <time>2026-05-29T05:00:28Z</time>
    <extensions>
     <power>405</power>
     <gpxtpx:TrackPointExtension>
      <gpxtpx:hr>166</gpxtpx:hr>
      <gpxtpx:cad>85</gpxtpx:cad>
     </gpxtpx:TrackPointExtension>
    </extensions>
   </trkpt>
   <trkpt lat="55.7196480" lon="37.5506370">
    <ele>124.2</ele>
    <time>2026-05-29T05:00:29Z</time>
    <extensions>
     <power>406</power>
     <gpxtpx:TrackPointExtension>
      <gpxtpx:hr>165</gpxtpx:hr>
      <gpxtpx:cad>85</gpxtpx:cad>
     </gpxtpx:TrackPointExtension>
    </extensions>
   </trkpt>
   <trkpt lat="55.7196030" lon="37.5506940">
    <ele>124.2</ele>
    <time>2026-05-29T05:00:30Z</time>
    <extensions>
     <power>400</power>
     <gpxtpx:TrackPointExtension>
      <gpxtpx:hr>166</gpxtpx:hr>
      <gpxtpx:cad>90</gpxtpx:cad>
     </gpxtpx:TrackPointExtension>
    </extensions>
   </trkpt>
   <trkpt lat="55.7195870" lon="37.5507200">
    <ele>124.2</ele>
    <time>2026-05-29T05:00:31Z</time>
    <extensions>
     <power>404</power>
     <gpxtpx:TrackPointExtension>
      <gpxtpx:hr>167</gpxtpx:hr>
      <gpxtpx:cad>90</gpxtpx:cad>
     </gpxtpx:TrackPointExtension>
    </extensions>
   </trkpt>
   <trkpt lat="55.7195470" lon="37.5507900">
    <ele>124.2</ele>
    <time>2026-05-29T05:00:32Z</time>
    <extensions>
     <power>416</power>
     <gpxtpx:TrackPointExtension>
      <gpxtpx:hr>167</gpxtpx:hr>
      <gpxtpx:cad>90</gpxtpx:cad>
     </gpxtpx:TrackPointExtension>
    </extensions>
   </trkpt>
   <trkpt lat="55.7195330" lon="37.5508150">
    <ele>124.2</ele>
    <time>2026-05-29T05:00:33Z</time>
    <extensions>
     <power>430</power>
     <gpxtpx:TrackPointExtension>
      <gpxtpx:hr>166</gpxtpx:hr>
      <gpxtpx:cad>90</gpxtpx:cad>
     </gpxtpx:TrackPointExtension>
    </extensions>
   </trkpt>
   <trkpt lat="55.7194920" lon="37.5508880">
    <ele>124.2</ele>
    <time>2026-05-29T05:00:34Z</time>
    <extensions>
     <power>434</power>
     <gpxtpx:TrackPointExtension>
      <gpxtpx:hr>166</gpxtpx:hr>
      <gpxtpx:cad>90</gpxtpx:cad>
     </gpxtpx:TrackPointExtension>
    </extensions>
   </trkpt>
   <trkpt lat="55.7194750" lon="37.5509180">
    <ele>124.2</ele>
    <time>2026-05-29T05:00:35Z</time>
    <extensions>
     <power>442</power>
     <gpxtpx:TrackPointExtension>
      <gpxtpx:hr>167</gpxtpx:hr>
      <gpxtpx:cad>90</gpxtpx:cad>
     </gpxtpx:TrackPointExtension>
    </extensions>
   </trkpt>
   <trkpt lat="55.7194440" lon="37.5509740">
    <ele>124.2</ele>
    <time>2026-05-29T05:00:36Z</time>
    <extensions>
     <power>438</power>
     <gpxtpx:TrackPointExtension>
      <gpxtpx:hr>166</gpxtpx:hr>
      <gpxtpx:cad>90</gpxtpx:cad>
     </gpxtpx:TrackPointExtension>
    </extensions>
   </trkpt>
   <trkpt lat="55.7194220" lon="37.5510130">
    <ele>124.2</ele>
    <time>2026-05-29T05:00:37Z</time>
    <extensions>
     <power>453</power>
     <gpxtpx:TrackPointExtension>
      <gpxtpx:hr>167</gpxtpx:hr>
      <gpxtpx:cad>90</gpxtpx:cad>
     </gpxtpx:TrackPointExtension>
    </extensions>
   </trkpt>
   <trkpt lat="55.7193930" lon="37.5510650">
    <ele>124.2</ele>
    <time>2026-05-29T05:00:38Z</time>
    <extensions>
     <power>468</power>
     <gpxtpx:TrackPointExtension>
      <gpxtpx:hr>167</gpxtpx:hr>
      <gpxtpx:cad>87</gpxtpx:cad>
     </gpxtpx:TrackPointExtension>
    </extensions>
   </trkpt>
   <trkpt lat="55.7193640" lon="37.5511170">
    <ele>124.2</ele>
    <time>2026-05-29T05:00:39Z</time>
    <extensions>
     <power>465</power>
     <gpxtpx:TrackPointExtension>
      <gpxtpx:hr>167</gpxtpx:hr>
      <gpxtpx:cad>87</gpxtpx:cad>
     </gpxtpx:TrackPointExtension>
    </extensions>
   </trkpt>
   <trkpt lat="55.7193420" lon="37.5511560">
    <ele>124.2</ele>
    <time>2026-05-29T05:00:40Z</time>
    <extensions>
     <power>465</power>
     <gpxtpx:TrackPointExtension>
      <gpxtpx:hr>166</gpxtpx:hr>
      <gpxtpx:cad>87</gpxtpx:cad>
     </gpxtpx:TrackPointExtension>
    </extensions>
   </trkpt>
   <trkpt lat="55.7193050" lon="37.5512230">
    <ele>124.2</ele>
    <time>2026-05-29T05:00:41Z</time>
    <extensions>
     <power>461</power>
     <gpxtpx:TrackPointExtension>
      <gpxtpx:hr>165</gpxtpx:hr>
      <gpxtpx:cad>86</gpxtpx:cad>
     </gpxtpx:TrackPointExtension>
    </extensions>
   </trkpt>
   <trkpt lat="55.7192750" lon="37.5512760">
    <ele>124.2</ele>
    <time>2026-05-29T05:00:42Z</time>
    <extensions>
     <power>461</power>
     <gpxtpx:TrackPointExtension>
      <gpxtpx:hr>165</gpxtpx:hr>
      <gpxtpx:cad>86</gpxtpx:cad>
     </gpxtpx:TrackPointExtension>
    </extensions>
   </trkpt>
   <trkpt lat="55.7192550" lon="37.5513120">
    <ele>124.2</ele>
    <time>2026-05-29T05:00:43Z</time>
    <extensions>
     <power>483</power>
     <gpxtpx:TrackPointExtension>
      <gpxtpx:hr>167</gpxtpx:hr>
      <gpxtpx:cad>86</gpxtpx:cad>
     </gpxtpx:TrackPointExtension>
    </extensions>
   </trkpt>
   <trkpt lat="55.7192380" lon="37.5513420">
    <ele>124.2</ele>
    <time>2026-05-29T05:00:44Z</time>
    <extensions>
     <power>468</power>
     <gpxtpx:TrackPointExtension>
      <gpxtpx:hr>168</gpxtpx:hr>
      <gpxtpx:cad>86</gpxtpx:cad>
     </gpxtpx:TrackPointExtension>
    </extensions>
   </trkpt>
   <trkpt lat="55.7192050" lon="37.5514020">
    <ele>124.2</ele>
    <time>2026-05-29T05:00:45Z</time>
    <extensions>
     <power>479</power>
     <gpxtpx:TrackPointExtension>
      <gpxtpx:hr>167</gpxtpx:hr>
      <gpxtpx:cad>86</gpxtpx:cad>
     </gpxtpx:TrackPointExtension>
    </extensions>
   </trkpt>
   <trkpt lat="55.7191780" lon="37.5514490">
    <ele>124.2</ele>
    <time>2026-05-29T05:00:46Z</time>
    <extensions>
     <power>477</power>
     <gpxtpx:TrackPointExtension>
      <gpxtpx:hr>167</gpxtpx:hr>
      <gpxtpx:cad>86</gpxtpx:cad>
     </gpxtpx:TrackPointExtension>
    </extensions>
   </trkpt>
   <trkpt lat="55.7191580" lon="37.5514850">
    <ele>124.2</ele>
    <time>2026-05-29T05:00:47Z</time>
    <extensions>
     <power>470</power>
     <gpxtpx:TrackPointExtension>
      <gpxtpx:hr>167</gpxtpx:hr>
      <gpxtpx:cad>87</gpxtpx:cad>
     </gpxtpx:TrackPointExtension>
    </extensions>
   </trkpt>
   <trkpt lat="55.7191220" lon="37.5515500">
    <ele>124.2</ele>
    <time>2026-05-29T05:00:48Z</time>
    <extensions>
     <power>475</power>
     <gpxtpx:TrackPointExtension>
      <gpxtpx:hr>166</gpxtpx:hr>
      <gpxtpx:cad>86</gpxtpx:cad>
     </gpxtpx:TrackPointExtension>
    </extensions>
   </trkpt>
   <trkpt lat="55.7191090" lon="37.5515730">
    <ele>124.2</ele>
    <time>2026-05-29T05:00:49Z</time>
    <extensions>
     <power>471</power>
     <gpxtpx:TrackPointExtension>
      <gpxtpx:hr>166</gpxtpx:hr>
      <gpxtpx:cad>86</gpxtpx:cad>
     </gpxtpx:TrackPointExtension>
    </extensions>
   </trkpt>
   <trkpt lat="55.7190710" lon="37.5516410">
    <ele>124.2</ele>
    <time>2026-05-29T05:00:50Z</time>
    <extensions>
     <power>471</power>
     <gpxtpx:TrackPointExtension>
      <gpxtpx:hr>166</gpxtpx:hr>
      <gpxtpx:cad>86</gpxtpx:cad>
     </gpxtpx:TrackPointExtension>
    </extensions>
   </trkpt>
   <trkpt lat="55.7190640" lon="37.5516530">
    <ele>124.2</ele>
    <time>2026-05-29T05:00:51Z</time>
    <extensions>
     <power>467</power>
     <gpxtpx:TrackPointExtension>
      <gpxtpx:hr>165</gpxtpx:hr>
      <gpxtpx:cad>86</gpxtpx:cad>
     </gpxtpx:TrackPointExtension>
    </extensions>
   </trkpt>
   <trkpt lat="55.7190350" lon="37.5517060">
    <ele>124.2</ele>
    <time>2026-05-29T05:00:52Z</time>
    <extensions>
     <power>465</power>
     <gpxtpx:TrackPointExtension>
      <gpxtpx:hr>166</gpxtpx:hr>
      <gpxtpx:cad>86</gpxtpx:cad>
     </gpxtpx:TrackPointExtension>
    </extensions>
   </trkpt>
   <trkpt lat="55.7190090" lon="37.5517580">
    <ele>124.2</ele>
    <time>2026-05-29T05:00:53Z</time>
    <extensions>
     <power>462</power>
     <gpxtpx:TrackPointExtension>
      <gpxtpx:hr>167</gpxtpx:hr>
      <gpxtpx:cad>86</gpxtpx:cad>
     </gpxtpx:TrackPointExtension>
    </extensions>
   </trkpt>
   <trkpt lat="55.7189960" lon="37.5517850">
    <ele>124.2</ele>
    <time>2026-05-29T05:00:54Z</time>
    <extensions>
     <power>461</power>
     <gpxtpx:TrackPointExtension>
      <gpxtpx:hr>167</gpxtpx:hr>
      <gpxtpx:cad>86</gpxtpx:cad>
     </gpxtpx:TrackPointExtension>
    </extensions>
   </trkpt>
   <trkpt lat="55.7189690" lon="37.5518630">
    <ele>124.2</ele>
    <time>2026-05-29T05:00:55Z</time>
    <extensions>
     <power>461</power>
     <gpxtpx:TrackPointExtension>
      <gpxtpx:hr>167</gpxtpx:hr>
      <gpxtpx:cad>85</gpxtpx:cad>
     </gpxtpx:TrackPointExtension>
    </extensions>
   </trkpt>
   <trkpt lat="55.7189600" lon="37.5518980">
    <ele>124.2</ele>
    <time>2026-05-29T05:00:56Z</time>
    <extensions>
     <power>460</power>
     <gpxtpx:TrackPointExtension>
      <gpxtpx:hr>166</gpxtpx:hr>
      <gpxtpx:cad>86</gpxtpx:cad>
     </gpxtpx:TrackPointExtension>
    </extensions>
   </trkpt>
   <trkpt lat="55.7189430" lon="37.5519880">
    <ele>124.2</ele>
    <time>2026-05-29T05:00:57Z</time>
    <extensions>
     <power>463</power>
     <gpxtpx:TrackPointExtension>
      <gpxtpx:hr>166</gpxtpx:hr>
      <gpxtpx:cad>86</gpxtpx:cad>
     </gpxtpx:TrackPointExtension>
    </extensions>
   </trkpt>
   <trkpt lat="55.7189390" lon="37.5520230">
    <ele>124.2</ele>
    <time>2026-05-29T05:00:58Z</time>
    <extensions>
     <power>460</power>
     <gpxtpx:TrackPointExtension>
      <gpxtpx:hr>165</gpxtpx:hr>
      <gpxtpx:cad>86</gpxtpx:cad>
     </gpxtpx:TrackPointExtension>
    </extensions>
   </trkpt>
   <trkpt lat="55.7189340" lon="37.5520940">
    <ele>124.2</ele>
    <time>2026-05-29T05:00:59Z</time>
    <extensions>
     <power>455</power>
     <gpxtpx:TrackPointExtension>
      <gpxtpx:hr>165</gpxtpx:hr>
      <gpxtpx:cad>86</gpxtpx:cad>
     </gpxtpx:TrackPointExtension>
    </extensions>
   </trkpt>
   <trkpt lat="55.7189350" lon="37.5521470">
    <ele>124.2</ele>
    <time>2026-05-29T05:01:00Z</time>
    <extensions>
     <power>451</power>
     <gpxtpx:TrackPointExtension>
      <gpxtpx:hr>165</gpxtpx:hr>
      <gpxtpx:cad>86</gpxtpx:cad>
     </gpxtpx:TrackPointExtension>
    </extensions>
   </trkpt>
   <trkpt lat="55.7189380" lon="37.5522010">
    <ele>124.2</ele>
    <time>2026-05-29T05:01:01Z</time>
    <extensions>
     <power>443</power>
     <gpxtpx:TrackPointExtension>
      <gpxtpx:hr>164</gpxtpx:hr>
      <gpxtpx:cad>86</gpxtpx:cad>
     </gpxtpx:TrackPointExtension>
    </extensions>
   </trkpt>
   <trkpt lat="55.7189460" lon="37.5522750">
    <ele>124.2</ele>
    <time>2026-05-29T05:01:02Z</time>
    <extensions>
     <power>437</power>
     <gpxtpx:TrackPointExtension>
      <gpxtpx:hr>165</gpxtpx:hr>
      <gpxtpx:cad>87</gpxtpx:cad>
     </gpxtpx:TrackPointExtension>
    </extensions>
   </trkpt>
   <trkpt lat="55.7189520" lon="37.5523070">
    <ele>124.2</ele>
    <time>2026-05-29T05:01:03Z</time>
    <extensions>
     <power>436</power>
     <gpxtpx:TrackPointExtension>
      <gpxtpx:hr>166</gpxtpx:hr>
      <gpxtpx:cad>87</gpxtpx:cad>
     </gpxtpx:TrackPointExtension>
    </extensions>
   </trkpt>
   <trkpt lat="55.7189690" lon="37.5523780">
    <ele>124.2</ele>
    <time>2026-05-29T05:01:04Z</time>
    <extensions>
     <power>438</power>
     <gpxtpx:TrackPointExtension>
      <gpxtpx:hr>166</gpxtpx:hr>
      <gpxtpx:cad>87</gpxtpx:cad>
     </gpxtpx:TrackPointExtension>
    </extensions>
   </trkpt>
   <trkpt lat="55.7189810" lon="37.5524170">
    <ele>124.2</ele>
    <time>2026-05-29T05:01:05Z</time>
    <extensions>
     <power>441</power>
     <gpxtpx:TrackPointExtension>
      <gpxtpx:hr>167</gpxtpx:hr>
      <gpxtpx:cad>86</gpxtpx:cad>
     </gpxtpx:TrackPointExtension>
    </extensions>
   </trkpt>
   <trkpt lat="55.7190080" lon="37.5524850">
    <ele>124.2</ele>
    <time>2026-05-29T05:01:06Z</time>
    <extensions>
     <power>443</power>
     <gpxtpx:TrackPointExtension>
      <gpxtpx:hr>167</gpxtpx:hr>
      <gpxtpx:cad>86</gpxtpx:cad>
     </gpxtpx:TrackPointExtension>
    </extensions>
   </trkpt>
   <trkpt lat="55.7190200" lon="37.5525080">
    <ele>124.2</ele>
    <time>2026-05-29T05:01:07Z</time>
    <extensions>
     <power>445</power>
     <gpxtpx:TrackPointExtension>
      <gpxtpx:hr>166</gpxtpx:hr>
      <gpxtpx:cad>86</gpxtpx:cad>
     </gpxtpx:TrackPointExtension>
    </extensions>
   </trkpt>
   <trkpt lat="55.7190460" lon="37.5525540">
    <ele>124.2</ele>
    <time>2026-05-29T05:01:08Z</time>
    <extensions>
     <power>446</power>
     <gpxtpx:TrackPointExtension>
      <gpxtpx:hr>166</gpxtpx:hr>
      <gpxtpx:cad>86</gpxtpx:cad>
     </gpxtpx:TrackPointExtension>
    </extensions>
   </trkpt>
   <trkpt lat="55.7190780" lon="37.5525960">
    <ele>124.2</ele>
    <time>2026-05-29T05:01:09Z</time>
    <extensions>
     <power>444</power>
     <gpxtpx:TrackPointExtension>
      <gpxtpx:hr>166</gpxtpx:hr>
      <gpxtpx:cad>86</gpxtpx:cad>
     </gpxtpx:TrackPointExtension>
    </extensions>
   </trkpt>
   <trkpt lat="55.7190950" lon="37.5526160">
    <ele>124.2</ele>
    <time>2026-05-29T05:01:10Z</time>
    <extensions>
     <power>443</power>
     <gpxtpx:TrackPointExtension>
      <gpxtpx:hr>166</gpxtpx:hr>
      <gpxtpx:cad>86</gpxtpx:cad>
     </gpxtpx:TrackPointExtension>
    </extensions>
   </trkpt>
   <trkpt lat="55.7191320" lon="37.5526480">
    <ele>124.2</ele>
    <time>2026-05-29T05:01:11Z</time>
    <extensions>
     <power>438</power>
     <gpxtpx:TrackPointExtension>
      <gpxtpx:hr>165</gpxtpx:hr>
      <gpxtpx:cad>85</gpxtpx:cad>
     </gpxtpx:TrackPointExtension>
    </extensions>
   </trkpt>
   <trkpt lat="55.7191490" lon="37.5526600">
    <ele>124.2</ele>
    <time>2026-05-29T05:01:12Z</time>
    <extensions>
     <power>438</power>
     <gpxtpx:TrackPointExtension>
      <gpxtpx:hr>166</gpxtpx:hr>
      <gpxtpx:cad>85</gpxtpx:cad>
     </gpxtpx:TrackPointExtension>
    </extensions>
   </trkpt>
   <trkpt lat="55.7191980" lon="37.5526820">
    <ele>124.2</ele>
    <time>2026-05-29T05:01:13Z</time>
    <extensions>
     <power>437</power>
     <gpxtpx:TrackPointExtension>
      <gpxtpx:hr>167</gpxtpx:hr>
      <gpxtpx:cad>85</gpxtpx:cad>
     </gpxtpx:TrackPointExtension>
    </extensions>
   </trkpt>
   <trkpt lat="55.7192210" lon="37.5526880">
    <ele>124.2</ele>
    <time>2026-05-29T05:01:14Z</time>
    <extensions>
     <power>435</power>
     <gpxtpx:TrackPointExtension>
      <gpxtpx:hr>167</gpxtpx:hr>
      <gpxtpx:cad>85</gpxtpx:cad>
     </gpxtpx:TrackPointExtension>
    </extensions>
   </trkpt>
   <trkpt lat="55.7192570" lon="37.5526910">
    <ele>124.2</ele>
    <time>2026-05-29T05:01:15Z</time>
    <extensions>
     <power>434</power>
     <gpxtpx:TrackPointExtension>
      <gpxtpx:hr>167</gpxtpx:hr>
      <gpxtpx:cad>85</gpxtpx:cad>
     </gpxtpx:TrackPointExtension>
    </extensions>
   </trkpt>
   <trkpt lat="55.7192990" lon="37.5526860">
    <ele>124.2</ele>
    <time>2026-05-29T05:01:16Z</time>
    <extensions>
     <power>433</power>
     <gpxtpx:TrackPointExtension>
      <gpxtpx:hr>166</gpxtpx:hr>
      <gpxtpx:cad>85</gpxtpx:cad>
     </gpxtpx:TrackPointExtension>
    </extensions>
   </trkpt>
   <trkpt lat="55.7193210" lon="37.5526800">
    <ele>124.2</ele>
    <time>2026-05-29T05:01:17Z</time>
    <extensions>
     <power>434</power>
     <gpxtpx:TrackPointExtension>
      <gpxtpx:hr>166</gpxtpx:hr>
      <gpxtpx:cad>85</gpxtpx:cad>
     </gpxtpx:TrackPointExtension>
    </extensions>
   </trkpt>
   <trkpt lat="55.7193720" lon="37.5526520">
    <ele>124.2</ele>
    <time>2026-05-29T05:01:18Z</time>
    <extensions>
     <power>436</power>
     <gpxtpx:TrackPointExtension>
      <gpxtpx:hr>167</gpxtpx:hr>
      <gpxtpx:cad>85</gpxtpx:cad>
     </gpxtpx:TrackPointExtension>
    </extensions>
   </trkpt>
   <trkpt lat="55.7193890" lon="37.5526390">
    <ele>124.2</ele>
    <time>2026-05-29T05:01:19Z</time>
    <extensions>
     <power>441</power>
     <gpxtpx:TrackPointExtension>
      <gpxtpx:hr>167</gpxtpx:hr>
      <gpxtpx:cad>85</gpxtpx:cad>
     </gpxtpx:TrackPointExtension>
    </extensions>
   </trkpt>
   <trkpt lat="55.7194380" lon="37.5525900">
    <ele>124.2</ele>
    <time>2026-05-29T05:01:20Z</time>
    <extensions>
     <power>446</power>
     <gpxtpx:TrackPointExtension>
      <gpxtpx:hr>167</gpxtpx:hr>
      <gpxtpx:cad>86</gpxtpx:cad>
     </gpxtpx:TrackPointExtension>
    </extensions>
   </trkpt>
   <trkpt lat="55.7194580" lon="37.5525630">
    <ele>124.2</ele>
    <time>2026-05-29T05:01:21Z</time>
    <extensions>
     <power>443</power>
     <gpxtpx:TrackPointExtension>
      <gpxtpx:hr>166</gpxtpx:hr>
      <gpxtpx:cad>86</gpxtpx:cad>
     </gpxtpx:TrackPointExtension>
    </extensions>
   </trkpt>
   <trkpt lat="55.7194870" lon="37.5525170">
    <ele>124.2</ele>
    <time>2026-05-29T05:01:22Z</time>
    <extensions>
     <power>441</power>
     <gpxtpx:TrackPointExtension>
      <gpxtpx:hr>166</gpxtpx:hr>
      <gpxtpx:cad>86</gpxtpx:cad>
     </gpxtpx:TrackPointExtension>
    </extensions>
   </trkpt>
   <trkpt lat="55.7195140" lon="37.5524690">
    <ele>124.2</ele>
    <time>2026-05-29T05:01:23Z</time>
    <extensions>
     <power>441</power>
     <gpxtpx:TrackPointExtension>
      <gpxtpx:hr>166</gpxtpx:hr>
      <gpxtpx:cad>86</gpxtpx:cad>
     </gpxtpx:TrackPointExtension>
    </extensions>
   </trkpt>
   <trkpt lat="55.7195360" lon="37.5524280">
    <ele>124.2</ele>
    <time>2026-05-29T05:01:24Z</time>
    <extensions>
     <power>444</power>
     <gpxtpx:TrackPointExtension>
      <gpxtpx:hr>167</gpxtpx:hr>
      <gpxtpx:cad>86</gpxtpx:cad>
     </gpxtpx:TrackPointExtension>
    </extensions>
   </trkpt>
   <trkpt lat="55.7195710" lon="37.5523660">
    <ele>124.2</ele>
    <time>2026-05-29T05:01:25Z</time>
    <extensions>
     <power>445</power>
     <gpxtpx:TrackPointExtension>
      <gpxtpx:hr>168</gpxtpx:hr>
      <gpxtpx:cad>86</gpxtpx:cad>
     </gpxtpx:TrackPointExtension>
    </extensions>
   </trkpt>
   <trkpt lat="55.7195900" lon="37.5523310">
    <ele>124.2</ele>
    <time>2026-05-29T05:01:26Z</time>
    <extensions>
     <power>450</power>
     <gpxtpx:TrackPointExtension>
      <gpxtpx:hr>167</gpxtpx:hr>
      <gpxtpx:cad>86</gpxtpx:cad>
     </gpxtpx:TrackPointExtension>
    </extensions>
   </trkpt>
   <trkpt lat="55.7196230" lon="37.5522730">
    <ele>124.2</ele>
    <time>2026-05-29T05:01:27Z</time>
    <extensions>
     <power>453</power>
     <gpxtpx:TrackPointExtension>
      <gpxtpx:hr>166</gpxtpx:hr>
      <gpxtpx:cad>86</gpxtpx:cad>
     </gpxtpx:TrackPointExtension>
    </extensions>
   </trkpt>
   <trkpt lat="55.7196340" lon="37.5522540">
    <ele>124.2</ele>
    <time>2026-05-29T05:01:28Z</time>
    <extensions>
     <power>458</power>
     <gpxtpx:TrackPointExtension>
      <gpxtpx:hr>166</gpxtpx:hr>
      <gpxtpx:cad>85</gpxtpx:cad>
     </gpxtpx:TrackPointExtension>
    </extensions>
   </trkpt>
   <trkpt lat="55.7196680" lon="37.5521920">
    <ele>124.2</ele>
    <time>2026-05-29T05:01:29Z</time>
    <extensions>
     <power>457</power>
     <gpxtpx:TrackPointExtension>
      <gpxtpx:hr>167</gpxtpx:hr>
      <gpxtpx:cad>85</gpxtpx:cad>
     </gpxtpx:TrackPointExtension>
    </extensions>
   </trkpt>
   <trkpt lat="55.7196880" lon="37.5521570">
    <ele>124.2</ele>
    <time>2026-05-29T05:01:30Z</time>
    <extensions>
     <power>455</power>
     <gpxtpx:TrackPointExtension>
      <gpxtpx:hr>167</gpxtpx:hr>
      <gpxtpx:cad>85</gpxtpx:cad>
     </gpxtpx:TrackPointExtension>
    </extensions>
   </trkpt>
   <trkpt lat="55.7197050" lon="37.5521270">
    <ele>124.2</ele>
    <time>2026-05-29T05:01:31Z</time>
    <extensions>
     <power>456</power>
     <gpxtpx:TrackPointExtension>
      <gpxtpx:hr>166</gpxtpx:hr>
      <gpxtpx:cad>85</gpxtpx:cad>
     </gpxtpx:TrackPointExtension>
    </extensions>
   </trkpt>
   <trkpt lat="55.7197390" lon="37.5520660">
    <ele>124.2</ele>
    <time>2026-05-29T05:01:32Z</time>
    <extensions>
     <power>457</power>
     <gpxtpx:TrackPointExtension>
      <gpxtpx:hr>166</gpxtpx:hr>
      <gpxtpx:cad>85</gpxtpx:cad>
     </gpxtpx:TrackPointExtension>
    </extensions>
   </trkpt>
   <trkpt lat="55.7197720" lon="37.5520080">
    <ele>124.2</ele>
    <time>2026-05-29T05:01:33Z</time>
    <extensions>
     <power>458</power>
     <gpxtpx:TrackPointExtension>
      <gpxtpx:hr>166</gpxtpx:hr>
      <gpxtpx:cad>85</gpxtpx:cad>
     </gpxtpx:TrackPointExtension>
    </extensions>
   </trkpt>
   <trkpt lat="55.7197920" lon="37.5519710">
    <ele>124.2</ele>
    <time>2026-05-29T05:01:34Z</time>
    <extensions>
     <power>461</power>
     <gpxtpx:TrackPointExtension>
      <gpxtpx:hr>167</gpxtpx:hr>
      <gpxtpx:cad>85</gpxtpx:cad>
     </gpxtpx:TrackPointExtension>
    </extensions>
   </trkpt>
   <trkpt lat="55.7198190" lon="37.5519220">
    <ele>124.2</ele>
    <time>2026-05-29T05:01:35Z</time>
    <extensions>
     <power>461</power>
     <gpxtpx:TrackPointExtension>
      <gpxtpx:hr>168</gpxtpx:hr>
      <gpxtpx:cad>85</gpxtpx:cad>
     </gpxtpx:TrackPointExtension>
    </extensions>
   </trkpt>
   <trkpt lat="55.7198380" lon="37.5518870">
    <ele>124.2</ele>
    <time>2026-05-29T05:01:36Z</time>
    <extensions>
     <power>461</power>
     <gpxtpx:TrackPointExtension>
      <gpxtpx:hr>168</gpxtpx:hr>
      <gpxtpx:cad>86</gpxtpx:cad>
     </gpxtpx:TrackPointExtension>
    </extensions>
   </trkpt>
   <trkpt lat="55.7198550" lon="37.5518580">
    <ele>124.2</ele>
    <time>2026-05-29T05:01:37Z</time>
    <extensions>
     <power>461</power>
     <gpxtpx:TrackPointExtension>
      <gpxtpx:hr>168</gpxtpx:hr>
      <gpxtpx:cad>86</gpxtpx:cad>
     </gpxtpx:TrackPointExtension>
    </extensions>
   </trkpt>
   <trkpt lat="55.7198850" lon="37.5518040">
    <ele>124.2</ele>
    <time>2026-05-29T05:01:38Z</time>
    <extensions>
     <power>460</power>
     <gpxtpx:TrackPointExtension>
      <gpxtpx:hr>168</gpxtpx:hr>
      <gpxtpx:cad>86</gpxtpx:cad>
     </gpxtpx:TrackPointExtension>
    </extensions>
   </trkpt>
   <trkpt lat="55.7199120" lon="37.5517560">
    <ele>124.2</ele>
    <time>2026-05-29T05:01:39Z</time>
    <extensions>
     <power>459</power>
     <gpxtpx:TrackPointExtension>
      <gpxtpx:hr>168</gpxtpx:hr>
      <gpxtpx:cad>86</gpxtpx:cad>
     </gpxtpx:TrackPointExtension>
    </extensions>
   </trkpt>
   <trkpt lat="55.7199290" lon="37.5517260">
    <ele>124.2</ele>
    <time>2026-05-29T05:01:40Z</time>
    <extensions>
     <power>458</power>
     <gpxtpx:TrackPointExtension>
      <gpxtpx:hr>169</gpxtpx:hr>
      <gpxtpx:cad>86</gpxtpx:cad>
     </gpxtpx:TrackPointExtension>
    </extensions>
   </trkpt>
   <trkpt lat="55.7199680" lon="37.5516550">
    <ele>124.2</ele>
    <time>2026-05-29T05:01:41Z</time>
    <extensions>
     <power>461</power>
     <gpxtpx:TrackPointExtension>
      <gpxtpx:hr>169</gpxtpx:hr>
      <gpxtpx:cad>86</gpxtpx:cad>
     </gpxtpx:TrackPointExtension>
    </extensions>
   </trkpt>
   <trkpt lat="55.7199990" lon="37.5516000">
    <ele>124.2</ele>
    <time>2026-05-29T05:01:42Z</time>
    <extensions>
     <power>461</power>
     <gpxtpx:TrackPointExtension>
      <gpxtpx:hr>168</gpxtpx:hr>
      <gpxtpx:cad>86</gpxtpx:cad>
     </gpxtpx:TrackPointExtension>
    </extensions>
   </trkpt>
   <trkpt lat="55.7200200" lon="37.5515620">
    <ele>124.2</ele>
    <time>2026-05-29T05:01:43Z</time>
    <extensions>
     <power>461</power>
     <gpxtpx:TrackPointExtension>
      <gpxtpx:hr>168</gpxtpx:hr>
      <gpxtpx:cad>86</gpxtpx:cad>
     </gpxtpx:TrackPointExtension>
    </extensions>
   </trkpt>
   <trkpt lat="55.7200350" lon="37.5515350">
    <ele>124.2</ele>
    <time>2026-05-29T05:01:44Z</time>
    <extensions>
     <power>457</power>
     <gpxtpx:TrackPointExtension>
      <gpxtpx:hr>168</gpxtpx:hr>
      <gpxtpx:cad>87</gpxtpx:cad>
     </gpxtpx:TrackPointExtension>
    </extensions>
   </trkpt>
   <trkpt lat="55.7200540" lon="37.5514970">
    <ele>124.2</ele>
    <time>2026-05-29T05:01:45Z</time>
    <extensions>
     <power>454</power>
     <gpxtpx:TrackPointExtension>
      <gpxtpx:hr>168</gpxtpx:hr>
      <gpxtpx:cad>86</gpxtpx:cad>
     </gpxtpx:TrackPointExtension>
    </extensions>
   </trkpt>
   <trkpt lat="55.7200780" lon="37.5514390">
    <ele>124.2</ele>
    <time>2026-05-29T05:01:46Z</time>
    <extensions>
     <power>451</power>
     <gpxtpx:TrackPointExtension>
      <gpxtpx:hr>167</gpxtpx:hr>
      <gpxtpx:cad>85</gpxtpx:cad>
     </gpxtpx:TrackPointExtension>
    </extensions>
   </trkpt>
   <trkpt lat="55.7200870" lon="37.5514150">
    <ele>124.2</ele>
    <time>2026-05-29T05:01:47Z</time>
    <extensions>
     <power>455</power>
     <gpxtpx:TrackPointExtension>
      <gpxtpx:hr>168</gpxtpx:hr>
      <gpxtpx:cad>85</gpxtpx:cad>
     </gpxtpx:TrackPointExtension>
    </extensions>
   </trkpt>
   <trkpt lat="55.7201100" lon="37.5513290">
    <ele>124.2</ele>
    <time>2026-05-29T05:01:48Z</time>
    <extensions>
     <power>458</power>
     <gpxtpx:TrackPointExtension>
      <gpxtpx:hr>166</gpxtpx:hr>
      <gpxtpx:cad>85</gpxtpx:cad>
     </gpxtpx:TrackPointExtension>
    </extensions>
   </trkpt>
   <trkpt lat="55.7201140" lon="37.5513090">
    <ele>124.2</ele>
    <time>2026-05-29T05:01:49Z</time>
    <extensions>
     <power>462</power>
     <gpxtpx:TrackPointExtension>
      <gpxtpx:hr>167</gpxtpx:hr>
      <gpxtpx:cad>85</gpxtpx:cad>
     </gpxtpx:TrackPointExtension>
    </extensions>
   </trkpt>
   <trkpt lat="55.7201250" lon="37.5512300">
    <ele>124.2</ele>
    <time>2026-05-29T05:01:50Z</time>
    <extensions>
     <power>456</power>
     <gpxtpx:TrackPointExtension>
      <gpxtpx:hr>168</gpxtpx:hr>
      <gpxtpx:cad>85</gpxtpx:cad>
     </gpxtpx:TrackPointExtension>
    </extensions>
   </trkpt>
   <trkpt lat="55.7201270" lon="37.5512030">
    <ele>124.2</ele>
    <time>2026-05-29T05:01:51Z</time>
    <extensions>
     <power>452</power>
     <gpxtpx:TrackPointExtension>
      <gpxtpx:hr>168</gpxtpx:hr>
      <gpxtpx:cad>85</gpxtpx:cad>
     </gpxtpx:TrackPointExtension>
    </extensions>
   </trkpt>
   <trkpt lat="55.7201300" lon="37.5511440">
    <ele>124.2</ele>
    <time>2026-05-29T05:01:52Z</time>
    <extensions>
     <power>450</power>
     <gpxtpx:TrackPointExtension>
      <gpxtpx:hr>168</gpxtpx:hr>
      <gpxtpx:cad>85</gpxtpx:cad>
     </gpxtpx:TrackPointExtension>
    </extensions>
   </trkpt>
   <trkpt lat="55.7201300" lon="37.5510860">
    <ele>124.2</ele>
    <time>2026-05-29T05:01:53Z</time>
    <extensions>
     <power>447</power>
     <gpxtpx:TrackPointExtension>
      <gpxtpx:hr>169</gpxtpx:hr>
      <gpxtpx:cad>85</gpxtpx:cad>
     </gpxtpx:TrackPointExtension>
    </extensions>
   </trkpt>
   <trkpt lat="55.7201270" lon="37.5510570">
    <ele>124.2</ele>
    <time>2026-05-29T05:01:54Z</time>
    <extensions>
     <power>443</power>
     <gpxtpx:TrackPointExtension>
      <gpxtpx:hr>169</gpxtpx:hr>
      <gpxtpx:cad>85</gpxtpx:cad>
     </gpxtpx:TrackPointExtension>
    </extensions>
   </trkpt>
   <trkpt lat="55.7201170" lon="37.5509720">
    <ele>124.2</ele>
    <time>2026-05-29T05:01:55Z</time>
    <extensions>
     <power>446</power>
     <gpxtpx:TrackPointExtension>
      <gpxtpx:hr>169</gpxtpx:hr>
      <gpxtpx:cad>85</gpxtpx:cad>
     </gpxtpx:TrackPointExtension>
    </extensions>
   </trkpt>
   <trkpt lat="55.7201120" lon="37.5509410">
    <ele>124.2</ele>
    <time>2026-05-29T05:01:56Z</time>
    <extensions>
     <power>441</power>
     <gpxtpx:TrackPointExtension>
      <gpxtpx:hr>169</gpxtpx:hr>
      <gpxtpx:cad>85</gpxtpx:cad>
     </gpxtpx:TrackPointExtension>
    </extensions>
   </trkpt>
   <trkpt lat="55.7200930" lon="37.5508650">
    <ele>124.2</ele>
    <time>2026-05-29T05:01:57Z</time>
    <extensions>
     <power>438</power>
     <gpxtpx:TrackPointExtension>
      <gpxtpx:hr>168</gpxtpx:hr>
      <gpxtpx:cad>85</gpxtpx:cad>
     </gpxtpx:TrackPointExtension>
    </extensions>
   </trkpt>
   <trkpt lat="55.7200800" lon="37.5508240">
    <ele>124.2</ele>
    <time>2026-05-29T05:01:58Z</time>
    <extensions>
     <power>422</power>
     <gpxtpx:TrackPointExtension>
      <gpxtpx:hr>168</gpxtpx:hr>
      <gpxtpx:cad>85</gpxtpx:cad>
     </gpxtpx:TrackPointExtension>
    </extensions>
   </trkpt>
   <trkpt lat="55.7200640" lon="37.5507810">
    <ele>124.2</ele>
    <time>2026-05-29T05:01:59Z</time>
    <extensions>
     <power>421</power>
     <gpxtpx:TrackPointExtension>
      <gpxtpx:hr>167</gpxtpx:hr>
      <gpxtpx:cad>85</gpxtpx:cad>
     </gpxtpx:TrackPointExtension>
    </extensions>
   </trkpt>
   <trkpt lat="55.7200340" lon="37.5507220">
    <ele>124.2</ele>
    <time>2026-05-29T05:02:00Z</time>
    <extensions>
     <power>423</power>
     <gpxtpx:TrackPointExtension>
      <gpxtpx:hr>167</gpxtpx:hr>
      <gpxtpx:cad>85</gpxtpx:cad>
     </gpxtpx:TrackPointExtension>
    </extensions>
   </trkpt>
   <trkpt lat="55.7200020" lon="37.5506770">
    <ele>124.2</ele>
    <time>2026-05-29T05:02:01Z</time>
    <extensions>
     <power>425</power>
     <gpxtpx:TrackPointExtension>
      <gpxtpx:hr>168</gpxtpx:hr>
      <gpxtpx:cad>85</gpxtpx:cad>
     </gpxtpx:TrackPointExtension>
    </extensions>
   </trkpt>
   <trkpt lat="55.7199800" lon="37.5506470">
    <ele>124.2</ele>
    <time>2026-05-29T05:02:02Z</time>
    <extensions>
     <power>423</power>
     <gpxtpx:TrackPointExtension>
      <gpxtpx:hr>168</gpxtpx:hr>
      <gpxtpx:cad>85</gpxtpx:cad>
     </gpxtpx:TrackPointExtension>
    </extensions>
   </trkpt>
   <trkpt lat="55.7199680" lon="37.5506340">
    <ele>124.2</ele>
    <time>2026-05-29T05:02:03Z</time>
    <extensions>
     <power>413</power>
     <gpxtpx:TrackPointExtension>
      <gpxtpx:hr>167</gpxtpx:hr>
      <gpxtpx:cad>86</gpxtpx:cad>
     </gpxtpx:TrackPointExtension>
    </extensions>
   </trkpt>
   <trkpt lat="55.7199260" lon="37.5505980">
    <ele>124.2</ele>
    <time>2026-05-29T05:02:04Z</time>
    <extensions>
     <power>420</power>
     <gpxtpx:TrackPointExtension>
      <gpxtpx:hr>167</gpxtpx:hr>
      <gpxtpx:cad>86</gpxtpx:cad>
     </gpxtpx:TrackPointExtension>
    </extensions>
   </trkpt>
   <trkpt lat="55.7199080" lon="37.5505880">
    <ele>124.2</ele>
    <time>2026-05-29T05:02:05Z</time>
    <extensions>
     <power>408</power>
     <gpxtpx:TrackPointExtension>
      <gpxtpx:hr>167</gpxtpx:hr>
      <gpxtpx:cad>86</gpxtpx:cad>
     </gpxtpx:TrackPointExtension>
    </extensions>
   </trkpt>
   <trkpt lat="55.7198760" lon="37.5505710">
    <ele>124.2</ele>
    <time>2026-05-29T05:02:06Z</time>
    <extensions>
     <power>408</power>
     <gpxtpx:TrackPointExtension>
      <gpxtpx:hr>167</gpxtpx:hr>
      <gpxtpx:cad>86</gpxtpx:cad>
     </gpxtpx:TrackPointExtension>
    </extensions>
   </trkpt>
   <trkpt lat="55.7198390" lon="37.5505620">
    <ele>124.2</ele>
    <time>2026-05-29T05:02:07Z</time>
    <extensions>
     <power>406</power>
     <gpxtpx:TrackPointExtension>
      <gpxtpx:hr>167</gpxtpx:hr>
      <gpxtpx:cad>86</gpxtpx:cad>
     </gpxtpx:TrackPointExtension>
    </extensions>
   </trkpt>
   <trkpt lat="55.7198220" lon="37.5505600">
    <ele>124.2</ele>
    <time>2026-05-29T05:02:08Z</time>
    <extensions>
     <power>405</power>
     <gpxtpx:TrackPointExtension>
      <gpxtpx:hr>166</gpxtpx:hr>
      <gpxtpx:cad>86</gpxtpx:cad>
     </gpxtpx:TrackPointExtension>
    </extensions>
   </trkpt>
   <trkpt lat="55.7197750" lon="37.5505630">
    <ele>124.2</ele>
    <time>2026-05-29T05:02:09Z</time>
    <extensions>
     <power>401</power>
     <gpxtpx:TrackPointExtension>
      <gpxtpx:hr>168</gpxtpx:hr>
      <gpxtpx:cad>86</gpxtpx:cad>
     </gpxtpx:TrackPointExtension>
    </extensions>
   </trkpt>
   <trkpt lat="55.7197610" lon="37.5505670">
    <ele>124.2</ele>
    <time>2026-05-29T05:02:10Z</time>
    <extensions>
     <power>401</power>
     <gpxtpx:TrackPointExtension>
      <gpxtpx:hr>169</gpxtpx:hr>
      <gpxtpx:cad>86</gpxtpx:cad>
     </gpxtpx:TrackPointExtension>
    </extensions>
   </trkpt>
   <trkpt lat="55.7197210" lon="37.5505830">
    <ele>124.2</ele>
    <time>2026-05-29T05:02:11Z</time>
    <extensions>
     <power>401</power>
     <gpxtpx:TrackPointExtension>
      <gpxtpx:hr>169</gpxtpx:hr>
      <gpxtpx:cad>86</gpxtpx:cad>
     </gpxtpx:TrackPointExtension>
    </extensions>
   </trkpt>
   <trkpt lat="55.7196960" lon="37.5505960">
    <ele>124.2</ele>
    <time>2026-05-29T05:02:12Z</time>
    <extensions>
     <power>399</power>
     <gpxtpx:TrackPointExtension>
      <gpxtpx:hr>168</gpxtpx:hr>
      <gpxtpx:cad>86</gpxtpx:cad>
     </gpxtpx:TrackPointExtension>
    </extensions>
   </trkpt>
   <trkpt lat="55.7196630" lon="37.5506230">
    <ele>124.2</ele>
    <time>2026-05-29T05:02:13Z</time>
    <extensions>
     <power>399</power>
     <gpxtpx:TrackPointExtension>
      <gpxtpx:hr>167</gpxtpx:hr>
      <gpxtpx:cad>86</gpxtpx:cad>
     </gpxtpx:TrackPointExtension>
    </extensions>
   </trkpt>
   <trkpt lat="55.7196350" lon="37.5506520">
    <ele>124.2</ele>
    <time>2026-05-29T05:02:14Z</time>
    <extensions>
     <power>403</power>
     <gpxtpx:TrackPointExtension>
      <gpxtpx:hr>168</gpxtpx:hr>
      <gpxtpx:cad>86</gpxtpx:cad>
     </gpxtpx:TrackPointExtension>
    </extensions>
   </trkpt>
   <trkpt lat="55.7196000" lon="37.5506980">
    <ele>124.2</ele>
    <time>2026-05-29T05:02:15Z</time>
    <extensions>
     <power>403</power>
     <gpxtpx:TrackPointExtension>
      <gpxtpx:hr>167</gpxtpx:hr>
      <gpxtpx:cad>86</gpxtpx:cad>
     </gpxtpx:TrackPointExtension>
    </extensions>
   </trkpt>
   <trkpt lat="55.7195730" lon="37.5507420">
    <ele>124.2</ele>
    <time>2026-05-29T05:02:16Z</time>
    <extensions>
     <power>446</power>
     <gpxtpx:TrackPointExtension>
      <gpxtpx:hr>166</gpxtpx:hr>
      <gpxtpx:cad>86</gpxtpx:cad>
     </gpxtpx:TrackPointExtension>
    </extensions>
   </trkpt>
   <trkpt lat="55.7195490" lon="37.5507870">
    <ele>124.2</ele>
    <time>2026-05-29T05:02:17Z</time>
    <extensions>
     <power>462</power>
     <gpxtpx:TrackPointExtension>
      <gpxtpx:hr>168</gpxtpx:hr>
      <gpxtpx:cad>88</gpxtpx:cad>
     </gpxtpx:TrackPointExtension>
    </extensions>
   </trkpt>
   <trkpt lat="55.7195130" lon="37.5508510">
    <ele>124.2</ele>
    <time>2026-05-29T05:02:18Z</time>
    <extensions>
     <power>458</power>
     <gpxtpx:TrackPointExtension>
      <gpxtpx:hr>169</gpxtpx:hr>
      <gpxtpx:cad>88</gpxtpx:cad>
     </gpxtpx:TrackPointExtension>
    </extensions>
   </trkpt>
   <trkpt lat="55.7194930" lon="37.5508860">
    <ele>124.2</ele>
    <time>2026-05-29T05:02:19Z</time>
    <extensions>
     <power>465</power>
     <gpxtpx:TrackPointExtension>
      <gpxtpx:hr>168</gpxtpx:hr>
      <gpxtpx:cad>88</gpxtpx:cad>
     </gpxtpx:TrackPointExtension>
    </extensions>
   </trkpt>
   <trkpt lat="55.7194500" lon="37.5509630">
    <ele>124.2</ele>
    <time>2026-05-29T05:02:20Z</time>
    <extensions>
     <power>442</power>
     <gpxtpx:TrackPointExtension>
      <gpxtpx:hr>168</gpxtpx:hr>
      <gpxtpx:cad>88</gpxtpx:cad>
     </gpxtpx:TrackPointExtension>
    </extensions>
   </trkpt>
   <trkpt lat="55.7194330" lon="37.5509940">
    <ele>124.2</ele>
    <time>2026-05-29T05:02:21Z</time>
    <extensions>
     <power>444</power>
     <gpxtpx:TrackPointExtension>
      <gpxtpx:hr>168</gpxtpx:hr>
      <gpxtpx:cad>88</gpxtpx:cad>
     </gpxtpx:TrackPointExtension>
    </extensions>
   </trkpt>
   <trkpt lat="55.7193910" lon="37.5510680">
    <ele>124.2</ele>
    <time>2026-05-29T05:02:22Z</time>
    <extensions>
     <power>446</power>
     <gpxtpx:TrackPointExtension>
      <gpxtpx:hr>169</gpxtpx:hr>
      <gpxtpx:cad>88</gpxtpx:cad>
     </gpxtpx:TrackPointExtension>
    </extensions>
   </trkpt>
   <trkpt lat="55.7193760" lon="37.5510960">
    <ele>124.2</ele>
    <time>2026-05-29T05:02:23Z</time>
    <extensions>
     <power>440</power>
     <gpxtpx:TrackPointExtension>
      <gpxtpx:hr>167</gpxtpx:hr>
      <gpxtpx:cad>88</gpxtpx:cad>
     </gpxtpx:TrackPointExtension>
    </extensions>
   </trkpt>
   <trkpt lat="55.7193350" lon="37.5511680">
    <ele>124.2</ele>
    <time>2026-05-29T05:02:24Z</time>
    <extensions>
     <power>438</power>
     <gpxtpx:TrackPointExtension>
      <gpxtpx:hr>168</gpxtpx:hr>
      <gpxtpx:cad>87</gpxtpx:cad>
     </gpxtpx:TrackPointExtension>
    </extensions>
   </trkpt>
   <trkpt lat="55.7193180" lon="37.5512000">
    <ele>124.2</ele>
    <time>2026-05-29T05:02:25Z</time>
    <extensions>
     <power>435</power>
     <gpxtpx:TrackPointExtension>
      <gpxtpx:hr>169</gpxtpx:hr>
      <gpxtpx:cad>87</gpxtpx:cad>
     </gpxtpx:TrackPointExtension>
    </extensions>
   </trkpt>
   <trkpt lat="55.7192820" lon="37.5512650">
    <ele>124.2</ele>
    <time>2026-05-29T05:02:26Z</time>
    <extensions>
     <power>435</power>
     <gpxtpx:TrackPointExtension>
      <gpxtpx:hr>170</gpxtpx:hr>
      <gpxtpx:cad>87</gpxtpx:cad>
     </gpxtpx:TrackPointExtension>
    </extensions>
   </trkpt>
   <trkpt lat="55.7192610" lon="37.5513020">
    <ele>124.2</ele>
    <time>2026-05-29T05:02:27Z</time>
    <extensions>
     <power>460</power>
     <gpxtpx:TrackPointExtension>
      <gpxtpx:hr>169</gpxtpx:hr>
      <gpxtpx:cad>87</gpxtpx:cad>
     </gpxtpx:TrackPointExtension>
    </extensions>
   </trkpt>
   <trkpt lat="55.7192300" lon="37.5513580">
    <ele>124.2</ele>
    <time>2026-05-29T05:02:28Z</time>
    <extensions>
     <power>473</power>
     <gpxtpx:TrackPointExtension>
      <gpxtpx:hr>169</gpxtpx:hr>
      <gpxtpx:cad>87</gpxtpx:cad>
     </gpxtpx:TrackPointExtension>
    </extensions>
   </trkpt>
   <trkpt lat="55.7192090" lon="37.5513940">
    <ele>124.2</ele>
    <time>2026-05-29T05:02:29Z</time>
    <extensions>
     <power>460</power>
     <gpxtpx:TrackPointExtension>
      <gpxtpx:hr>170</gpxtpx:hr>
      <gpxtpx:cad>87</gpxtpx:cad>
     </gpxtpx:TrackPointExtension>
    </extensions>
   </trkpt>
   <trkpt lat="55.7191790" lon="37.5514490">
    <ele>124.2</ele>
    <time>2026-05-29T05:02:30Z</time>
    <extensions>
     <power>471</power>
     <gpxtpx:TrackPointExtension>
      <gpxtpx:hr>169</gpxtpx:hr>
      <gpxtpx:cad>87</gpxtpx:cad>
     </gpxtpx:TrackPointExtension>
    </extensions>
   </trkpt>
   <trkpt lat="55.7191580" lon="37.5514860">
    <ele>124.2</ele>
    <time>2026-05-29T05:02:31Z</time>
    <extensions>
     <power>447</power>
     <gpxtpx:TrackPointExtension>
      <gpxtpx:hr>169</gpxtpx:hr>
      <gpxtpx:cad>87</gpxtpx:cad>
     </gpxtpx:TrackPointExtension>
    </extensions>
   </trkpt>
   <trkpt lat="55.7191370" lon="37.5515240">
    <ele>124.2</ele>
    <time>2026-05-29T05:02:32Z</time>
    <extensions>
     <power>443</power>
     <gpxtpx:TrackPointExtension>
      <gpxtpx:hr>169</gpxtpx:hr>
      <gpxtpx:cad>87</gpxtpx:cad>
     </gpxtpx:TrackPointExtension>
    </extensions>
   </trkpt>
   <trkpt lat="55.7191020" lon="37.5515860">
    <ele>124.2</ele>
    <time>2026-05-29T05:02:33Z</time>
    <extensions>
     <power>452</power>
     <gpxtpx:TrackPointExtension>
      <gpxtpx:hr>167</gpxtpx:hr>
      <gpxtpx:cad>86</gpxtpx:cad>
     </gpxtpx:TrackPointExtension>
    </extensions>
   </trkpt>
   <trkpt lat="55.7190720" lon="37.5516410">
    <ele>124.2</ele>
    <time>2026-05-29T05:02:34Z</time>
    <extensions>
     <power>449</power>
     <gpxtpx:TrackPointExtension>
      <gpxtpx:hr>169</gpxtpx:hr>
      <gpxtpx:cad>86</gpxtpx:cad>
     </gpxtpx:TrackPointExtension>
    </extensions>
   </trkpt>
   <trkpt lat="55.7190520" lon="37.5516750">
    <ele>124.2</ele>
    <time>2026-05-29T05:02:35Z</time>
    <extensions>
     <power>454</power>
     <gpxtpx:TrackPointExtension>
      <gpxtpx:hr>170</gpxtpx:hr>
      <gpxtpx:cad>86</gpxtpx:cad>
     </gpxtpx:TrackPointExtension>
    </extensions>
   </trkpt>
   <trkpt lat="55.7190370" lon="37.5517030">
    <ele>124.2</ele>
    <time>2026-05-29T05:02:36Z</time>
    <extensions>
     <power>450</power>
     <gpxtpx:TrackPointExtension>
      <gpxtpx:hr>170</gpxtpx:hr>
      <gpxtpx:cad>86</gpxtpx:cad>
     </gpxtpx:TrackPointExtension>
    </extensions>
   </trkpt>
   <trkpt lat="55.7190060" lon="37.5517630">
    <ele>124.2</ele>
    <time>2026-05-29T05:02:37Z</time>
    <extensions>
     <power>454</power>
     <gpxtpx:TrackPointExtension>
      <gpxtpx:hr>171</gpxtpx:hr>
      <gpxtpx:cad>86</gpxtpx:cad>
     </gpxtpx:TrackPointExtension>
    </extensions>
   </trkpt>
   <trkpt lat="55.7189870" lon="37.5518120">
    <ele>124.2</ele>
    <time>2026-05-29T05:02:38Z</time>
    <extensions>
     <power>453</power>
     <gpxtpx:TrackPointExtension>
      <gpxtpx:hr>170</gpxtpx:hr>
      <gpxtpx:cad>86</gpxtpx:cad>
     </gpxtpx:TrackPointExtension>
    </extensions>
   </trkpt>
   <trkpt lat="55.7189700" lon="37.5518610">
    <ele>124.2</ele>
    <time>2026-05-29T05:02:39Z</time>
    <extensions>
     <power>457</power>
     <gpxtpx:TrackPointExtension>
      <gpxtpx:hr>169</gpxtpx:hr>
      <gpxtpx:cad>86</gpxtpx:cad>
     </gpxtpx:TrackPointExtension>
    </extensions>
   </trkpt>
   <trkpt lat="55.7189530" lon="37.5519250">
    <ele>124.2</ele>
    <time>2026-05-29T05:02:40Z</time>
    <extensions>
     <power>465</power>
     <gpxtpx:TrackPointExtension>
      <gpxtpx:hr>168</gpxtpx:hr>
      <gpxtpx:cad>87</gpxtpx:cad>
     </gpxtpx:TrackPointExtension>
    </extensions>
   </trkpt>
   <trkpt lat="55.7189440" lon="37.5519830">
    <ele>124.2</ele>
    <time>2026-05-29T05:02:41Z</time>
    <extensions>
     <power>460</power>
     <gpxtpx:TrackPointExtension>
      <gpxtpx:hr>168</gpxtpx:hr>
      <gpxtpx:cad>87</gpxtpx:cad>
     </gpxtpx:TrackPointExtension>
    </extensions>
   </trkpt>
   <trkpt lat="55.7189360" lon="37.5520580">
    <ele>124.2</ele>
    <time>2026-05-29T05:02:42Z</time>
    <extensions>
     <power>462</power>
     <gpxtpx:TrackPointExtension>
      <gpxtpx:hr>168</gpxtpx:hr>
      <gpxtpx:cad>87</gpxtpx:cad>
     </gpxtpx:TrackPointExtension>
    </extensions>
   </trkpt>
   <trkpt lat="55.7189350" lon="37.5521090">
    <ele>124.2</ele>
    <time>2026-05-29T05:02:43Z</time>
    <extensions>
     <power>463</power>
     <gpxtpx:TrackPointExtension>
      <gpxtpx:hr>168</gpxtpx:hr>
      <gpxtpx:cad>87</gpxtpx:cad>
     </gpxtpx:TrackPointExtension>
    </extensions>
   </trkpt>
   <trkpt lat="55.7189370" lon="37.5521910">
    <ele>124.2</ele>
    <time>2026-05-29T05:02:44Z</time>
    <extensions>
     <power>467</power>
     <gpxtpx:TrackPointExtension>
      <gpxtpx:hr>168</gpxtpx:hr>
      <gpxtpx:cad>87</gpxtpx:cad>
     </gpxtpx:TrackPointExtension>
    </extensions>
   </trkpt>
   <trkpt lat="55.7189400" lon="37.5522250">
    <ele>124.2</ele>
    <time>2026-05-29T05:02:45Z</time>
    <extensions>
     <power>466</power>
     <gpxtpx:TrackPointExtension>
      <gpxtpx:hr>168</gpxtpx:hr>
      <gpxtpx:cad>87</gpxtpx:cad>
     </gpxtpx:TrackPointExtension>
    </extensions>
   </trkpt>
   <trkpt lat="55.7189520" lon="37.5523100">
    <ele>124.2</ele>
    <time>2026-05-29T05:02:46Z</time>
    <extensions>
     <power>471</power>
     <gpxtpx:TrackPointExtension>
      <gpxtpx:hr>168</gpxtpx:hr>
      <gpxtpx:cad>87</gpxtpx:cad>
     </gpxtpx:TrackPointExtension>
    </extensions>
   </trkpt>
   <trkpt lat="55.7189630" lon="37.5523570">
    <ele>124.2</ele>
    <time>2026-05-29T05:02:47Z</time>
    <extensions>
     <power>469</power>
     <gpxtpx:TrackPointExtension>
      <gpxtpx:hr>170</gpxtpx:hr>
      <gpxtpx:cad>87</gpxtpx:cad>
     </gpxtpx:TrackPointExtension>
    </extensions>
   </trkpt>
   <trkpt lat="55.7189840" lon="37.5524250">
    <ele>124.2</ele>
    <time>2026-05-29T05:02:48Z</time>
    <extensions>
     <power>465</power>
     <gpxtpx:TrackPointExtension>
      <gpxtpx:hr>170</gpxtpx:hr>
      <gpxtpx:cad>87</gpxtpx:cad>
     </gpxtpx:TrackPointExtension>
    </extensions>
   </trkpt>
   <trkpt lat="55.7189950" lon="37.5524570">
    <ele>124.2</ele>
    <time>2026-05-29T05:02:49Z</time>
    <extensions>
     <power>466</power>
     <gpxtpx:TrackPointExtension>
      <gpxtpx:hr>169</gpxtpx:hr>
      <gpxtpx:cad>87</gpxtpx:cad>
     </gpxtpx:TrackPointExtension>
    </extensions>
   </trkpt>
   <trkpt lat="55.7190190" lon="37.5525070">
    <ele>124.2</ele>
    <time>2026-05-29T05:02:50Z</time>
    <extensions>
     <power>461</power>
     <gpxtpx:TrackPointExtension>
      <gpxtpx:hr>170</gpxtpx:hr>
      <gpxtpx:cad>88</gpxtpx:cad>
     </gpxtpx:TrackPointExtension>
    </extensions>
   </trkpt>
   <trkpt lat="55.7190430" lon="37.5525490">
    <ele>124.2</ele>
    <time>2026-05-29T05:02:51Z</time>
    <extensions>
     <power>459</power>
     <gpxtpx:TrackPointExtension>
      <gpxtpx:hr>170</gpxtpx:hr>
      <gpxtpx:cad>87</gpxtpx:cad>
     </gpxtpx:TrackPointExtension>
    </extensions>
   </trkpt>
   <trkpt lat="55.7190570" lon="37.5525710">
    <ele>124.2</ele>
    <time>2026-05-29T05:02:52Z</time>
    <extensions>
     <power>457</power>
     <gpxtpx:TrackPointExtension>
      <gpxtpx:hr>170</gpxtpx:hr>
      <gpxtpx:cad>87</gpxtpx:cad>
     </gpxtpx:TrackPointExtension>
    </extensions>
   </trkpt>
   <trkpt lat="55.7190960" lon="37.5526170">
    <ele>124.2</ele>
    <time>2026-05-29T05:02:53Z</time>
    <extensions>
     <power>456</power>
     <gpxtpx:TrackPointExtension>
      <gpxtpx:hr>170</gpxtpx:hr>
      <gpxtpx:cad>87</gpxtpx:cad>
     </gpxtpx:TrackPointExtension>
    </extensions>
   </trkpt>
   <trkpt lat="55.7191160" lon="37.5526350">
    <ele>124.2</ele>
    <time>2026-05-29T05:02:54Z</time>
    <extensions>
     <power>456</power>
     <gpxtpx:TrackPointExtension>
      <gpxtpx:hr>171</gpxtpx:hr>
      <gpxtpx:cad>87</gpxtpx:cad>
     </gpxtpx:TrackPointExtension>
    </extensions>
   </trkpt>
   <trkpt lat="55.7191770" lon="37.5526740">
    <ele>124.2</ele>
    <time>2026-05-29T05:02:55Z</time>
    <extensions>
     <power>456</power>
     <gpxtpx:TrackPointExtension>
      <gpxtpx:hr>170</gpxtpx:hr>
      <gpxtpx:cad>87</gpxtpx:cad>
     </gpxtpx:TrackPointExtension>
    </extensions>
   </trkpt>
   <trkpt lat="55.7192020" lon="37.5526830">
    <ele>124.2</ele>
    <time>2026-05-29T05:02:56Z</time>
    <extensions>
     <power>462</power>
     <gpxtpx:TrackPointExtension>
      <gpxtpx:hr>170</gpxtpx:hr>
      <gpxtpx:cad>87</gpxtpx:cad>
     </gpxtpx:TrackPointExtension>
    </extensions>
   </trkpt>
   <trkpt lat="55.7192500" lon="37.5526910">
    <ele>124.2</ele>
    <time>2026-05-29T05:02:57Z</time>
    <extensions>
     <power>462</power>
     <gpxtpx:TrackPointExtension>
      <gpxtpx:hr>170</gpxtpx:hr>
      <gpxtpx:cad>87</gpxtpx:cad>
     </gpxtpx:TrackPointExtension>
    </extensions>
   </trkpt>
   <trkpt lat="55.7192810" lon="37.5526900">
    <ele>124.2</ele>
    <time>2026-05-29T05:02:58Z</time>
    <extensions>
     <power>471</power>
     <gpxtpx:TrackPointExtension>
      <gpxtpx:hr>170</gpxtpx:hr>
      <gpxtpx:cad>87</gpxtpx:cad>
     </gpxtpx:TrackPointExtension>
    </extensions>
   </trkpt>
   <trkpt lat="55.7193120" lon="37.5526820">
    <ele>124.2</ele>
    <time>2026-05-29T05:02:59Z</time>
    <extensions>
     <power>468</power>
     <gpxtpx:TrackPointExtension>
      <gpxtpx:hr>169</gpxtpx:hr>
      <gpxtpx:cad>86</gpxtpx:cad>
     </gpxtpx:TrackPointExtension>
    </extensions>
   </trkpt>
   <trkpt lat="55.7193490" lon="37.5526660">
    <ele>124.2</ele>
    <time>2026-05-29T05:03:00Z</time>
    <extensions>
     <power>466</power>
     <gpxtpx:TrackPointExtension>
      <gpxtpx:hr>169</gpxtpx:hr>
      <gpxtpx:cad>86</gpxtpx:cad>
     </gpxtpx:TrackPointExtension>
    </extensions>
   </trkpt>
   <trkpt lat="55.7193740" lon="37.5526510">
    <ele>124.2</ele>
    <time>2026-05-29T05:03:01Z</time>
    <extensions>
     <power>464</power>
     <gpxtpx:TrackPointExtension>
      <gpxtpx:hr>168</gpxtpx:hr>
      <gpxtpx:cad>85</gpxtpx:cad>
     </gpxtpx:TrackPointExtension>
    </extensions>
   </trkpt>
   <trkpt lat="55.7194140" lon="37.5526170">
    <ele>124.2</ele>
    <time>2026-05-29T05:03:02Z</time>
    <extensions>
     <power>463</power>
     <gpxtpx:TrackPointExtension>
      <gpxtpx:hr>168</gpxtpx:hr>
      <gpxtpx:cad>85</gpxtpx:cad>
     </gpxtpx:TrackPointExtension>
    </extensions>
   </trkpt>
   <trkpt lat="55.7194350" lon="37.5525920">
    <ele>124.2</ele>
    <time>2026-05-29T05:03:03Z</time>
    <extensions>
     <power>463</power>
     <gpxtpx:TrackPointExtension>
      <gpxtpx:hr>170</gpxtpx:hr>
      <gpxtpx:cad>85</gpxtpx:cad>
     </gpxtpx:TrackPointExtension>
    </extensions>
   </trkpt>
   <trkpt lat="55.7194670" lon="37.5525480">
    <ele>124.2</ele>
    <time>2026-05-29T05:03:04Z</time>
    <extensions>
     <power>463</power>
     <gpxtpx:TrackPointExtension>
      <gpxtpx:hr>170</gpxtpx:hr>
      <gpxtpx:cad>85</gpxtpx:cad>
     </gpxtpx:TrackPointExtension>
    </extensions>
   </trkpt>
   <trkpt lat="55.7194870" lon="37.5525160">
    <ele>124.2</ele>
    <time>2026-05-29T05:03:05Z</time>
    <extensions>
     <power>461</power>
     <gpxtpx:TrackPointExtension>
      <gpxtpx:hr>171</gpxtpx:hr>
      <gpxtpx:cad>85</gpxtpx:cad>
     </gpxtpx:TrackPointExtension>
    </extensions>
   </trkpt>
   <trkpt lat="55.7195090" lon="37.5524780">
    <ele>124.2</ele>
    <time>2026-05-29T05:03:06Z</time>
    <extensions>
     <power>455</power>
     <gpxtpx:TrackPointExtension>
      <gpxtpx:hr>171</gpxtpx:hr>
      <gpxtpx:cad>85</gpxtpx:cad>
     </gpxtpx:TrackPointExtension>
    </extensions>
   </trkpt>
   <trkpt lat="55.7195420" lon="37.5524180">
    <ele>124.2</ele>
    <time>2026-05-29T05:03:07Z</time>
    <extensions>
     <power>455</power>
     <gpxtpx:TrackPointExtension>
      <gpxtpx:hr>171</gpxtpx:hr>
      <gpxtpx:cad>85</gpxtpx:cad>
     </gpxtpx:TrackPointExtension>
    </extensions>
   </trkpt>
   <trkpt lat="55.7195560" lon="37.5523930">
    <ele>124.2</ele>
    <time>2026-05-29T05:03:08Z</time>
    <extensions>
     <power>455</power>
     <gpxtpx:TrackPointExtension>
      <gpxtpx:hr>171</gpxtpx:hr>
      <gpxtpx:cad>85</gpxtpx:cad>
     </gpxtpx:TrackPointExtension>
    </extensions>
   </trkpt>
   <trkpt lat="55.7195910" lon="37.5523310">
    <ele>124.2</ele>
    <time>2026-05-29T05:03:09Z</time>
    <extensions>
     <power>457</power>
     <gpxtpx:TrackPointExtension>
      <gpxtpx:hr>171</gpxtpx:hr>
      <gpxtpx:cad>85</gpxtpx:cad>
     </gpxtpx:TrackPointExtension>
    </extensions>
   </trkpt>
   <trkpt lat="55.7196080" lon="37.5522990">
    <ele>124.2</ele>
    <time>2026-05-29T05:03:10Z</time>
    <extensions>
     <power>457</power>
     <gpxtpx:TrackPointExtension>
      <gpxtpx:hr>170</gpxtpx:hr>
      <gpxtpx:cad>85</gpxtpx:cad>
     </gpxtpx:TrackPointExtension>
    </extensions>
   </trkpt>
   <trkpt lat="55.7196440" lon="37.5522350">
    <ele>124.2</ele>
    <time>2026-05-29T05:03:11Z</time>
    <extensions>
     <power>457</power>
     <gpxtpx:TrackPointExtension>
      <gpxtpx:hr>170</gpxtpx:hr>
      <gpxtpx:cad>85</gpxtpx:cad>
     </gpxtpx:TrackPointExtension>
    </extensions>
   </trkpt>
   <trkpt lat="55.7196590" lon="37.5522090">
    <ele>124.2</ele>
    <time>2026-05-29T05:03:12Z</time>
    <extensions>
     <power>456</power>
     <gpxtpx:TrackPointExtension>
      <gpxtpx:hr>170</gpxtpx:hr>
      <gpxtpx:cad>85</gpxtpx:cad>
     </gpxtpx:TrackPointExtension>
    </extensions>
   </trkpt>
   <trkpt lat="55.7196780" lon="37.5521740">
    <ele>124.2</ele>
    <time>2026-05-29T05:03:13Z</time>
    <extensions>
     <power>465</power>
     <gpxtpx:TrackPointExtension>
      <gpxtpx:hr>169</gpxtpx:hr>
      <gpxtpx:cad>86</gpxtpx:cad>
     </gpxtpx:TrackPointExtension>
    </extensions>
   </trkpt>
   <trkpt lat="55.7197150" lon="37.5521080">
    <ele>124.2</ele>
    <time>2026-05-29T05:03:14Z</time>
    <extensions>
     <power>463</power>
     <gpxtpx:TrackPointExtension>
      <gpxtpx:hr>168</gpxtpx:hr>
      <gpxtpx:cad>85</gpxtpx:cad>
     </gpxtpx:TrackPointExtension>
    </extensions>
   </trkpt>
   <trkpt lat="55.7197490" lon="37.5520480">
    <ele>124.2</ele>
    <time>2026-05-29T05:03:15Z</time>
    <extensions>
     <power>464</power>
     <gpxtpx:TrackPointExtension>
      <gpxtpx:hr>168</gpxtpx:hr>
      <gpxtpx:cad>85</gpxtpx:cad>
     </gpxtpx:TrackPointExtension>
    </extensions>
   </trkpt>
   <trkpt lat="55.7197710" lon="37.5520090">
    <ele>124.2</ele>
    <time>2026-05-29T05:03:16Z</time>
    <extensions>
     <power>464</power>
     <gpxtpx:TrackPointExtension>
      <gpxtpx:hr>169</gpxtpx:hr>
      <gpxtpx:cad>85</gpxtpx:cad>
     </gpxtpx:TrackPointExtension>
    </extensions>
   </trkpt>
   <trkpt lat="55.7197970" lon="37.5519610">
    <ele>124.2</ele>
    <time>2026-05-29T05:03:17Z</time>
    <extensions>
     <power>465</power>
     <gpxtpx:TrackPointExtension>
      <gpxtpx:hr>169</gpxtpx:hr>
      <gpxtpx:cad>85</gpxtpx:cad>
     </gpxtpx:TrackPointExtension>
    </extensions>
   </trkpt>
   <trkpt lat="55.7198150" lon="37.5519280">
    <ele>124.2</ele>
    <time>2026-05-29T05:03:18Z</time>
    <extensions>
     <power>466</power>
     <gpxtpx:TrackPointExtension>
      <gpxtpx:hr>169</gpxtpx:hr>
      <gpxtpx:cad>85</gpxtpx:cad>
     </gpxtpx:TrackPointExtension>
    </extensions>
   </trkpt>
   <trkpt lat="55.7198350" lon="37.5518940">
    <ele>124.2</ele>
    <time>2026-05-29T05:03:19Z</time>
    <extensions>
     <power>465</power>
     <gpxtpx:TrackPointExtension>
      <gpxtpx:hr>168</gpxtpx:hr>
      <gpxtpx:cad>85</gpxtpx:cad>
     </gpxtpx:TrackPointExtension>
    </extensions>
   </trkpt>
   <trkpt lat="55.7198640" lon="37.5518420">
    <ele>124.2</ele>
    <time>2026-05-29T05:03:20Z</time>
    <extensions>
     <power>457</power>
     <gpxtpx:TrackPointExtension>
      <gpxtpx:hr>169</gpxtpx:hr>
      <gpxtpx:cad>86</gpxtpx:cad>
     </gpxtpx:TrackPointExtension>
    </extensions>
   </trkpt>
   <trkpt lat="55.7198920" lon="37.5517920">
    <ele>124.2</ele>
    <time>2026-05-29T05:03:21Z</time>
    <extensions>
     <power>451</power>
     <gpxtpx:TrackPointExtension>
      <gpxtpx:hr>169</gpxtpx:hr>
      <gpxtpx:cad>86</gpxtpx:cad>
     </gpxtpx:TrackPointExtension>
    </extensions>
   </trkpt>
   <trkpt lat="55.7199110" lon="37.5517560">
    <ele>124.2</ele>
    <time>2026-05-29T05:03:22Z</time>
    <extensions>
     <power>428</power>
     <gpxtpx:TrackPointExtension>
      <gpxtpx:hr>168</gpxtpx:hr>
      <gpxtpx:cad>86</gpxtpx:cad>
     </gpxtpx:TrackPointExtension>
    </extensions>
   </trkpt>
   <trkpt lat="55.7199430" lon="37.5516990">
    <ele>124.2</ele>
    <time>2026-05-29T05:03:23Z</time>
    <extensions>
     <power>426</power>
     <gpxtpx:TrackPointExtension>
      <gpxtpx:hr>168</gpxtpx:hr>
      <gpxtpx:cad>86</gpxtpx:cad>
     </gpxtpx:TrackPointExtension>
    </extensions>
   </trkpt>
   <trkpt lat="55.7199630" lon="37.5516650">
    <ele>124.2</ele>
    <time>2026-05-29T05:03:24Z</time>
    <extensions>
     <power>427</power>
     <gpxtpx:TrackPointExtension>
      <gpxtpx:hr>170</gpxtpx:hr>
      <gpxtpx:cad>86</gpxtpx:cad>
     </gpxtpx:TrackPointExtension>
    </extensions>
   </trkpt>
   <trkpt lat="55.7199990" lon="37.5516000">
    <ele>124.2</ele>
    <time>2026-05-29T05:03:25Z</time>
    <extensions>
     <power>427</power>
     <gpxtpx:TrackPointExtension>
      <gpxtpx:hr>170</gpxtpx:hr>
      <gpxtpx:cad>86</gpxtpx:cad>
     </gpxtpx:TrackPointExtension>
    </extensions>
   </trkpt>
   <trkpt lat="55.7200110" lon="37.5515790">
    <ele>124.2</ele>
    <time>2026-05-29T05:03:26Z</time>
    <extensions>
     <power>429</power>
     <gpxtpx:TrackPointExtension>
      <gpxtpx:hr>169</gpxtpx:hr>
      <gpxtpx:cad>86</gpxtpx:cad>
     </gpxtpx:TrackPointExtension>
    </extensions>
   </trkpt>
   <trkpt lat="55.7200360" lon="37.5515340">
    <ele>124.2</ele>
    <time>2026-05-29T05:03:27Z</time>
    <extensions>
     <power>429</power>
     <gpxtpx:TrackPointExtension>
      <gpxtpx:hr>168</gpxtpx:hr>
      <gpxtpx:cad>86</gpxtpx:cad>
     </gpxtpx:TrackPointExtension>
    </extensions>
   </trkpt>
   <trkpt lat="55.7200530" lon="37.5514990">
    <ele>124.2</ele>
    <time>2026-05-29T05:03:28Z</time>
    <extensions>
     <power>428</power>
     <gpxtpx:TrackPointExtension>
      <gpxtpx:hr>168</gpxtpx:hr>
      <gpxtpx:cad>86</gpxtpx:cad>
     </gpxtpx:TrackPointExtension>
    </extensions>
   </trkpt>
   <trkpt lat="55.7200740" lon="37.5514500">
    <ele>124.2</ele>
    <time>2026-05-29T05:03:29Z</time>
    <extensions>
     <power>440</power>
     <gpxtpx:TrackPointExtension>
      <gpxtpx:hr>168</gpxtpx:hr>
      <gpxtpx:cad>88</gpxtpx:cad>
     </gpxtpx:TrackPointExtension>
    </extensions>
   </trkpt>
   <trkpt lat="55.7200820" lon="37.5514270">
    <ele>124.2</ele>
    <time>2026-05-29T05:03:30Z</time>
    <extensions>
     <power>412</power>
     <gpxtpx:TrackPointExtension>
      <gpxtpx:hr>167</gpxtpx:hr>
      <gpxtpx:cad>88</gpxtpx:cad>
     </gpxtpx:TrackPointExtension>
    </extensions>
   </trkpt>
   <trkpt lat="55.7201050" lon="37.5513510">
    <ele>124.2</ele>
    <time>2026-05-29T05:03:31Z</time>
    <extensions>
     <power>412</power>
     <gpxtpx:TrackPointExtension>
      <gpxtpx:hr>167</gpxtpx:hr>
      <gpxtpx:cad>88</gpxtpx:cad>
     </gpxtpx:TrackPointExtension>
    </extensions>
   </trkpt>
   <trkpt lat="55.7201090" lon="37.5513330">
    <ele>124.2</ele>
    <time>2026-05-29T05:03:32Z</time>
    <extensions>
     <power>411</power>
     <gpxtpx:TrackPointExtension>
      <gpxtpx:hr>168</gpxtpx:hr>
      <gpxtpx:cad>88</gpxtpx:cad>
     </gpxtpx:TrackPointExtension>
    </extensions>
   </trkpt>
   <trkpt lat="55.7201200" lon="37.5512670">
    <ele>124.2</ele>
    <time>2026-05-29T05:03:33Z</time>
    <extensions>
     <power>428</power>
     <gpxtpx:TrackPointExtension>
      <gpxtpx:hr>168</gpxtpx:hr>
      <gpxtpx:cad>88</gpxtpx:cad>
     </gpxtpx:TrackPointExtension>
    </extensions>
   </trkpt>
   <trkpt lat="55.7201260" lon="37.5512200">
    <ele>124.2</ele>
    <time>2026-05-29T05:03:34Z</time>
    <extensions>
     <power>446</power>
     <gpxtpx:TrackPointExtension>
      <gpxtpx:hr>167</gpxtpx:hr>
      <gpxtpx:cad>87</gpxtpx:cad>
     </gpxtpx:TrackPointExtension>
    </extensions>
   </trkpt>
   <trkpt lat="55.7201300" lon="37.5511720">
    <ele>124.2</ele>
    <time>2026-05-29T05:03:35Z</time>
    <extensions>
     <power>414</power>
     <gpxtpx:TrackPointExtension>
      <gpxtpx:hr>167</gpxtpx:hr>
      <gpxtpx:cad>87</gpxtpx:cad>
     </gpxtpx:TrackPointExtension>
    </extensions>
   </trkpt>
   <trkpt lat="55.7201300" lon="37.5510980">
    <ele>124.2</ele>
    <time>2026-05-29T05:03:36Z</time>
    <extensions>
     <power>415</power>
     <gpxtpx:TrackPointExtension>
      <gpxtpx:hr>167</gpxtpx:hr>
      <gpxtpx:cad>87</gpxtpx:cad>
     </gpxtpx:TrackPointExtension>
    </extensions>
   </trkpt>
   <trkpt lat="55.7201270" lon="37.5510560">
    <ele>124.2</ele>
    <time>2026-05-29T05:03:37Z</time>
    <extensions>
     <power>425</power>
     <gpxtpx:TrackPointExtension>
      <gpxtpx:hr>166</gpxtpx:hr>
      <gpxtpx:cad>87</gpxtpx:cad>
     </gpxtpx:TrackPointExtension>
    </extensions>
   </trkpt>
   <trkpt lat="55.7201210" lon="37.5509930">
    <ele>124.2</ele>
    <time>2026-05-29T05:03:38Z</time>
    <extensions>
     <power>425</power>
     <gpxtpx:TrackPointExtension>
      <gpxtpx:hr>167</gpxtpx:hr>
      <gpxtpx:cad>87</gpxtpx:cad>
     </gpxtpx:TrackPointExtension>
    </extensions>
   </trkpt>
   <trkpt lat="55.7201150" lon="37.5509610">
    <ele>124.2</ele>
    <time>2026-05-29T05:03:39Z</time>
    <extensions>
     <power>434</power>
     <gpxtpx:TrackPointExtension>
      <gpxtpx:hr>166</gpxtpx:hr>
      <gpxtpx:cad>85</gpxtpx:cad>
     </gpxtpx:TrackPointExtension>
    </extensions>
   </trkpt>
   <trkpt lat="55.7201050" lon="37.5509100">
    <ele>124.2</ele>
    <time>2026-05-29T05:03:40Z</time>
    <extensions>
     <power>403</power>
     <gpxtpx:TrackPointExtension>
      <gpxtpx:hr>167</gpxtpx:hr>
      <gpxtpx:cad>84</gpxtpx:cad>
     </gpxtpx:TrackPointExtension>
    </extensions>
   </trkpt>
   <trkpt lat="55.7200890" lon="37.5508500">
    <ele>124.2</ele>
    <time>2026-05-29T05:03:41Z</time>
    <extensions>
     <power>408</power>
     <gpxtpx:TrackPointExtension>
      <gpxtpx:hr>167</gpxtpx:hr>
      <gpxtpx:cad>84</gpxtpx:cad>
     </gpxtpx:TrackPointExtension>
    </extensions>
   </trkpt>
   <trkpt lat="55.7200780" lon="37.5508190">
    <ele>124.2</ele>
    <time>2026-05-29T05:03:42Z</time>
    <extensions>
     <power>409</power>
     <gpxtpx:TrackPointExtension>
      <gpxtpx:hr>167</gpxtpx:hr>
      <gpxtpx:cad>84</gpxtpx:cad>
     </gpxtpx:TrackPointExtension>
    </extensions>
   </trkpt>
   <trkpt lat="55.7200540" lon="37.5507610">
    <ele>124.2</ele>
    <time>2026-05-29T05:03:43Z</time>
    <extensions>
     <power>414</power>
     <gpxtpx:TrackPointExtension>
      <gpxtpx:hr>167</gpxtpx:hr>
      <gpxtpx:cad>84</gpxtpx:cad>
     </gpxtpx:TrackPointExtension>
    </extensions>
   </trkpt>
   <trkpt lat="55.7200400" lon="37.5507320">
    <ele>124.2</ele>
    <time>2026-05-29T05:03:44Z</time>
    <extensions>
     <power>408</power>
     <gpxtpx:TrackPointExtension>
      <gpxtpx:hr>167</gpxtpx:hr>
      <gpxtpx:cad>83</gpxtpx:cad>
     </gpxtpx:TrackPointExtension>
    </extensions>
   </trkpt>
   <trkpt lat="55.7200200" lon="37.5507010">
    <ele>124.2</ele>
    <time>2026-05-29T05:03:45Z</time>
    <extensions>
     <power>405</power>
     <gpxtpx:TrackPointExtension>
      <gpxtpx:hr>167</gpxtpx:hr>
      <gpxtpx:cad>83</gpxtpx:cad>
     </gpxtpx:TrackPointExtension>
    </extensions>
   </trkpt>
   <trkpt lat="55.7199890" lon="37.5506580">
    <ele>124.2</ele>
    <time>2026-05-29T05:03:46Z</time>
    <extensions>
     <power>406</power>
     <gpxtpx:TrackPointExtension>
      <gpxtpx:hr>167</gpxtpx:hr>
      <gpxtpx:cad>83</gpxtpx:cad>
     </gpxtpx:TrackPointExtension>
    </extensions>
   </trkpt>
   <trkpt lat="55.7199770" lon="37.5506440">
    <ele>124.2</ele>
    <time>2026-05-29T05:03:47Z</time>
    <extensions>
     <power>404</power>
     <gpxtpx:TrackPointExtension>
      <gpxtpx:hr>167</gpxtpx:hr>
      <gpxtpx:cad>83</gpxtpx:cad>
     </gpxtpx:TrackPointExtension>
    </extensions>
   </trkpt>
   <trkpt lat="55.7199420" lon="37.5506110">
    <ele>124.2</ele>
    <time>2026-05-29T05:03:48Z</time>
    <extensions>
     <power>401</power>
     <gpxtpx:TrackPointExtension>
      <gpxtpx:hr>167</gpxtpx:hr>
      <gpxtpx:cad>83</gpxtpx:cad>
     </gpxtpx:TrackPointExtension>
    </extensions>
   </trkpt>
   <trkpt lat="55.7199190" lon="37.5505930">
    <ele>124.2</ele>
    <time>2026-05-29T05:03:49Z</time>
    <extensions>
     <power>397</power>
     <gpxtpx:TrackPointExtension>
      <gpxtpx:hr>167</gpxtpx:hr>
      <gpxtpx:cad>83</gpxtpx:cad>
     </gpxtpx:TrackPointExtension>
    </extensions>
   </trkpt>
   <trkpt lat="55.7198940" lon="37.5505800">
    <ele>124.2</ele>
    <time>2026-05-29T05:03:50Z</time>
    <extensions>
     <power>398</power>
     <gpxtpx:TrackPointExtension>
      <gpxtpx:hr>167</gpxtpx:hr>
      <gpxtpx:cad>83</gpxtpx:cad>
     </gpxtpx:TrackPointExtension>
    </extensions>
   </trkpt>
   <trkpt lat="55.7198530" lon="37.5505660">
    <ele>124.2</ele>
    <time>2026-05-29T05:03:51Z</time>
    <extensions>
     <power>397</power>
     <gpxtpx:TrackPointExtension>
      <gpxtpx:hr>168</gpxtpx:hr>
      <gpxtpx:cad>83</gpxtpx:cad>
     </gpxtpx:TrackPointExtension>
    </extensions>
   </trkpt>
   <trkpt lat="55.7198390" lon="37.5505620">
    <ele>124.2</ele>
    <time>2026-05-29T05:03:52Z</time>
    <extensions>
     <power>397</power>
     <gpxtpx:TrackPointExtension>
      <gpxtpx:hr>167</gpxtpx:hr>
      <gpxtpx:cad>83</gpxtpx:cad>
     </gpxtpx:TrackPointExtension>
    </extensions>
   </trkpt>
   <trkpt lat="55.7198060" lon="37.5505610">
    <ele>124.2</ele>
    <time>2026-05-29T05:03:53Z</time>
    <extensions>
     <power>395</power>
     <gpxtpx:TrackPointExtension>
      <gpxtpx:hr>168</gpxtpx:hr>
      <gpxtpx:cad>83</gpxtpx:cad>
     </gpxtpx:TrackPointExtension>
    </extensions>
   </trkpt>
   <trkpt lat="55.7197750" lon="37.5505630">
    <ele>124.2</ele>
    <time>2026-05-29T05:03:54Z</time>
    <extensions>
     <power>394</power>
     <gpxtpx:TrackPointExtension>
      <gpxtpx:hr>167</gpxtpx:hr>
      <gpxtpx:cad>83</gpxtpx:cad>
     </gpxtpx:TrackPointExtension>
    </extensions>
   </trkpt>
   <trkpt lat="55.7197520" lon="37.5505690">
    <ele>124.2</ele>
    <time>2026-05-29T05:03:55Z</time>
    <extensions>
     <power>394</power>
     <gpxtpx:TrackPointExtension>
      <gpxtpx:hr>167</gpxtpx:hr>
      <gpxtpx:cad>84</gpxtpx:cad>
     </gpxtpx:TrackPointExtension>
    </extensions>
   </trkpt>
   <trkpt lat="55.7197040" lon="37.5505910">
    <ele>124.2</ele>
    <time>2026-05-29T05:03:56Z</time>
    <extensions>
     <power>391</power>
     <gpxtpx:TrackPointExtension>
      <gpxtpx:hr>167</gpxtpx:hr>
      <gpxtpx:cad>84</gpxtpx:cad>
     </gpxtpx:TrackPointExtension>
    </extensions>
   </trkpt>
   <trkpt lat="55.7196780" lon="37.5506100">
    <ele>124.2</ele>
    <time>2026-05-29T05:03:57Z</time>
    <extensions>
     <power>385</power>
     <gpxtpx:TrackPointExtension>
      <gpxtpx:hr>168</gpxtpx:hr>
      <gpxtpx:cad>86</gpxtpx:cad>
     </gpxtpx:TrackPointExtension>
    </extensions>
   </trkpt>
   <trkpt lat="55.7196320" lon="37.5506550">
    <ele>124.2</ele>
    <time>2026-05-29T05:03:58Z</time>
    <extensions>
     <power>387</power>
     <gpxtpx:TrackPointExtension>
      <gpxtpx:hr>167</gpxtpx:hr>
      <gpxtpx:cad>92</gpxtpx:cad>
     </gpxtpx:TrackPointExtension>
    </extensions>
   </trkpt>
   <trkpt lat="55.7196130" lon="37.5506790">
    <ele>124.2</ele>
    <time>2026-05-29T05:03:59Z</time>
    <extensions>
     <power>391</power>
     <gpxtpx:TrackPointExtension>
      <gpxtpx:hr>167</gpxtpx:hr>
      <gpxtpx:cad>91</gpxtpx:cad>
     </gpxtpx:TrackPointExtension>
    </extensions>
   </trkpt>
   <trkpt lat="55.7195680" lon="37.5507520">
    <ele>124.2</ele>
    <time>2026-05-29T05:04:00Z</time>
    <extensions>
     <power>414</power>
     <gpxtpx:TrackPointExtension>
      <gpxtpx:hr>168</gpxtpx:hr>
      <gpxtpx:cad>91</gpxtpx:cad>
     </gpxtpx:TrackPointExtension>
    </extensions>
   </trkpt>
   <trkpt lat="55.7195550" lon="37.5507760">
    <ele>124.2</ele>
    <time>2026-05-29T05:04:01Z</time>
    <extensions>
     <power>422</power>
     <gpxtpx:TrackPointExtension>
      <gpxtpx:hr>169</gpxtpx:hr>
      <gpxtpx:cad>89</gpxtpx:cad>
     </gpxtpx:TrackPointExtension>
    </extensions>
   </trkpt>
   <trkpt lat="55.7195180" lon="37.5508420">
    <ele>124.2</ele>
    <time>2026-05-29T05:04:02Z</time>
    <extensions>
     <power>458</power>
     <gpxtpx:TrackPointExtension>
      <gpxtpx:hr>168</gpxtpx:hr>
      <gpxtpx:cad>88</gpxtpx:cad>
     </gpxtpx:TrackPointExtension>
    </extensions>
   </trkpt>
   <trkpt lat="55.7194990" lon="37.5508760">
    <ele>124.2</ele>
    <time>2026-05-29T05:04:03Z</time>
    <extensions>
     <power>483</power>
     <gpxtpx:TrackPointExtension>
      <gpxtpx:hr>168</gpxtpx:hr>
      <gpxtpx:cad>88</gpxtpx:cad>
     </gpxtpx:TrackPointExtension>
    </extensions>
   </trkpt>
   <trkpt lat="55.7194580" lon="37.5509480">
    <ele>124.2</ele>
    <time>2026-05-29T05:04:04Z</time>
    <extensions>
     <power>483</power>
     <gpxtpx:TrackPointExtension>
      <gpxtpx:hr>169</gpxtpx:hr>
      <gpxtpx:cad>88</gpxtpx:cad>
     </gpxtpx:TrackPointExtension>
    </extensions>
   </trkpt>
   <trkpt lat="55.7194430" lon="37.5509760">
    <ele>124.2</ele>
    <time>2026-05-29T05:04:05Z</time>
    <extensions>
     <power>477</power>
     <gpxtpx:TrackPointExtension>
      <gpxtpx:hr>170</gpxtpx:hr>
      <gpxtpx:cad>88</gpxtpx:cad>
     </gpxtpx:TrackPointExtension>
    </extensions>
   </trkpt>
   <trkpt lat="55.7194070" lon="37.5510400">
    <ele>124.2</ele>
    <time>2026-05-29T05:04:06Z</time>
    <extensions>
     <power>501</power>
     <gpxtpx:TrackPointExtension>
      <gpxtpx:hr>169</gpxtpx:hr>
      <gpxtpx:cad>88</gpxtpx:cad>
     </gpxtpx:TrackPointExtension>
    </extensions>
   </trkpt>
   <trkpt lat="55.7193860" lon="37.5510780">
    <ele>124.2</ele>
    <time>2026-05-29T05:04:07Z</time>
    <extensions>
     <power>451</power>
     <gpxtpx:TrackPointExtension>
      <gpxtpx:hr>169</gpxtpx:hr>
      <gpxtpx:cad>87</gpxtpx:cad>
     </gpxtpx:TrackPointExtension>
    </extensions>
   </trkpt>
   <trkpt lat="55.7193530" lon="37.5511380">
    <ele>124.2</ele>
    <time>2026-05-29T05:04:08Z</time>
    <extensions>
     <power>481</power>
     <gpxtpx:TrackPointExtension>
      <gpxtpx:hr>170</gpxtpx:hr>
      <gpxtpx:cad>87</gpxtpx:cad>
     </gpxtpx:TrackPointExtension>
    </extensions>
   </trkpt>
   <trkpt lat="55.7193300" lon="37.5511790">
    <ele>124.2</ele>
    <time>2026-05-29T05:04:09Z</time>
    <extensions>
     <power>450</power>
     <gpxtpx:TrackPointExtension>
      <gpxtpx:hr>169</gpxtpx:hr>
      <gpxtpx:cad>87</gpxtpx:cad>
     </gpxtpx:TrackPointExtension>
    </extensions>
   </trkpt>
   <trkpt lat="55.7193040" lon="37.5512250">
    <ele>124.2</ele>
    <time>2026-05-29T05:04:10Z</time>
    <extensions>
     <power>458</power>
     <gpxtpx:TrackPointExtension>
      <gpxtpx:hr>170</gpxtpx:hr>
      <gpxtpx:cad>87</gpxtpx:cad>
     </gpxtpx:TrackPointExtension>
    </extensions>
   </trkpt>
   <trkpt lat="55.7192700" lon="37.5512860">
    <ele>124.2</ele>
    <time>2026-05-29T05:04:11Z</time>
    <extensions>
     <power>466</power>
     <gpxtpx:TrackPointExtension>
      <gpxtpx:hr>169</gpxtpx:hr>
      <gpxtpx:cad>87</gpxtpx:cad>
     </gpxtpx:TrackPointExtension>
    </extensions>
   </trkpt>
   <trkpt lat="55.7192540" lon="37.5513150">
    <ele>124.2</ele>
    <time>2026-05-29T05:04:12Z</time>
    <extensions>
     <power>464</power>
     <gpxtpx:TrackPointExtension>
      <gpxtpx:hr>170</gpxtpx:hr>
      <gpxtpx:cad>86</gpxtpx:cad>
     </gpxtpx:TrackPointExtension>
    </extensions>
   </trkpt>
   <trkpt lat="55.7192150" lon="37.5513830">
    <ele>124.2</ele>
    <time>2026-05-29T05:04:13Z</time>
    <extensions>
     <power>475</power>
     <gpxtpx:TrackPointExtension>
      <gpxtpx:hr>169</gpxtpx:hr>
      <gpxtpx:cad>87</gpxtpx:cad>
     </gpxtpx:TrackPointExtension>
    </extensions>
   </trkpt>
   <trkpt lat="55.7191960" lon="37.5514170">
    <ele>124.2</ele>
    <time>2026-05-29T05:04:14Z</time>
    <extensions>
     <power>463</power>
     <gpxtpx:TrackPointExtension>
      <gpxtpx:hr>169</gpxtpx:hr>
      <gpxtpx:cad>87</gpxtpx:cad>
     </gpxtpx:TrackPointExtension>
    </extensions>
   </trkpt>
   <trkpt lat="55.7191630" lon="37.5514770">
    <ele>124.2</ele>
    <time>2026-05-29T05:04:15Z</time>
    <extensions>
     <power>474</power>
     <gpxtpx:TrackPointExtension>
      <gpxtpx:hr>170</gpxtpx:hr>
      <gpxtpx:cad>87</gpxtpx:cad>
     </gpxtpx:TrackPointExtension>
    </extensions>
   </trkpt>
   <trkpt lat="55.7191460" lon="37.5515080">
    <ele>124.2</ele>
    <time>2026-05-29T05:04:16Z</time>
    <extensions>
     <power>459</power>
     <gpxtpx:TrackPointExtension>
      <gpxtpx:hr>170</gpxtpx:hr>
      <gpxtpx:cad>87</gpxtpx:cad>
     </gpxtpx:TrackPointExtension>
    </extensions>
   </trkpt>
   <trkpt lat="55.7191170" lon="37.5515580">
    <ele>124.2</ele>
    <time>2026-05-29T05:04:17Z</time>
    <extensions>
     <power>458</power>
     <gpxtpx:TrackPointExtension>
      <gpxtpx:hr>171</gpxtpx:hr>
      <gpxtpx:cad>87</gpxtpx:cad>
     </gpxtpx:TrackPointExtension>
    </extensions>
   </trkpt>
   <trkpt lat="55.7190950" lon="37.5515990">
    <ele>124.2</ele>
    <time>2026-05-29T05:04:18Z</time>
    <extensions>
     <power>456</power>
     <gpxtpx:TrackPointExtension>
      <gpxtpx:hr>171</gpxtpx:hr>
      <gpxtpx:cad>87</gpxtpx:cad>
     </gpxtpx:TrackPointExtension>
    </extensions>
   </trkpt>
   <trkpt lat="55.7190690" lon="37.5516440">
    <ele>124.2</ele>
    <time>2026-05-29T05:04:19Z</time>
    <extensions>
     <power>459</power>
     <gpxtpx:TrackPointExtension>
      <gpxtpx:hr>172</gpxtpx:hr>
      <gpxtpx:cad>87</gpxtpx:cad>
     </gpxtpx:TrackPointExtension>
    </extensions>
   </trkpt>
   <trkpt lat="55.7190350" lon="37.5517070">
    <ele>124.2</ele>
    <time>2026-05-29T05:04:20Z</time>
    <extensions>
     <power>461</power>
     <gpxtpx:TrackPointExtension>
      <gpxtpx:hr>170</gpxtpx:hr>
      <gpxtpx:cad>87</gpxtpx:cad>
     </gpxtpx:TrackPointExtension>
    </extensions>
   </trkpt>
   <trkpt lat="55.7190170" lon="37.5517420">
    <ele>124.2</ele>
    <time>2026-05-29T05:04:21Z</time>
    <extensions>
     <power>467</power>
     <gpxtpx:TrackPointExtension>
      <gpxtpx:hr>170</gpxtpx:hr>
      <gpxtpx:cad>87</gpxtpx:cad>
     </gpxtpx:TrackPointExtension>
    </extensions>
   </trkpt>
   <trkpt lat="55.7189860" lon="37.5518130">
    <ele>124.2</ele>
    <time>2026-05-29T05:04:22Z</time>
    <extensions>
     <power>473</power>
     <gpxtpx:TrackPointExtension>
      <gpxtpx:hr>170</gpxtpx:hr>
      <gpxtpx:cad>87</gpxtpx:cad>
     </gpxtpx:TrackPointExtension>
    </extensions>
   </trkpt>
   <trkpt lat="55.7189710" lon="37.5518570">
    <ele>124.2</ele>
    <time>2026-05-29T05:04:23Z</time>
    <extensions>
     <power>472</power>
     <gpxtpx:TrackPointExtension>
      <gpxtpx:hr>170</gpxtpx:hr>
      <gpxtpx:cad>87</gpxtpx:cad>
     </gpxtpx:TrackPointExtension>
    </extensions>
   </trkpt>
   <trkpt lat="55.7189520" lon="37.5519340">
    <ele>124.2</ele>
    <time>2026-05-29T05:04:24Z</time>
    <extensions>
     <power>475</power>
     <gpxtpx:TrackPointExtension>
      <gpxtpx:hr>171</gpxtpx:hr>
      <gpxtpx:cad>87</gpxtpx:cad>
     </gpxtpx:TrackPointExtension>
    </extensions>
   </trkpt>
   <trkpt lat="55.7189450" lon="37.5519750">
    <ele>124.2</ele>
    <time>2026-05-29T05:04:25Z</time>
    <extensions>
     <power>476</power>
     <gpxtpx:TrackPointExtension>
      <gpxtpx:hr>170</gpxtpx:hr>
      <gpxtpx:cad>87</gpxtpx:cad>
     </gpxtpx:TrackPointExtension>
    </extensions>
   </trkpt>
   <trkpt lat="55.7189370" lon="37.5520460">
    <ele>124.2</ele>
    <time>2026-05-29T05:04:26Z</time>
    <extensions>
     <power>473</power>
     <gpxtpx:TrackPointExtension>
      <gpxtpx:hr>170</gpxtpx:hr>
      <gpxtpx:cad>87</gpxtpx:cad>
     </gpxtpx:TrackPointExtension>
    </extensions>
   </trkpt>
   <trkpt lat="55.7189350" lon="37.5521060">
    <ele>124.2</ele>
    <time>2026-05-29T05:04:27Z</time>
    <extensions>
     <power>471</power>
     <gpxtpx:TrackPointExtension>
      <gpxtpx:hr>171</gpxtpx:hr>
      <gpxtpx:cad>87</gpxtpx:cad>
     </gpxtpx:TrackPointExtension>
    </extensions>
   </trkpt>
   <trkpt lat="55.7189350" lon="37.5521700">
    <ele>124.2</ele>
    <time>2026-05-29T05:04:28Z</time>
    <extensions>
     <power>461</power>
     <gpxtpx:TrackPointExtension>
      <gpxtpx:hr>171</gpxtpx:hr>
      <gpxtpx:cad>87</gpxtpx:cad>
     </gpxtpx:TrackPointExtension>
    </extensions>
   </trkpt>
   <trkpt lat="55.7189410" lon="37.5522380">
    <ele>124.2</ele>
    <time>2026-05-29T05:04:29Z</time>
    <extensions>
     <power>458</power>
     <gpxtpx:TrackPointExtension>
      <gpxtpx:hr>169</gpxtpx:hr>
      <gpxtpx:cad>87</gpxtpx:cad>
     </gpxtpx:TrackPointExtension>
    </extensions>
   </trkpt>
   <trkpt lat="55.7189480" lon="37.5522830">
    <ele>124.2</ele>
    <time>2026-05-29T05:04:30Z</time>
    <extensions>
     <power>459</power>
     <gpxtpx:TrackPointExtension>
      <gpxtpx:hr>171</gpxtpx:hr>
      <gpxtpx:cad>87</gpxtpx:cad>
     </gpxtpx:TrackPointExtension>
    </extensions>
   </trkpt>
   <trkpt lat="55.7189620" lon="37.5523530">
    <ele>124.2</ele>
    <time>2026-05-29T05:04:31Z</time>
    <extensions>
     <power>461</power>
     <gpxtpx:TrackPointExtension>
      <gpxtpx:hr>171</gpxtpx:hr>
      <gpxtpx:cad>87</gpxtpx:cad>
     </gpxtpx:TrackPointExtension>
    </extensions>
   </trkpt>
   <trkpt lat="55.7189720" lon="37.5523930">
    <ele>124.2</ele>
    <time>2026-05-29T05:04:32Z</time>
    <extensions>
     <power>461</power>
     <gpxtpx:TrackPointExtension>
      <gpxtpx:hr>172</gpxtpx:hr>
      <gpxtpx:cad>86</gpxtpx:cad>
     </gpxtpx:TrackPointExtension>
    </extensions>
   </trkpt>
   <trkpt lat="55.7189950" lon="37.5524570">
    <ele>124.2</ele>
    <time>2026-05-29T05:04:33Z</time>
    <extensions>
     <power>464</power>
     <gpxtpx:TrackPointExtension>
      <gpxtpx:hr>172</gpxtpx:hr>
      <gpxtpx:cad>86</gpxtpx:cad>
     </gpxtpx:TrackPointExtension>
    </extensions>
   </trkpt>
   <trkpt lat="55.7190100" lon="37.5524890">
    <ele>124.2</ele>
    <time>2026-05-29T05:04:34Z</time>
    <extensions>
     <power>462</power>
     <gpxtpx:TrackPointExtension>
      <gpxtpx:hr>172</gpxtpx:hr>
      <gpxtpx:cad>86</gpxtpx:cad>
     </gpxtpx:TrackPointExtension>
    </extensions>
   </trkpt>
   <trkpt lat="55.7190400" lon="37.5525440">
    <ele>124.2</ele>
    <time>2026-05-29T05:04:35Z</time>
    <extensions>
     <power>459</power>
     <gpxtpx:TrackPointExtension>
      <gpxtpx:hr>172</gpxtpx:hr>
      <gpxtpx:cad>86</gpxtpx:cad>
     </gpxtpx:TrackPointExtension>
    </extensions>
   </trkpt>
   <trkpt lat="55.7190640" lon="37.5525810">
    <ele>124.2</ele>
    <time>2026-05-29T05:04:36Z</time>
    <extensions>
     <power>455</power>
     <gpxtpx:TrackPointExtension>
      <gpxtpx:hr>173</gpxtpx:hr>
      <gpxtpx:cad>86</gpxtpx:cad>
     </gpxtpx:TrackPointExtension>
    </extensions>
   </trkpt>
   <trkpt lat="55.7190930" lon="37.5526130">
    <ele>124.2</ele>
    <time>2026-05-29T05:04:37Z</time>
    <extensions>
     <power>453</power>
     <gpxtpx:TrackPointExtension>
      <gpxtpx:hr>173</gpxtpx:hr>
      <gpxtpx:cad>86</gpxtpx:cad>
     </gpxtpx:TrackPointExtension>
    </extensions>
   </trkpt>
   <trkpt lat="55.7191290" lon="37.5526460">
    <ele>124.2</ele>
    <time>2026-05-29T05:04:38Z</time>
    <extensions>
     <power>453</power>
     <gpxtpx:TrackPointExtension>
      <gpxtpx:hr>173</gpxtpx:hr>
      <gpxtpx:cad>86</gpxtpx:cad>
     </gpxtpx:TrackPointExtension>
    </extensions>
   </trkpt>
   <trkpt lat="55.7191510" lon="37.5526610">
    <ele>124.2</ele>
    <time>2026-05-29T05:04:39Z</time>
    <extensions>
     <power>453</power>
     <gpxtpx:TrackPointExtension>
      <gpxtpx:hr>172</gpxtpx:hr>
      <gpxtpx:cad>86</gpxtpx:cad>
     </gpxtpx:TrackPointExtension>
    </extensions>
   </trkpt>
   <trkpt lat="55.7191990" lon="37.5526830">
    <ele>124.2</ele>
    <time>2026-05-29T05:04:40Z</time>
    <extensions>
     <power>455</power>
     <gpxtpx:TrackPointExtension>
      <gpxtpx:hr>173</gpxtpx:hr>
      <gpxtpx:cad>86</gpxtpx:cad>
     </gpxtpx:TrackPointExtension>
    </extensions>
   </trkpt>
   <trkpt lat="55.7192310" lon="37.5526900">
    <ele>124.2</ele>
    <time>2026-05-29T05:04:41Z</time>
    <extensions>
     <power>451</power>
     <gpxtpx:TrackPointExtension>
      <gpxtpx:hr>172</gpxtpx:hr>
      <gpxtpx:cad>86</gpxtpx:cad>
     </gpxtpx:TrackPointExtension>
    </extensions>
   </trkpt>
   <trkpt lat="55.7192810" lon="37.5526900">
    <ele>124.2</ele>
    <time>2026-05-29T05:04:42Z</time>
    <extensions>
     <power>455</power>
     <gpxtpx:TrackPointExtension>
      <gpxtpx:hr>172</gpxtpx:hr>
      <gpxtpx:cad>87</gpxtpx:cad>
     </gpxtpx:TrackPointExtension>
    </extensions>
   </trkpt>
   <trkpt lat="55.7193000" lon="37.5526850">
    <ele>124.2</ele>
    <time>2026-05-29T05:04:43Z</time>
    <extensions>
     <power>455</power>
     <gpxtpx:TrackPointExtension>
      <gpxtpx:hr>172</gpxtpx:hr>
      <gpxtpx:cad>87</gpxtpx:cad>
     </gpxtpx:TrackPointExtension>
    </extensions>
   </trkpt>
   <trkpt lat="55.7193470" lon="37.5526670">
    <ele>124.2</ele>
    <time>2026-05-29T05:04:44Z</time>
    <extensions>
     <power>459</power>
     <gpxtpx:TrackPointExtension>
      <gpxtpx:hr>171</gpxtpx:hr>
      <gpxtpx:cad>86</gpxtpx:cad>
     </gpxtpx:TrackPointExtension>
    </extensions>
   </trkpt>
   <trkpt lat="55.7193690" lon="37.5526550">
    <ele>124.2</ele>
    <time>2026-05-29T05:04:45Z</time>
    <extensions>
     <power>457</power>
     <gpxtpx:TrackPointExtension>
      <gpxtpx:hr>171</gpxtpx:hr>
      <gpxtpx:cad>86</gpxtpx:cad>
     </gpxtpx:TrackPointExtension>
    </extensions>
   </trkpt>
   <trkpt lat="55.7194020" lon="37.5526280">
    <ele>124.2</ele>
    <time>2026-05-29T05:04:46Z</time>
    <extensions>
     <power>453</power>
     <gpxtpx:TrackPointExtension>
      <gpxtpx:hr>171</gpxtpx:hr>
      <gpxtpx:cad>86</gpxtpx:cad>
     </gpxtpx:TrackPointExtension>
    </extensions>
   </trkpt>
   <trkpt lat="55.7194340" lon="37.5525940">
    <ele>124.2</ele>
    <time>2026-05-29T05:04:47Z</time>
    <extensions>
     <power>451</power>
     <gpxtpx:TrackPointExtension>
      <gpxtpx:hr>171</gpxtpx:hr>
      <gpxtpx:cad>86</gpxtpx:cad>
     </gpxtpx:TrackPointExtension>
    </extensions>
   </trkpt>
   <trkpt lat="55.7194500" lon="37.5525750">
    <ele>124.2</ele>
    <time>2026-05-29T05:04:48Z</time>
    <extensions>
     <power>451</power>
     <gpxtpx:TrackPointExtension>
      <gpxtpx:hr>171</gpxtpx:hr>
      <gpxtpx:cad>86</gpxtpx:cad>
     </gpxtpx:TrackPointExtension>
    </extensions>
   </trkpt>
   <trkpt lat="55.7194930" lon="37.5525060">
    <ele>124.2</ele>
    <time>2026-05-29T05:04:49Z</time>
    <extensions>
     <power>451</power>
     <gpxtpx:TrackPointExtension>
      <gpxtpx:hr>171</gpxtpx:hr>
      <gpxtpx:cad>86</gpxtpx:cad>
     </gpxtpx:TrackPointExtension>
    </extensions>
   </trkpt>
   <trkpt lat="55.7195040" lon="37.5524860">
    <ele>124.2</ele>
    <time>2026-05-29T05:04:50Z</time>
    <extensions>
     <power>451</power>
     <gpxtpx:TrackPointExtension>
      <gpxtpx:hr>171</gpxtpx:hr>
      <gpxtpx:cad>86</gpxtpx:cad>
     </gpxtpx:TrackPointExtension>
    </extensions>
   </trkpt>
   <trkpt lat="55.7195360" lon="37.5524290">
    <ele>124.2</ele>
    <time>2026-05-29T05:04:51Z</time>
    <extensions>
     <power>451</power>
     <gpxtpx:TrackPointExtension>
      <gpxtpx:hr>171</gpxtpx:hr>
      <gpxtpx:cad>86</gpxtpx:cad>
     </gpxtpx:TrackPointExtension>
    </extensions>
   </trkpt>
   <trkpt lat="55.7195570" lon="37.5523910">
    <ele>124.2</ele>
    <time>2026-05-29T05:04:52Z</time>
    <extensions>
     <power>478</power>
     <gpxtpx:TrackPointExtension>
      <gpxtpx:hr>171</gpxtpx:hr>
      <gpxtpx:cad>86</gpxtpx:cad>
     </gpxtpx:TrackPointExtension>
    </extensions>
   </trkpt>
   <trkpt lat="55.7195830" lon="37.5523440">
    <ele>124.2</ele>
    <time>2026-05-29T05:04:53Z</time>
    <extensions>
     <power>478</power>
     <gpxtpx:TrackPointExtension>
      <gpxtpx:hr>171</gpxtpx:hr>
      <gpxtpx:cad>86</gpxtpx:cad>
     </gpxtpx:TrackPointExtension>
    </extensions>
   </trkpt>
   <trkpt lat="55.7196120" lon="37.5522930">
    <ele>124.2</ele>
    <time>2026-05-29T05:04:54Z</time>
    <extensions>
     <power>460</power>
     <gpxtpx:TrackPointExtension>
      <gpxtpx:hr>172</gpxtpx:hr>
      <gpxtpx:cad>86</gpxtpx:cad>
     </gpxtpx:TrackPointExtension>
    </extensions>
   </trkpt>
   <trkpt lat="55.7196310" lon="37.5522580">
    <ele>124.2</ele>
    <time>2026-05-29T05:04:55Z</time>
    <extensions>
     <power>453</power>
     <gpxtpx:TrackPointExtension>
      <gpxtpx:hr>172</gpxtpx:hr>
      <gpxtpx:cad>86</gpxtpx:cad>
     </gpxtpx:TrackPointExtension>
    </extensions>
   </trkpt>
   <trkpt lat="55.7196720" lon="37.5521860">
    <ele>124.2</ele>
    <time>2026-05-29T05:04:56Z</time>
    <extensions>
     <power>455</power>
     <gpxtpx:TrackPointExtension>
      <gpxtpx:hr>171</gpxtpx:hr>
      <gpxtpx:cad>86</gpxtpx:cad>
     </gpxtpx:TrackPointExtension>
    </extensions>
   </trkpt>
   <trkpt lat="55.7196820" lon="37.5521680">
    <ele>124.2</ele>
    <time>2026-05-29T05:04:57Z</time>
    <extensions>
     <power>459</power>
     <gpxtpx:TrackPointExtension>
      <gpxtpx:hr>172</gpxtpx:hr>
      <gpxtpx:cad>86</gpxtpx:cad>
     </gpxtpx:TrackPointExtension>
    </extensions>
   </trkpt>
   <trkpt lat="55.7197150" lon="37.5521080">
    <ele>124.2</ele>
    <time>2026-05-29T05:04:58Z</time>
    <extensions>
     <power>460</power>
     <gpxtpx:TrackPointExtension>
      <gpxtpx:hr>172</gpxtpx:hr>
      <gpxtpx:cad>86</gpxtpx:cad>
     </gpxtpx:TrackPointExtension>
    </extensions>
   </trkpt>
   <trkpt lat="55.7197390" lon="37.5520660">
    <ele>124.2</ele>
    <time>2026-05-29T05:04:59Z</time>
    <extensions>
     <power>461</power>
     <gpxtpx:TrackPointExtension>
      <gpxtpx:hr>172</gpxtpx:hr>
      <gpxtpx:cad>86</gpxtpx:cad>
     </gpxtpx:TrackPointExtension>
    </extensions>
   </trkpt>
   <trkpt lat="55.7197720" lon="37.5520050">
    <ele>124.2</ele>
    <time>2026-05-29T05:05:00Z</time>
    <extensions>
     <power>461</power>
     <gpxtpx:TrackPointExtension>
      <gpxtpx:hr>172</gpxtpx:hr>
      <gpxtpx:cad>86</gpxtpx:cad>
     </gpxtpx:TrackPointExtension>
    </extensions>
   </trkpt>
   <trkpt lat="55.7197960" lon="37.5519630">
    <ele>124.2</ele>
    <time>2026-05-29T05:05:01Z</time>
    <extensions>
     <power>458</power>
     <gpxtpx:TrackPointExtension>
      <gpxtpx:hr>172</gpxtpx:hr>
      <gpxtpx:cad>86</gpxtpx:cad>
     </gpxtpx:TrackPointExtension>
    </extensions>
   </trkpt>
   <trkpt lat="55.7198170" lon="37.5519260">
    <ele>124.2</ele>
    <time>2026-05-29T05:05:02Z</time>
    <extensions>
     <power>459</power>
     <gpxtpx:TrackPointExtension>
      <gpxtpx:hr>172</gpxtpx:hr>
      <gpxtpx:cad>86</gpxtpx:cad>
     </gpxtpx:TrackPointExtension>
    </extensions>
   </trkpt>
   <trkpt lat="55.7198480" lon="37.5518710">
    <ele>124.2</ele>
    <time>2026-05-29T05:05:03Z</time>
    <extensions>
     <power>459</power>
     <gpxtpx:TrackPointExtension>
      <gpxtpx:hr>172</gpxtpx:hr>
      <gpxtpx:cad>86</gpxtpx:cad>
     </gpxtpx:TrackPointExtension>
    </extensions>
   </trkpt>
   <trkpt lat="55.7198600" lon="37.5518480">
    <ele>124.2</ele>
    <time>2026-05-29T05:05:04Z</time>
    <extensions>
     <power>455</power>
     <gpxtpx:TrackPointExtension>
      <gpxtpx:hr>172</gpxtpx:hr>
      <gpxtpx:cad>86</gpxtpx:cad>
     </gpxtpx:TrackPointExtension>
    </extensions>
   </trkpt>
   <trkpt lat="55.7198930" lon="37.5517900">
    <ele>124.2</ele>
    <time>2026-05-29T05:05:05Z</time>
    <extensions>
     <power>456</power>
     <gpxtpx:TrackPointExtension>
      <gpxtpx:hr>172</gpxtpx:hr>
      <gpxtpx:cad>86</gpxtpx:cad>
     </gpxtpx:TrackPointExtension>
    </extensions>
   </trkpt>
   <trkpt lat="55.7199130" lon="37.5517530">
    <ele>124.2</ele>
    <time>2026-05-29T05:05:06Z</time>
    <extensions>
     <power>455</power>
     <gpxtpx:TrackPointExtension>
      <gpxtpx:hr>172</gpxtpx:hr>
      <gpxtpx:cad>85</gpxtpx:cad>
     </gpxtpx:TrackPointExtension>
    </extensions>
   </trkpt>
   <trkpt lat="55.7199370" lon="37.5517110">
    <ele>124.2</ele>
    <time>2026-05-29T05:05:07Z</time>
    <extensions>
     <power>452</power>
     <gpxtpx:TrackPointExtension>
      <gpxtpx:hr>172</gpxtpx:hr>
      <gpxtpx:cad>85</gpxtpx:cad>
     </gpxtpx:TrackPointExtension>
    </extensions>
   </trkpt>
   <trkpt lat="55.7199640" lon="37.5516630">
    <ele>124.2</ele>
    <time>2026-05-29T05:05:08Z</time>
    <extensions>
     <power>446</power>
     <gpxtpx:TrackPointExtension>
      <gpxtpx:hr>172</gpxtpx:hr>
      <gpxtpx:cad>86</gpxtpx:cad>
     </gpxtpx:TrackPointExtension>
    </extensions>
   </trkpt>
   <trkpt lat="55.7199800" lon="37.5516340">
    <ele>124.2</ele>
    <time>2026-05-29T05:05:09Z</time>
    <extensions>
     <power>446</power>
     <gpxtpx:TrackPointExtension>
      <gpxtpx:hr>173</gpxtpx:hr>
      <gpxtpx:cad>86</gpxtpx:cad>
     </gpxtpx:TrackPointExtension>
    </extensions>
   </trkpt>
   <trkpt lat="55.7200150" lon="37.5515700">
    <ele>124.2</ele>
    <time>2026-05-29T05:05:10Z</time>
    <extensions>
     <power>447</power>
     <gpxtpx:TrackPointExtension>
      <gpxtpx:hr>172</gpxtpx:hr>
      <gpxtpx:cad>86</gpxtpx:cad>
     </gpxtpx:TrackPointExtension>
    </extensions>
   </trkpt>
   <trkpt lat="55.7200340" lon="37.5515370">
    <ele>124.2</ele>
    <time>2026-05-29T05:05:11Z</time>
    <extensions>
     <power>445</power>
     <gpxtpx:TrackPointExtension>
      <gpxtpx:hr>173</gpxtpx:hr>
      <gpxtpx:cad>86</gpxtpx:cad>
     </gpxtpx:TrackPointExtension>
    </extensions>
   </trkpt>
   <trkpt lat="55.7200620" lon="37.5514800">
    <ele>124.2</ele>
    <time>2026-05-29T05:05:12Z</time>
    <extensions>
     <power>445</power>
     <gpxtpx:TrackPointExtension>
      <gpxtpx:hr>173</gpxtpx:hr>
      <gpxtpx:cad>86</gpxtpx:cad>
     </gpxtpx:TrackPointExtension>
    </extensions>
   </trkpt>
   <trkpt lat="55.7200740" lon="37.5514510">
    <ele>124.2</ele>
    <time>2026-05-29T05:05:13Z</time>
    <extensions>
     <power>444</power>
     <gpxtpx:TrackPointExtension>
      <gpxtpx:hr>172</gpxtpx:hr>
      <gpxtpx:cad>86</gpxtpx:cad>
     </gpxtpx:TrackPointExtension>
    </extensions>
   </trkpt>
   <trkpt lat="55.7200910" lon="37.5514020">
    <ele>124.2</ele>
    <time>2026-05-29T05:05:14Z</time>
    <extensions>
     <power>443</power>
     <gpxtpx:TrackPointExtension>
      <gpxtpx:hr>172</gpxtpx:hr>
      <gpxtpx:cad>86</gpxtpx:cad>
     </gpxtpx:TrackPointExtension>
    </extensions>
   </trkpt>
   <trkpt lat="55.7201040" lon="37.5513550">
    <ele>124.2</ele>
    <time>2026-05-29T05:05:15Z</time>
    <extensions>
     <power>442</power>
     <gpxtpx:TrackPointExtension>
      <gpxtpx:hr>172</gpxtpx:hr>
      <gpxtpx:cad>86</gpxtpx:cad>
     </gpxtpx:TrackPointExtension>
    </extensions>
   </trkpt>
   <trkpt lat="55.7201140" lon="37.5513090">
    <ele>124.2</ele>
    <time>2026-05-29T05:05:16Z</time>
    <extensions>
     <power>441</power>
     <gpxtpx:TrackPointExtension>
      <gpxtpx:hr>172</gpxtpx:hr>
      <gpxtpx:cad>86</gpxtpx:cad>
     </gpxtpx:TrackPointExtension>
    </extensions>
   </trkpt>
   <trkpt lat="55.7201250" lon="37.5512350">
    <ele>124.2</ele>
    <time>2026-05-29T05:05:17Z</time>
    <extensions>
     <power>446</power>
     <gpxtpx:TrackPointExtension>
      <gpxtpx:hr>171</gpxtpx:hr>
      <gpxtpx:cad>85</gpxtpx:cad>
     </gpxtpx:TrackPointExtension>
    </extensions>
   </trkpt>
   <trkpt lat="55.7201260" lon="37.5512230">
    <ele>124.2</ele>
    <time>2026-05-29T05:05:18Z</time>
    <extensions>
     <power>447</power>
     <gpxtpx:TrackPointExtension>
      <gpxtpx:hr>171</gpxtpx:hr>
      <gpxtpx:cad>85</gpxtpx:cad>
     </gpxtpx:TrackPointExtension>
    </extensions>
   </trkpt>
   <trkpt lat="55.7201300" lon="37.5511550">
    <ele>124.2</ele>
    <time>2026-05-29T05:05:19Z</time>
    <extensions>
     <power>442</power>
     <gpxtpx:TrackPointExtension>
      <gpxtpx:hr>172</gpxtpx:hr>
      <gpxtpx:cad>84</gpxtpx:cad>
     </gpxtpx:TrackPointExtension>
    </extensions>
   </trkpt>
   <trkpt lat="55.7201300" lon="37.5511270">
    <ele>124.2</ele>
    <time>2026-05-29T05:05:20Z</time>
    <extensions>
     <power>422</power>
     <gpxtpx:TrackPointExtension>
      <gpxtpx:hr>171</gpxtpx:hr>
      <gpxtpx:cad>84</gpxtpx:cad>
     </gpxtpx:TrackPointExtension>
    </extensions>
   </trkpt>
   <trkpt lat="55.7201280" lon="37.5510700">
    <ele>124.2</ele>
    <time>2026-05-29T05:05:21Z</time>
    <extensions>
     <power>426</power>
     <gpxtpx:TrackPointExtension>
      <gpxtpx:hr>172</gpxtpx:hr>
      <gpxtpx:cad>85</gpxtpx:cad>
     </gpxtpx:TrackPointExtension>
    </extensions>
   </trkpt>
   <trkpt lat="55.7201240" lon="37.5510140">
    <ele>124.2</ele>
    <time>2026-05-29T05:05:22Z</time>
    <extensions>
     <power>410</power>
     <gpxtpx:TrackPointExtension>
      <gpxtpx:hr>172</gpxtpx:hr>
      <gpxtpx:cad>85</gpxtpx:cad>
     </gpxtpx:TrackPointExtension>
    </extensions>
   </trkpt>
   <trkpt lat="55.7201180" lon="37.5509740">
    <ele>124.2</ele>
    <time>2026-05-29T05:05:23Z</time>
    <extensions>
     <power>392</power>
     <gpxtpx:TrackPointExtension>
      <gpxtpx:hr>172</gpxtpx:hr>
      <gpxtpx:cad>85</gpxtpx:cad>
     </gpxtpx:TrackPointExtension>
    </extensions>
   </trkpt>
   <trkpt lat="55.7201030" lon="37.5509010">
    <ele>124.2</ele>
    <time>2026-05-29T05:05:24Z</time>
    <extensions>
     <power>389</power>
     <gpxtpx:TrackPointExtension>
      <gpxtpx:hr>171</gpxtpx:hr>
      <gpxtpx:cad>85</gpxtpx:cad>
     </gpxtpx:TrackPointExtension>
    </extensions>
   </trkpt>
   <trkpt lat="55.7200970" lon="37.5508790">
    <ele>124.2</ele>
    <time>2026-05-29T05:05:25Z</time>
    <extensions>
     <power>388</power>
     <gpxtpx:TrackPointExtension>
      <gpxtpx:hr>170</gpxtpx:hr>
      <gpxtpx:cad>84</gpxtpx:cad>
     </gpxtpx:TrackPointExtension>
    </extensions>
   </trkpt>
   <trkpt lat="55.7200810" lon="37.5508260">
    <ele>124.2</ele>
    <time>2026-05-29T05:05:26Z</time>
    <extensions>
     <power>383</power>
     <gpxtpx:TrackPointExtension>
      <gpxtpx:hr>170</gpxtpx:hr>
      <gpxtpx:cad>85</gpxtpx:cad>
     </gpxtpx:TrackPointExtension>
    </extensions>
   </trkpt>
   <trkpt lat="55.7200670" lon="37.5507890">
    <ele>124.2</ele>
    <time>2026-05-29T05:05:27Z</time>
    <extensions>
     <power>373</power>
     <gpxtpx:TrackPointExtension>
      <gpxtpx:hr>170</gpxtpx:hr>
      <gpxtpx:cad>85</gpxtpx:cad>
     </gpxtpx:TrackPointExtension>
    </extensions>
   </trkpt>
   <trkpt lat="55.7200490" lon="37.5507520">
    <ele>124.2</ele>
    <time>2026-05-29T05:05:28Z</time>
    <extensions>
     <power>361</power>
     <gpxtpx:TrackPointExtension>
      <gpxtpx:hr>169</gpxtpx:hr>
      <gpxtpx:cad>85</gpxtpx:cad>
     </gpxtpx:TrackPointExtension>
    </extensions>
   </trkpt>
   <trkpt lat="55.7200260" lon="37.5507100">
    <ele>124.2</ele>
    <time>2026-05-29T05:05:29Z</time>
    <extensions>
     <power>359</power>
     <gpxtpx:TrackPointExtension>
      <gpxtpx:hr>169</gpxtpx:hr>
      <gpxtpx:cad>85</gpxtpx:cad>
     </gpxtpx:TrackPointExtension>
    </extensions>
   </trkpt>
   <trkpt lat="55.7200090" lon="37.5506840">
    <ele>124.2</ele>
    <time>2026-05-29T05:05:30Z</time>
    <extensions>
     <power>369</power>
     <gpxtpx:TrackPointExtension>
      <gpxtpx:hr>169</gpxtpx:hr>
      <gpxtpx:cad>85</gpxtpx:cad>
     </gpxtpx:TrackPointExtension>
    </extensions>
   </trkpt>
   <trkpt lat="55.7199810" lon="37.5506490">
    <ele>124.2</ele>
    <time>2026-05-29T05:05:31Z</time>
    <extensions>
     <power>368</power>
     <gpxtpx:TrackPointExtension>
      <gpxtpx:hr>169</gpxtpx:hr>
      <gpxtpx:cad>85</gpxtpx:cad>
     </gpxtpx:TrackPointExtension>
    </extensions>
   </trkpt>
   <trkpt lat="55.7199610" lon="37.5506260">
    <ele>124.2</ele>
    <time>2026-05-29T05:05:32Z</time>
    <extensions>
     <power>363</power>
     <gpxtpx:TrackPointExtension>
      <gpxtpx:hr>169</gpxtpx:hr>
      <gpxtpx:cad>85</gpxtpx:cad>
     </gpxtpx:TrackPointExtension>
    </extensions>
   </trkpt>
   <trkpt lat="55.7199270" lon="37.5506000">
    <ele>124.2</ele>
    <time>2026-05-29T05:05:33Z</time>
    <extensions>
     <power>363</power>
     <gpxtpx:TrackPointExtension>
      <gpxtpx:hr>167</gpxtpx:hr>
      <gpxtpx:cad>85</gpxtpx:cad>
     </gpxtpx:TrackPointExtension>
    </extensions>
   </trkpt>
   <trkpt lat="55.7199030" lon="37.5505850">
    <ele>124.2</ele>
    <time>2026-05-29T05:05:34Z</time>
    <extensions>
     <power>379</power>
     <gpxtpx:TrackPointExtension>
      <gpxtpx:hr>167</gpxtpx:hr>
      <gpxtpx:cad>85</gpxtpx:cad>
     </gpxtpx:TrackPointExtension>
    </extensions>
   </trkpt>
   <trkpt lat="55.7198750" lon="37.5505710">
    <ele>124.2</ele>
    <time>2026-05-29T05:05:35Z</time>
    <extensions>
     <power>378</power>
     <gpxtpx:TrackPointExtension>
      <gpxtpx:hr>168</gpxtpx:hr>
      <gpxtpx:cad>85</gpxtpx:cad>
     </gpxtpx:TrackPointExtension>
    </extensions>
   </trkpt>
   <trkpt lat="55.7198340" lon="37.5505610">
    <ele>124.2</ele>
    <time>2026-05-29T05:05:36Z</time>
    <extensions>
     <power>382</power>
     <gpxtpx:TrackPointExtension>
      <gpxtpx:hr>168</gpxtpx:hr>
      <gpxtpx:cad>85</gpxtpx:cad>
     </gpxtpx:TrackPointExtension>
    </extensions>
   </trkpt>
   <trkpt lat="55.7198140" lon="37.5505600">
    <ele>124.2</ele>
    <time>2026-05-29T05:05:37Z</time>
    <extensions>
     <power>389</power>
     <gpxtpx:TrackPointExtension>
      <gpxtpx:hr>168</gpxtpx:hr>
      <gpxtpx:cad>85</gpxtpx:cad>
     </gpxtpx:TrackPointExtension>
    </extensions>
   </trkpt>
   <trkpt lat="55.7197790" lon="37.5505620">
    <ele>124.2</ele>
    <time>2026-05-29T05:05:38Z</time>
    <extensions>
     <power>386</power>
     <gpxtpx:TrackPointExtension>
      <gpxtpx:hr>168</gpxtpx:hr>
      <gpxtpx:cad>85</gpxtpx:cad>
     </gpxtpx:TrackPointExtension>
    </extensions>
   </trkpt>
   <trkpt lat="55.7197610" lon="37.5505670">
    <ele>124.2</ele>
    <time>2026-05-29T05:05:39Z</time>
    <extensions>
     <power>376</power>
     <gpxtpx:TrackPointExtension>
      <gpxtpx:hr>168</gpxtpx:hr>
      <gpxtpx:cad>86</gpxtpx:cad>
     </gpxtpx:TrackPointExtension>
    </extensions>
   </trkpt>
   <trkpt lat="55.7197320" lon="37.5505770">
    <ele>124.2</ele>
    <time>2026-05-29T05:05:40Z</time>
    <extensions>
     <power>374</power>
     <gpxtpx:TrackPointExtension>
      <gpxtpx:hr>167</gpxtpx:hr>
      <gpxtpx:cad>86</gpxtpx:cad>
     </gpxtpx:TrackPointExtension>
    </extensions>
   </trkpt>
   <trkpt lat="55.7196990" lon="37.5505940">
    <ele>124.2</ele>
    <time>2026-05-29T05:05:41Z</time>
    <extensions>
     <power>371</power>
     <gpxtpx:TrackPointExtension>
      <gpxtpx:hr>167</gpxtpx:hr>
      <gpxtpx:cad>86</gpxtpx:cad>
     </gpxtpx:TrackPointExtension>
    </extensions>
   </trkpt>
   <trkpt lat="55.7196670" lon="37.5506200">
    <ele>124.2</ele>
    <time>2026-05-29T05:05:42Z</time>
    <extensions>
     <power>371</power>
     <gpxtpx:TrackPointExtension>
      <gpxtpx:hr>167</gpxtpx:hr>
      <gpxtpx:cad>86</gpxtpx:cad>
     </gpxtpx:TrackPointExtension>
    </extensions>
   </trkpt>
   <trkpt lat="55.7196330" lon="37.5506550">
    <ele>124.2</ele>
    <time>2026-05-29T05:05:43Z</time>
    <extensions>
     <power>374</power>
     <gpxtpx:TrackPointExtension>
      <gpxtpx:hr>168</gpxtpx:hr>
      <gpxtpx:cad>86</gpxtpx:cad>
     </gpxtpx:TrackPointExtension>
    </extensions>
   </trkpt>
   <trkpt lat="55.7196000" lon="37.5506990">
    <ele>124.2</ele>
    <time>2026-05-29T05:05:44Z</time>
    <extensions>
     <power>397</power>
     <gpxtpx:TrackPointExtension>
      <gpxtpx:hr>168</gpxtpx:hr>
      <gpxtpx:cad>89</gpxtpx:cad>
     </gpxtpx:TrackPointExtension>
    </extensions>
   </trkpt>
   <trkpt lat="55.7195750" lon="37.5507400">
    <ele>124.2</ele>
    <time>2026-05-29T05:05:45Z</time>
    <extensions>
     <power>404</power>
     <gpxtpx:TrackPointExtension>
      <gpxtpx:hr>168</gpxtpx:hr>
      <gpxtpx:cad>89</gpxtpx:cad>
     </gpxtpx:TrackPointExtension>
    </extensions>
   </trkpt>
   <trkpt lat="55.7195410" lon="37.5508010">
    <ele>124.2</ele>
    <time>2026-05-29T05:05:46Z</time>
    <extensions>
     <power>412</power>
     <gpxtpx:TrackPointExtension>
      <gpxtpx:hr>168</gpxtpx:hr>
      <gpxtpx:cad>89</gpxtpx:cad>
     </gpxtpx:TrackPointExtension>
    </extensions>
   </trkpt>
   <trkpt lat="55.7195120" lon="37.5508530">
    <ele>124.2</ele>
    <time>2026-05-29T05:05:47Z</time>
    <extensions>
     <power>483</power>
     <gpxtpx:TrackPointExtension>
      <gpxtpx:hr>168</gpxtpx:hr>
      <gpxtpx:cad>89</gpxtpx:cad>
     </gpxtpx:TrackPointExtension>
    </extensions>
   </trkpt>
   <trkpt lat="55.7194900" lon="37.5508920">
    <ele>124.2</ele>
    <time>2026-05-29T05:05:48Z</time>
    <extensions>
     <power>484</power>
     <gpxtpx:TrackPointExtension>
      <gpxtpx:hr>168</gpxtpx:hr>
      <gpxtpx:cad>88</gpxtpx:cad>
     </gpxtpx:TrackPointExtension>
    </extensions>
   </trkpt>
   <trkpt lat="55.7194570" lon="37.5509510">
    <ele>124.2</ele>
    <time>2026-05-29T05:05:49Z</time>
    <extensions>
     <power>479</power>
     <gpxtpx:TrackPointExtension>
      <gpxtpx:hr>169</gpxtpx:hr>
      <gpxtpx:cad>88</gpxtpx:cad>
     </gpxtpx:TrackPointExtension>
    </extensions>
   </trkpt>
   <trkpt lat="55.7194350" lon="37.5509910">
    <ele>124.2</ele>
    <time>2026-05-29T05:05:50Z</time>
    <extensions>
     <power>477</power>
     <gpxtpx:TrackPointExtension>
      <gpxtpx:hr>170</gpxtpx:hr>
      <gpxtpx:cad>88</gpxtpx:cad>
     </gpxtpx:TrackPointExtension>
    </extensions>
   </trkpt>
   <trkpt lat="55.7194000" lon="37.5510530">
    <ele>124.2</ele>
    <time>2026-05-29T05:05:51Z</time>
    <extensions>
     <power>462</power>
     <gpxtpx:TrackPointExtension>
      <gpxtpx:hr>168</gpxtpx:hr>
      <gpxtpx:cad>88</gpxtpx:cad>
     </gpxtpx:TrackPointExtension>
    </extensions>
   </trkpt>
   <trkpt lat="55.7193810" lon="37.5510860">
    <ele>124.2</ele>
    <time>2026-05-29T05:05:52Z</time>
    <extensions>
     <power>463</power>
     <gpxtpx:TrackPointExtension>
      <gpxtpx:hr>169</gpxtpx:hr>
      <gpxtpx:cad>88</gpxtpx:cad>
     </gpxtpx:TrackPointExtension>
    </extensions>
   </trkpt>
   <trkpt lat="55.7193360" lon="37.5511670">
    <ele>124.2</ele>
    <time>2026-05-29T05:05:53Z</time>
    <extensions>
     <power>490</power>
     <gpxtpx:TrackPointExtension>
      <gpxtpx:hr>169</gpxtpx:hr>
      <gpxtpx:cad>88</gpxtpx:cad>
     </gpxtpx:TrackPointExtension>
    </extensions>
   </trkpt>
   <trkpt lat="55.7193220" lon="37.5511930">
    <ele>124.2</ele>
    <time>2026-05-29T05:05:54Z</time>
    <extensions>
     <power>464</power>
     <gpxtpx:TrackPointExtension>
      <gpxtpx:hr>170</gpxtpx:hr>
      <gpxtpx:cad>88</gpxtpx:cad>
     </gpxtpx:TrackPointExtension>
    </extensions>
   </trkpt>
   <trkpt lat="55.7192830" lon="37.5512620">
    <ele>124.2</ele>
    <time>2026-05-29T05:05:55Z</time>
    <extensions>
     <power>516</power>
     <gpxtpx:TrackPointExtension>
      <gpxtpx:hr>168</gpxtpx:hr>
      <gpxtpx:cad>88</gpxtpx:cad>
     </gpxtpx:TrackPointExtension>
    </extensions>
   </trkpt>
   <trkpt lat="55.7192650" lon="37.5512950">
    <ele>124.2</ele>
    <time>2026-05-29T05:05:56Z</time>
    <extensions>
     <power>452</power>
     <gpxtpx:TrackPointExtension>
      <gpxtpx:hr>168</gpxtpx:hr>
      <gpxtpx:cad>88</gpxtpx:cad>
     </gpxtpx:TrackPointExtension>
    </extensions>
   </trkpt>
   <trkpt lat="55.7192360" lon="37.5513460">
    <ele>124.2</ele>
    <time>2026-05-29T05:05:57Z</time>
    <extensions>
     <power>459</power>
     <gpxtpx:TrackPointExtension>
      <gpxtpx:hr>169</gpxtpx:hr>
      <gpxtpx:cad>88</gpxtpx:cad>
     </gpxtpx:TrackPointExtension>
    </extensions>
   </trkpt>
   <trkpt lat="55.7192150" lon="37.5513840">
    <ele>124.2</ele>
    <time>2026-05-29T05:05:58Z</time>
    <extensions>
     <power>458</power>
     <gpxtpx:TrackPointExtension>
      <gpxtpx:hr>170</gpxtpx:hr>
      <gpxtpx:cad>87</gpxtpx:cad>
     </gpxtpx:TrackPointExtension>
    </extensions>
   </trkpt>
   <trkpt lat="55.7191830" lon="37.5514410">
    <ele>124.2</ele>
    <time>2026-05-29T05:05:59Z</time>
    <extensions>
     <power>460</power>
     <gpxtpx:TrackPointExtension>
      <gpxtpx:hr>170</gpxtpx:hr>
      <gpxtpx:cad>86</gpxtpx:cad>
     </gpxtpx:TrackPointExtension>
    </extensions>
   </trkpt>
   <trkpt lat="55.7191510" lon="37.5514990">
    <ele>124.2</ele>
    <time>2026-05-29T05:06:00Z</time>
    <extensions>
     <power>496</power>
     <gpxtpx:TrackPointExtension>
      <gpxtpx:hr>171</gpxtpx:hr>
      <gpxtpx:cad>86</gpxtpx:cad>
     </gpxtpx:TrackPointExtension>
    </extensions>
   </trkpt>
   <trkpt lat="55.7191340" lon="37.5515290">
    <ele>124.2</ele>
    <time>2026-05-29T05:06:01Z</time>
    <extensions>
     <power>490</power>
     <gpxtpx:TrackPointExtension>
      <gpxtpx:hr>171</gpxtpx:hr>
      <gpxtpx:cad>86</gpxtpx:cad>
     </gpxtpx:TrackPointExtension>
    </extensions>
   </trkpt>
   <trkpt lat="55.7190940" lon="37.5516010">
    <ele>124.2</ele>
    <time>2026-05-29T05:06:02Z</time>
    <extensions>
     <power>495</power>
     <gpxtpx:TrackPointExtension>
      <gpxtpx:hr>171</gpxtpx:hr>
      <gpxtpx:cad>86</gpxtpx:cad>
     </gpxtpx:TrackPointExtension>
    </extensions>
   </trkpt>
   <trkpt lat="55.7190620" lon="37.5516580">
    <ele>124.2</ele>
    <time>2026-05-29T05:06:03Z</time>
    <extensions>
     <power>461</power>
     <gpxtpx:TrackPointExtension>
      <gpxtpx:hr>170</gpxtpx:hr>
      <gpxtpx:cad>86</gpxtpx:cad>
     </gpxtpx:TrackPointExtension>
    </extensions>
   </trkpt>
   <trkpt lat="55.7190420" lon="37.5516940">
    <ele>124.2</ele>
    <time>2026-05-29T05:06:04Z</time>
    <extensions>
     <power>478</power>
     <gpxtpx:TrackPointExtension>
      <gpxtpx:hr>170</gpxtpx:hr>
      <gpxtpx:cad>86</gpxtpx:cad>
     </gpxtpx:TrackPointExtension>
    </extensions>
   </trkpt>
   <trkpt lat="55.7190300" lon="37.5517160">
    <ele>124.2</ele>
    <time>2026-05-29T05:06:05Z</time>
    <extensions>
     <power>457</power>
     <gpxtpx:TrackPointExtension>
      <gpxtpx:hr>169</gpxtpx:hr>
      <gpxtpx:cad>87</gpxtpx:cad>
     </gpxtpx:TrackPointExtension>
    </extensions>
   </trkpt>
   <trkpt lat="55.7189970" lon="37.5517820">
    <ele>124.2</ele>
    <time>2026-05-29T05:06:06Z</time>
    <extensions>
     <power>465</power>
     <gpxtpx:TrackPointExtension>
      <gpxtpx:hr>170</gpxtpx:hr>
      <gpxtpx:cad>87</gpxtpx:cad>
     </gpxtpx:TrackPointExtension>
    </extensions>
   </trkpt>
   <trkpt lat="55.7189810" lon="37.5518270">
    <ele>124.2</ele>
    <time>2026-05-29T05:06:07Z</time>
    <extensions>
     <power>466</power>
     <gpxtpx:TrackPointExtension>
      <gpxtpx:hr>170</gpxtpx:hr>
      <gpxtpx:cad>87</gpxtpx:cad>
     </gpxtpx:TrackPointExtension>
    </extensions>
   </trkpt>
   <trkpt lat="55.7189650" lon="37.5518790">
    <ele>124.2</ele>
    <time>2026-05-29T05:06:08Z</time>
    <extensions>
     <power>462</power>
     <gpxtpx:TrackPointExtension>
      <gpxtpx:hr>170</gpxtpx:hr>
      <gpxtpx:cad>87</gpxtpx:cad>
     </gpxtpx:TrackPointExtension>
    </extensions>
   </trkpt>
   <trkpt lat="55.7189480" lon="37.5519600">
    <ele>124.2</ele>
    <time>2026-05-29T05:06:09Z</time>
    <extensions>
     <power>468</power>
     <gpxtpx:TrackPointExtension>
      <gpxtpx:hr>170</gpxtpx:hr>
      <gpxtpx:cad>87</gpxtpx:cad>
     </gpxtpx:TrackPointExtension>
    </extensions>
   </trkpt>
   <trkpt lat="55.7189430" lon="37.5519920">
    <ele>124.2</ele>
    <time>2026-05-29T05:06:10Z</time>
    <extensions>
     <power>458</power>
     <gpxtpx:TrackPointExtension>
      <gpxtpx:hr>170</gpxtpx:hr>
      <gpxtpx:cad>87</gpxtpx:cad>
     </gpxtpx:TrackPointExtension>
    </extensions>
   </trkpt>
   <trkpt lat="55.7189340" lon="37.5520840">
    <ele>124.2</ele>
    <time>2026-05-29T05:06:11Z</time>
    <extensions>
     <power>485</power>
     <gpxtpx:TrackPointExtension>
      <gpxtpx:hr>169</gpxtpx:hr>
      <gpxtpx:cad>87</gpxtpx:cad>
     </gpxtpx:TrackPointExtension>
    </extensions>
   </trkpt>
   <trkpt lat="55.7189350" lon="37.5521240">
    <ele>124.2</ele>
    <time>2026-05-29T05:06:12Z</time>
    <extensions>
     <power>489</power>
     <gpxtpx:TrackPointExtension>
      <gpxtpx:hr>169</gpxtpx:hr>
      <gpxtpx:cad>87</gpxtpx:cad>
     </gpxtpx:TrackPointExtension>
    </extensions>
   </trkpt>
   <trkpt lat="55.7189380" lon="37.5522110">
    <ele>124.2</ele>
    <time>2026-05-29T05:06:13Z</time>
    <extensions>
     <power>513</power>
     <gpxtpx:TrackPointExtension>
      <gpxtpx:hr>169</gpxtpx:hr>
      <gpxtpx:cad>87</gpxtpx:cad>
     </gpxtpx:TrackPointExtension>
    </extensions>
   </trkpt>
   <trkpt lat="55.7189420" lon="37.5522500">
    <ele>124.2</ele>
    <time>2026-05-29T05:06:14Z</time>
    <extensions>
     <power>495</power>
     <gpxtpx:TrackPointExtension>
      <gpxtpx:hr>170</gpxtpx:hr>
      <gpxtpx:cad>87</gpxtpx:cad>
     </gpxtpx:TrackPointExtension>
    </extensions>
   </trkpt>
   <trkpt lat="55.7189530" lon="37.5523170">
    <ele>124.2</ele>
    <time>2026-05-29T05:06:15Z</time>
    <extensions>
     <power>481</power>
     <gpxtpx:TrackPointExtension>
      <gpxtpx:hr>172</gpxtpx:hr>
      <gpxtpx:cad>87</gpxtpx:cad>
     </gpxtpx:TrackPointExtension>
    </extensions>
   </trkpt>
   <trkpt lat="55.7189640" lon="37.5523610">
    <ele>124.2</ele>
    <time>2026-05-29T05:06:16Z</time>
    <extensions>
     <power>468</power>
     <gpxtpx:TrackPointExtension>
      <gpxtpx:hr>172</gpxtpx:hr>
      <gpxtpx:cad>87</gpxtpx:cad>
     </gpxtpx:TrackPointExtension>
    </extensions>
   </trkpt>
   <trkpt lat="55.7189790" lon="37.5524110">
    <ele>124.2</ele>
    <time>2026-05-29T05:06:17Z</time>
    <extensions>
     <power>460</power>
     <gpxtpx:TrackPointExtension>
      <gpxtpx:hr>172</gpxtpx:hr>
      <gpxtpx:cad>87</gpxtpx:cad>
     </gpxtpx:TrackPointExtension>
    </extensions>
   </trkpt>
   <trkpt lat="55.7189970" lon="37.5524620">
    <ele>124.2</ele>
    <time>2026-05-29T05:06:18Z</time>
    <extensions>
     <power>454</power>
     <gpxtpx:TrackPointExtension>
      <gpxtpx:hr>171</gpxtpx:hr>
      <gpxtpx:cad>87</gpxtpx:cad>
     </gpxtpx:TrackPointExtension>
    </extensions>
   </trkpt>
   <trkpt lat="55.7190150" lon="37.5525000">
    <ele>124.2</ele>
    <time>2026-05-29T05:06:19Z</time>
    <extensions>
     <power>452</power>
     <gpxtpx:TrackPointExtension>
      <gpxtpx:hr>171</gpxtpx:hr>
      <gpxtpx:cad>87</gpxtpx:cad>
     </gpxtpx:TrackPointExtension>
    </extensions>
   </trkpt>
   <trkpt lat="55.7190530" lon="37.5525640">
    <ele>124.2</ele>
    <time>2026-05-29T05:06:20Z</time>
    <extensions>
     <power>452</power>
     <gpxtpx:TrackPointExtension>
      <gpxtpx:hr>168</gpxtpx:hr>
      <gpxtpx:cad>86</gpxtpx:cad>
     </gpxtpx:TrackPointExtension>
    </extensions>
   </trkpt>
   <trkpt lat="55.7190720" lon="37.5525900">
    <ele>124.2</ele>
    <time>2026-05-29T05:06:21Z</time>
    <extensions>
     <power>460</power>
     <gpxtpx:TrackPointExtension>
      <gpxtpx:hr>167</gpxtpx:hr>
      <gpxtpx:cad>86</gpxtpx:cad>
     </gpxtpx:TrackPointExtension>
    </extensions>
   </trkpt>
   <trkpt lat="55.7191120" lon="37.5526310">
    <ele>124.2</ele>
    <time>2026-05-29T05:06:22Z</time>
    <extensions>
     <power>463</power>
     <gpxtpx:TrackPointExtension>
      <gpxtpx:hr>167</gpxtpx:hr>
      <gpxtpx:cad>87</gpxtpx:cad>
     </gpxtpx:TrackPointExtension>
    </extensions>
   </trkpt>
   <trkpt lat="55.7191370" lon="37.5526520">
    <ele>124.2</ele>
    <time>2026-05-29T05:06:23Z</time>
    <extensions>
     <power>466</power>
     <gpxtpx:TrackPointExtension>
      <gpxtpx:hr>165</gpxtpx:hr>
      <gpxtpx:cad>87</gpxtpx:cad>
     </gpxtpx:TrackPointExtension>
    </extensions>
   </trkpt>
   <trkpt lat="55.7191820" lon="37.5526770">
    <ele>124.2</ele>
    <time>2026-05-29T05:06:24Z</time>
    <extensions>
     <power>467</power>
     <gpxtpx:TrackPointExtension>
      <gpxtpx:hr>165</gpxtpx:hr>
      <gpxtpx:cad>87</gpxtpx:cad>
     </gpxtpx:TrackPointExtension>
    </extensions>
   </trkpt>
   <trkpt lat="55.7192110" lon="37.5526860">
    <ele>124.2</ele>
    <time>2026-05-29T05:06:25Z</time>
    <extensions>
     <power>461</power>
     <gpxtpx:TrackPointExtension>
      <gpxtpx:hr>163</gpxtpx:hr>
      <gpxtpx:cad>87</gpxtpx:cad>
     </gpxtpx:TrackPointExtension>
    </extensions>
   </trkpt>
   <trkpt lat="55.7192500" lon="37.5526910">
    <ele>124.2</ele>
    <time>2026-05-29T05:06:26Z</time>
    <extensions>
     <power>459</power>
     <gpxtpx:TrackPointExtension>
      <gpxtpx:hr>165</gpxtpx:hr>
      <gpxtpx:cad>87</gpxtpx:cad>
     </gpxtpx:TrackPointExtension>
    </extensions>
   </trkpt>
   <trkpt lat="55.7192920" lon="37.5526870">
    <ele>124.2</ele>
    <time>2026-05-29T05:06:27Z</time>
    <extensions>
     <power>459</power>
     <gpxtpx:TrackPointExtension>
      <gpxtpx:hr>164</gpxtpx:hr>
      <gpxtpx:cad>87</gpxtpx:cad>
     </gpxtpx:TrackPointExtension>
    </extensions>
   </trkpt>
   <trkpt lat="55.7193100" lon="37.5526830">
    <ele>124.2</ele>
    <time>2026-05-29T05:06:28Z</time>
    <extensions>
     <power>464</power>
     <gpxtpx:TrackPointExtension>
      <gpxtpx:hr>164</gpxtpx:hr>
      <gpxtpx:cad>87</gpxtpx:cad>
     </gpxtpx:TrackPointExtension>
    </extensions>
   </trkpt>
   <trkpt lat="55.7193590" lon="37.5526610">
    <ele>124.2</ele>
    <time>2026-05-29T05:06:29Z</time>
    <extensions>
     <power>464</power>
     <gpxtpx:TrackPointExtension>
      <gpxtpx:hr>164</gpxtpx:hr>
      <gpxtpx:cad>87</gpxtpx:cad>
     </gpxtpx:TrackPointExtension>
    </extensions>
   </trkpt>
   <trkpt lat="55.7193970" lon="37.5526310">
    <ele>124.2</ele>
    <time>2026-05-29T05:06:30Z</time>
    <extensions>
     <power>463</power>
     <gpxtpx:TrackPointExtension>
      <gpxtpx:hr>163</gpxtpx:hr>
      <gpxtpx:cad>86</gpxtpx:cad>
     </gpxtpx:TrackPointExtension>
    </extensions>
   </trkpt>
   <trkpt lat="55.7194210" lon="37.5526090">
    <ele>124.2</ele>
    <time>2026-05-29T05:06:31Z</time>
    <extensions>
     <power>457</power>
     <gpxtpx:TrackPointExtension>
      <gpxtpx:hr>164</gpxtpx:hr>
      <gpxtpx:cad>87</gpxtpx:cad>
     </gpxtpx:TrackPointExtension>
    </extensions>
   </trkpt>
   <trkpt lat="55.7194420" lon="37.5525840">
    <ele>124.2</ele>
    <time>2026-05-29T05:06:32Z</time>
    <extensions>
     <power>456</power>
     <gpxtpx:TrackPointExtension>
      <gpxtpx:hr>165</gpxtpx:hr>
      <gpxtpx:cad>87</gpxtpx:cad>
     </gpxtpx:TrackPointExtension>
    </extensions>
   </trkpt>
   <trkpt lat="55.7194770" lon="37.5525320">
    <ele>124.2</ele>
    <time>2026-05-29T05:06:33Z</time>
    <extensions>
     <power>459</power>
     <gpxtpx:TrackPointExtension>
      <gpxtpx:hr>168</gpxtpx:hr>
      <gpxtpx:cad>87</gpxtpx:cad>
     </gpxtpx:TrackPointExtension>
    </extensions>
   </trkpt>
   <trkpt lat="55.7194970" lon="37.5524990">
    <ele>124.2</ele>
    <time>2026-05-29T05:06:34Z</time>
    <extensions>
     <power>460</power>
     <gpxtpx:TrackPointExtension>
      <gpxtpx:hr>168</gpxtpx:hr>
      <gpxtpx:cad>87</gpxtpx:cad>
     </gpxtpx:TrackPointExtension>
    </extensions>
   </trkpt>
   <trkpt lat="55.7195290" lon="37.5524410">
    <ele>124.2</ele>
    <time>2026-05-29T05:06:35Z</time>
    <extensions>
     <power>461</power>
     <gpxtpx:TrackPointExtension>
      <gpxtpx:hr>168</gpxtpx:hr>
      <gpxtpx:cad>87</gpxtpx:cad>
     </gpxtpx:TrackPointExtension>
    </extensions>
   </trkpt>
   <trkpt lat="55.7195560" lon="37.5523920">
    <ele>124.2</ele>
    <time>2026-05-29T05:06:36Z</time>
    <extensions>
     <power>464</power>
     <gpxtpx:TrackPointExtension>
      <gpxtpx:hr>169</gpxtpx:hr>
      <gpxtpx:cad>87</gpxtpx:cad>
     </gpxtpx:TrackPointExtension>
    </extensions>
   </trkpt>
   <trkpt lat="55.7195800" lon="37.5523490">
    <ele>124.2</ele>
    <time>2026-05-29T05:06:37Z</time>
    <extensions>
     <power>468</power>
     <gpxtpx:TrackPointExtension>
      <gpxtpx:hr>170</gpxtpx:hr>
      <gpxtpx:cad>87</gpxtpx:cad>
     </gpxtpx:TrackPointExtension>
    </extensions>
   </trkpt>
   <trkpt lat="55.7196140" lon="37.5522890">
    <ele>124.2</ele>
    <time>2026-05-29T05:06:38Z</time>
    <extensions>
     <power>471</power>
     <gpxtpx:TrackPointExtension>
      <gpxtpx:hr>170</gpxtpx:hr>
      <gpxtpx:cad>87</gpxtpx:cad>
     </gpxtpx:TrackPointExtension>
    </extensions>
   </trkpt>
   <trkpt lat="55.7196360" lon="37.5522500">
    <ele>124.2</ele>
    <time>2026-05-29T05:06:39Z</time>
    <extensions>
     <power>487</power>
     <gpxtpx:TrackPointExtension>
      <gpxtpx:hr>170</gpxtpx:hr>
      <gpxtpx:cad>86</gpxtpx:cad>
     </gpxtpx:TrackPointExtension>
    </extensions>
   </trkpt>
   <trkpt lat="55.7196670" lon="37.5521940">
    <ele>124.2</ele>
    <time>2026-05-29T05:06:40Z</time>
    <extensions>
     <power>480</power>
     <gpxtpx:TrackPointExtension>
      <gpxtpx:hr>171</gpxtpx:hr>
      <gpxtpx:cad>85</gpxtpx:cad>
     </gpxtpx:TrackPointExtension>
    </extensions>
   </trkpt>
   <trkpt lat="55.7196830" lon="37.5521650">
    <ele>124.2</ele>
    <time>2026-05-29T05:06:41Z</time>
    <extensions>
     <power>481</power>
     <gpxtpx:TrackPointExtension>
      <gpxtpx:hr>170</gpxtpx:hr>
      <gpxtpx:cad>85</gpxtpx:cad>
     </gpxtpx:TrackPointExtension>
    </extensions>
   </trkpt>
   <trkpt lat="55.7197170" lon="37.5521050">
    <ele>124.2</ele>
    <time>2026-05-29T05:06:42Z</time>
    <extensions>
     <power>482</power>
     <gpxtpx:TrackPointExtension>
      <gpxtpx:hr>171</gpxtpx:hr>
      <gpxtpx:cad>85</gpxtpx:cad>
     </gpxtpx:TrackPointExtension>
    </extensions>
   </trkpt>
   <trkpt lat="55.7197390" lon="37.5520660">
    <ele>124.2</ele>
    <time>2026-05-29T05:06:43Z</time>
    <extensions>
     <power>480</power>
     <gpxtpx:TrackPointExtension>
      <gpxtpx:hr>172</gpxtpx:hr>
      <gpxtpx:cad>85</gpxtpx:cad>
     </gpxtpx:TrackPointExtension>
    </extensions>
   </trkpt>
   <trkpt lat="55.7197570" lon="37.5520330">
    <ele>124.2</ele>
    <time>2026-05-29T05:06:44Z</time>
    <extensions>
     <power>484</power>
     <gpxtpx:TrackPointExtension>
      <gpxtpx:hr>172</gpxtpx:hr>
      <gpxtpx:cad>85</gpxtpx:cad>
     </gpxtpx:TrackPointExtension>
    </extensions>
   </trkpt>
   <trkpt lat="55.7197920" lon="37.5519700">
    <ele>124.2</ele>
    <time>2026-05-29T05:06:45Z</time>
    <extensions>
     <power>483</power>
     <gpxtpx:TrackPointExtension>
      <gpxtpx:hr>172</gpxtpx:hr>
      <gpxtpx:cad>85</gpxtpx:cad>
     </gpxtpx:TrackPointExtension>
    </extensions>
   </trkpt>
   <trkpt lat="55.7198070" lon="37.5519430">
    <ele>124.2</ele>
    <time>2026-05-29T05:06:46Z</time>
    <extensions>
     <power>486</power>
     <gpxtpx:TrackPointExtension>
      <gpxtpx:hr>172</gpxtpx:hr>
      <gpxtpx:cad>85</gpxtpx:cad>
     </gpxtpx:TrackPointExtension>
    </extensions>
   </trkpt>
   <trkpt lat="55.7198460" lon="37.5518740">
    <ele>124.2</ele>
    <time>2026-05-29T05:06:47Z</time>
    <extensions>
     <power>487</power>
     <gpxtpx:TrackPointExtension>
      <gpxtpx:hr>172</gpxtpx:hr>
      <gpxtpx:cad>85</gpxtpx:cad>
     </gpxtpx:TrackPointExtension>
    </extensions>
   </trkpt>
   <trkpt lat="55.7198670" lon="37.5518370">
    <ele>124.2</ele>
    <time>2026-05-29T05:06:48Z</time>
    <extensions>
     <power>485</power>
     <gpxtpx:TrackPointExtension>
      <gpxtpx:hr>173</gpxtpx:hr>
      <gpxtpx:cad>85</gpxtpx:cad>
     </gpxtpx:TrackPointExtension>
    </extensions>
   </trkpt>
   <trkpt lat="55.7198910" lon="37.5517940">
    <ele>124.2</ele>
    <time>2026-05-29T05:06:49Z</time>
    <extensions>
     <power>478</power>
     <gpxtpx:TrackPointExtension>
      <gpxtpx:hr>172</gpxtpx:hr>
      <gpxtpx:cad>85</gpxtpx:cad>
     </gpxtpx:TrackPointExtension>
    </extensions>
   </trkpt>
   <trkpt lat="55.7199190" lon="37.5517430">
    <ele>124.2</ele>
    <time>2026-05-29T05:06:50Z</time>
    <extensions>
     <power>477</power>
     <gpxtpx:TrackPointExtension>
      <gpxtpx:hr>173</gpxtpx:hr>
      <gpxtpx:cad>85</gpxtpx:cad>
     </gpxtpx:TrackPointExtension>
    </extensions>
   </trkpt>
   <trkpt lat="55.7199360" lon="37.5517120">
    <ele>124.2</ele>
    <time>2026-05-29T05:06:51Z</time>
    <extensions>
     <power>480</power>
     <gpxtpx:TrackPointExtension>
      <gpxtpx:hr>173</gpxtpx:hr>
      <gpxtpx:cad>86</gpxtpx:cad>
     </gpxtpx:TrackPointExtension>
    </extensions>
   </trkpt>
   <trkpt lat="55.7199750" lon="37.5516430">
    <ele>124.2</ele>
    <time>2026-05-29T05:06:52Z</time>
    <extensions>
     <power>481</power>
     <gpxtpx:TrackPointExtension>
      <gpxtpx:hr>173</gpxtpx:hr>
      <gpxtpx:cad>85</gpxtpx:cad>
     </gpxtpx:TrackPointExtension>
    </extensions>
   </trkpt>
   <trkpt lat="55.7200020" lon="37.5515950">
    <ele>124.2</ele>
    <time>2026-05-29T05:06:53Z</time>
    <extensions>
     <power>478</power>
     <gpxtpx:TrackPointExtension>
      <gpxtpx:hr>173</gpxtpx:hr>
      <gpxtpx:cad>85</gpxtpx:cad>
     </gpxtpx:TrackPointExtension>
    </extensions>
   </trkpt>
   <trkpt lat="55.7200200" lon="37.5515620">
    <ele>124.2</ele>
    <time>2026-05-29T05:06:54Z</time>
    <extensions>
     <power>476</power>
     <gpxtpx:TrackPointExtension>
      <gpxtpx:hr>173</gpxtpx:hr>
      <gpxtpx:cad>85</gpxtpx:cad>
     </gpxtpx:TrackPointExtension>
    </extensions>
   </trkpt>
   <trkpt lat="55.7200330" lon="37.5515380">
    <ele>124.2</ele>
    <time>2026-05-29T05:06:55Z</time>
    <extensions>
     <power>474</power>
     <gpxtpx:TrackPointExtension>
      <gpxtpx:hr>173</gpxtpx:hr>
      <gpxtpx:cad>85</gpxtpx:cad>
     </gpxtpx:TrackPointExtension>
    </extensions>
   </trkpt>
   <trkpt lat="55.7200550" lon="37.5514940">
    <ele>124.2</ele>
    <time>2026-05-29T05:06:56Z</time>
    <extensions>
     <power>470</power>
     <gpxtpx:TrackPointExtension>
      <gpxtpx:hr>173</gpxtpx:hr>
      <gpxtpx:cad>85</gpxtpx:cad>
     </gpxtpx:TrackPointExtension>
    </extensions>
   </trkpt>
   <trkpt lat="55.7200670" lon="37.5514700">
    <ele>124.2</ele>
    <time>2026-05-29T05:06:57Z</time>
    <extensions>
     <power>469</power>
     <gpxtpx:TrackPointExtension>
      <gpxtpx:hr>173</gpxtpx:hr>
      <gpxtpx:cad>85</gpxtpx:cad>
     </gpxtpx:TrackPointExtension>
    </extensions>
   </trkpt>
   <trkpt lat="55.7200790" lon="37.5514380">
    <ele>124.2</ele>
    <time>2026-05-29T05:06:58Z</time>
    <extensions>
     <power>466</power>
     <gpxtpx:TrackPointExtension>
      <gpxtpx:hr>173</gpxtpx:hr>
      <gpxtpx:cad>85</gpxtpx:cad>
     </gpxtpx:TrackPointExtension>
    </extensions>
   </trkpt>
   <trkpt lat="55.7200950" lon="37.5513900">
    <ele>124.2</ele>
    <time>2026-05-29T05:06:59Z</time>
    <extensions>
     <power>464</power>
     <gpxtpx:TrackPointExtension>
      <gpxtpx:hr>173</gpxtpx:hr>
      <gpxtpx:cad>85</gpxtpx:cad>
     </gpxtpx:TrackPointExtension>
    </extensions>
   </trkpt>
   <trkpt lat="55.7201010" lon="37.5513670">
    <ele>124.2</ele>
    <time>2026-05-29T05:07:00Z</time>
    <extensions>
     <power>433</power>
     <gpxtpx:TrackPointExtension>
      <gpxtpx:hr>174</gpxtpx:hr>
      <gpxtpx:cad>85</gpxtpx:cad>
     </gpxtpx:TrackPointExtension>
    </extensions>
   </trkpt>
   <trkpt lat="55.7201110" lon="37.5513240">
    <ele>124.2</ele>
    <time>2026-05-29T05:07:01Z</time>
    <extensions>
     <power>427</power>
     <gpxtpx:TrackPointExtension>
      <gpxtpx:hr>173</gpxtpx:hr>
      <gpxtpx:cad>84</gpxtpx:cad>
     </gpxtpx:TrackPointExtension>
    </extensions>
   </trkpt>
   <trkpt lat="55.7201170" lon="37.5512900">
    <ele>124.2</ele>
    <time>2026-05-29T05:07:02Z</time>
    <extensions>
     <power>416</power>
     <gpxtpx:TrackPointExtension>
      <gpxtpx:hr>171</gpxtpx:hr>
      <gpxtpx:cad>84</gpxtpx:cad>
     </gpxtpx:TrackPointExtension>
    </extensions>
   </trkpt>
   <trkpt lat="55.7201220" lon="37.5512580">
    <ele>124.2</ele>
    <time>2026-05-29T05:07:03Z</time>
    <extensions>
     <power>409</power>
     <gpxtpx:TrackPointExtension>
      <gpxtpx:hr>170</gpxtpx:hr>
      <gpxtpx:cad>84</gpxtpx:cad>
     </gpxtpx:TrackPointExtension>
    </extensions>
   </trkpt>
   <trkpt lat="55.7201280" lon="37.5511890">
    <ele>124.2</ele>
    <time>2026-05-29T05:07:04Z</time>
    <extensions>
     <power>376</power>
     <gpxtpx:TrackPointExtension>
      <gpxtpx:hr>170</gpxtpx:hr>
      <gpxtpx:cad>85</gpxtpx:cad>
     </gpxtpx:TrackPointExtension>
    </extensions>
   </trkpt>
   <trkpt lat="55.7201290" lon="37.5511730">
    <ele>124.2</ele>
    <time>2026-05-29T05:07:05Z</time>
    <extensions>
     <power>375</power>
     <gpxtpx:TrackPointExtension>
      <gpxtpx:hr>169</gpxtpx:hr>
      <gpxtpx:cad>85</gpxtpx:cad>
     </gpxtpx:TrackPointExtension>
    </extensions>
   </trkpt>
   <trkpt lat="55.7201300" lon="37.5511090">
    <ele>124.2</ele>
    <time>2026-05-29T05:07:06Z</time>
    <extensions>
     <power>370</power>
     <gpxtpx:TrackPointExtension>
      <gpxtpx:hr>170</gpxtpx:hr>
      <gpxtpx:cad>85</gpxtpx:cad>
     </gpxtpx:TrackPointExtension>
    </extensions>
   </trkpt>
   <trkpt lat="55.7201300" lon="37.5510850">
    <ele>124.2</ele>
    <time>2026-05-29T05:07:07Z</time>
    <extensions>
     <power>355</power>
     <gpxtpx:TrackPointExtension>
      <gpxtpx:hr>170</gpxtpx:hr>
      <gpxtpx:cad>85</gpxtpx:cad>
     </gpxtpx:TrackPointExtension>
    </extensions>
   </trkpt>
   <trkpt lat="55.7201250" lon="37.5510250">
    <ele>124.2</ele>
    <time>2026-05-29T05:07:08Z</time>
    <extensions>
     <power>344</power>
     <gpxtpx:TrackPointExtension>
      <gpxtpx:hr>170</gpxtpx:hr>
      <gpxtpx:cad>86</gpxtpx:cad>
     </gpxtpx:TrackPointExtension>
    </extensions>
   </trkpt>
   <trkpt lat="55.7201200" lon="37.5509870">
    <ele>124.2</ele>
    <time>2026-05-29T05:07:09Z</time>
    <extensions>
     <power>342</power>
     <gpxtpx:TrackPointExtension>
      <gpxtpx:hr>170</gpxtpx:hr>
      <gpxtpx:cad>86</gpxtpx:cad>
     </gpxtpx:TrackPointExtension>
    </extensions>
   </trkpt>
   <trkpt lat="55.7201130" lon="37.5509470">
    <ele>124.2</ele>
    <time>2026-05-29T05:07:10Z</time>
    <extensions>
     <power>341</power>
     <gpxtpx:TrackPointExtension>
      <gpxtpx:hr>169</gpxtpx:hr>
      <gpxtpx:cad>86</gpxtpx:cad>
     </gpxtpx:TrackPointExtension>
    </extensions>
   </trkpt>
   <trkpt lat="55.7201000" lon="37.5508910">
    <ele>124.2</ele>
    <time>2026-05-29T05:07:11Z</time>
    <extensions>
     <power>343</power>
     <gpxtpx:TrackPointExtension>
      <gpxtpx:hr>168</gpxtpx:hr>
      <gpxtpx:cad>86</gpxtpx:cad>
     </gpxtpx:TrackPointExtension>
    </extensions>
   </trkpt>
   <trkpt lat="55.7200950" lon="37.5508690">
    <ele>124.2</ele>
    <time>2026-05-29T05:07:12Z</time>
    <extensions>
     <power>344</power>
     <gpxtpx:TrackPointExtension>
      <gpxtpx:hr>168</gpxtpx:hr>
      <gpxtpx:cad>86</gpxtpx:cad>
     </gpxtpx:TrackPointExtension>
    </extensions>
   </trkpt>
   <trkpt lat="55.7200770" lon="37.5508150">
    <ele>124.2</ele>
    <time>2026-05-29T05:07:13Z</time>
    <extensions>
     <power>337</power>
     <gpxtpx:TrackPointExtension>
      <gpxtpx:hr>168</gpxtpx:hr>
      <gpxtpx:cad>86</gpxtpx:cad>
     </gpxtpx:TrackPointExtension>
    </extensions>
   </trkpt>
   <trkpt lat="55.7200720" lon="37.5508030">
    <ele>124.2</ele>
    <time>2026-05-29T05:07:14Z</time>
    <extensions>
     <power>334</power>
     <gpxtpx:TrackPointExtension>
      <gpxtpx:hr>169</gpxtpx:hr>
      <gpxtpx:cad>86</gpxtpx:cad>
     </gpxtpx:TrackPointExtension>
    </extensions>
   </trkpt>
   <trkpt lat="55.7200480" lon="37.5507500">
    <ele>124.2</ele>
    <time>2026-05-29T05:07:15Z</time>
    <extensions>
     <power>329</power>
     <gpxtpx:TrackPointExtension>
      <gpxtpx:hr>168</gpxtpx:hr>
      <gpxtpx:cad>85</gpxtpx:cad>
     </gpxtpx:TrackPointExtension>
    </extensions>
   </trkpt>
   <trkpt lat="55.7200390" lon="37.5507310">
    <ele>124.2</ele>
    <time>2026-05-29T05:07:16Z</time>
    <extensions>
     <power>313</power>
     <gpxtpx:TrackPointExtension>
      <gpxtpx:hr>167</gpxtpx:hr>
      <gpxtpx:cad>85</gpxtpx:cad>
     </gpxtpx:TrackPointExtension>
    </extensions>
   </trkpt>
   <trkpt lat="55.7200180" lon="37.5506970">
    <ele>124.2</ele>
    <time>2026-05-29T05:07:17Z</time>
    <extensions>
     <power>324</power>
     <gpxtpx:TrackPointExtension>
      <gpxtpx:hr>167</gpxtpx:hr>
      <gpxtpx:cad>85</gpxtpx:cad>
     </gpxtpx:TrackPointExtension>
    </extensions>
   </trkpt>
   <trkpt lat="55.7199930" lon="37.5506620">
    <ele>124.2</ele>
    <time>2026-05-29T05:07:18Z</time>
    <extensions>
     <power>329</power>
     <gpxtpx:TrackPointExtension>
      <gpxtpx:hr>166</gpxtpx:hr>
      <gpxtpx:cad>85</gpxtpx:cad>
     </gpxtpx:TrackPointExtension>
    </extensions>
   </trkpt>
   <trkpt lat="55.7199730" lon="37.5506390">
    <ele>124.2</ele>
    <time>2026-05-29T05:07:19Z</time>
    <extensions>
     <power>337</power>
     <gpxtpx:TrackPointExtension>
      <gpxtpx:hr>166</gpxtpx:hr>
      <gpxtpx:cad>85</gpxtpx:cad>
     </gpxtpx:TrackPointExtension>
    </extensions>
   </trkpt>
   <trkpt lat="55.7199370" lon="37.5506070">
    <ele>124.2</ele>
    <time>2026-05-29T05:07:20Z</time>
    <extensions>
     <power>357</power>
     <gpxtpx:TrackPointExtension>
      <gpxtpx:hr>166</gpxtpx:hr>
      <gpxtpx:cad>87</gpxtpx:cad>
     </gpxtpx:TrackPointExtension>
    </extensions>
   </trkpt>
   <trkpt lat="55.7199220" lon="37.5505950">
    <ele>124.2</ele>
    <time>2026-05-29T05:07:21Z</time>
    <extensions>
     <power>352</power>
     <gpxtpx:TrackPointExtension>
      <gpxtpx:hr>167</gpxtpx:hr>
      <gpxtpx:cad>87</gpxtpx:cad>
     </gpxtpx:TrackPointExtension>
    </extensions>
   </trkpt>
   <trkpt lat="55.7198780" lon="37.5505720">
    <ele>124.2</ele>
    <time>2026-05-29T05:07:22Z</time>
    <extensions>
     <power>374</power>
     <gpxtpx:TrackPointExtension>
      <gpxtpx:hr>166</gpxtpx:hr>
      <gpxtpx:cad>88</gpxtpx:cad>
     </gpxtpx:TrackPointExtension>
    </extensions>
   </trkpt>
   <trkpt lat="55.7198520" lon="37.5505650">
    <ele>124.2</ele>
    <time>2026-05-29T05:07:23Z</time>
    <extensions>
     <power>349</power>
     <gpxtpx:TrackPointExtension>
      <gpxtpx:hr>166</gpxtpx:hr>
      <gpxtpx:cad>88</gpxtpx:cad>
     </gpxtpx:TrackPointExtension>
    </extensions>
   </trkpt>
   <trkpt lat="55.7198290" lon="37.5505600">
    <ele>124.2</ele>
    <time>2026-05-29T05:07:24Z</time>
    <extensions>
     <power>350</power>
     <gpxtpx:TrackPointExtension>
      <gpxtpx:hr>167</gpxtpx:hr>
      <gpxtpx:cad>88</gpxtpx:cad>
     </gpxtpx:TrackPointExtension>
    </extensions>
   </trkpt>
   <trkpt lat="55.7198180" lon="37.5505600">
    <ele>124.2</ele>
    <time>2026-05-29T05:07:25Z</time>
    <extensions>
     <power>332</power>
     <gpxtpx:TrackPointExtension>
      <gpxtpx:hr>165</gpxtpx:hr>
      <gpxtpx:cad>88</gpxtpx:cad>
     </gpxtpx:TrackPointExtension>
    </extensions>
   </trkpt>
   <trkpt lat="55.7197720" lon="37.5505640">
    <ele>124.2</ele>
    <time>2026-05-29T05:07:26Z</time>
    <extensions>
     <power>344</power>
     <gpxtpx:TrackPointExtension>
      <gpxtpx:hr>165</gpxtpx:hr>
      <gpxtpx:cad>88</gpxtpx:cad>
     </gpxtpx:TrackPointExtension>
    </extensions>
   </trkpt>
   <trkpt lat="55.7197540" lon="37.5505690">
    <ele>124.2</ele>
    <time>2026-05-29T05:07:27Z</time>
    <extensions>
     <power>345</power>
     <gpxtpx:TrackPointExtension>
      <gpxtpx:hr>167</gpxtpx:hr>
      <gpxtpx:cad>88</gpxtpx:cad>
     </gpxtpx:TrackPointExtension>
    </extensions>
   </trkpt>
   <trkpt lat="55.7197250" lon="37.5505800">
    <ele>124.2</ele>
    <time>2026-05-29T05:07:28Z</time>
    <extensions>
     <power>351</power>
     <gpxtpx:TrackPointExtension>
      <gpxtpx:hr>166</gpxtpx:hr>
      <gpxtpx:cad>88</gpxtpx:cad>
     </gpxtpx:TrackPointExtension>
    </extensions>
   </trkpt>
   <trkpt lat="55.7197030" lon="37.5505920">
    <ele>124.2</ele>
    <time>2026-05-29T05:07:29Z</time>
    <extensions>
     <power>357</power>
     <gpxtpx:TrackPointExtension>
      <gpxtpx:hr>165</gpxtpx:hr>
      <gpxtpx:cad>87</gpxtpx:cad>
     </gpxtpx:TrackPointExtension>
    </extensions>
   </trkpt>
   <trkpt lat="55.7196730" lon="37.5506150">
    <ele>124.2</ele>
    <time>2026-05-29T05:07:30Z</time>
    <extensions>
     <power>346</power>
     <gpxtpx:TrackPointExtension>
      <gpxtpx:hr>165</gpxtpx:hr>
      <gpxtpx:cad>88</gpxtpx:cad>
     </gpxtpx:TrackPointExtension>
    </extensions>
   </trkpt>
   <trkpt lat="55.7196520" lon="37.5506320">
    <ele>124.2</ele>
    <time>2026-05-29T05:07:31Z</time>
    <extensions>
     <power>343</power>
     <gpxtpx:TrackPointExtension>
      <gpxtpx:hr>163</gpxtpx:hr>
      <gpxtpx:cad>88</gpxtpx:cad>
     </gpxtpx:TrackPointExtension>
    </extensions>
   </trkpt>
   <trkpt lat="55.7196370" lon="37.5506500">
    <ele>124.2</ele>
    <time>2026-05-29T05:07:32Z</time>
    <extensions>
     <power>338</power>
     <gpxtpx:TrackPointExtension>
      <gpxtpx:hr>164</gpxtpx:hr>
      <gpxtpx:cad>87</gpxtpx:cad>
     </gpxtpx:TrackPointExtension>
    </extensions>
   </trkpt>
   <trkpt lat="55.7196120" lon="37.5506810">
    <ele>124.2</ele>
    <time>2026-05-29T05:07:33Z</time>
    <extensions>
     <power>339</power>
     <gpxtpx:TrackPointExtension>
      <gpxtpx:hr>164</gpxtpx:hr>
      <gpxtpx:cad>87</gpxtpx:cad>
     </gpxtpx:TrackPointExtension>
    </extensions>
   </trkpt>
   <trkpt lat="55.7196000" lon="37.5507000">
    <ele>124.2</ele>
    <time>2026-05-29T05:07:34Z</time>
    <extensions>
     <power>335</power>
     <gpxtpx:TrackPointExtension>
      <gpxtpx:hr>164</gpxtpx:hr>
      <gpxtpx:cad>87</gpxtpx:cad>
     </gpxtpx:TrackPointExtension>
    </extensions>
   </trkpt>
   <trkpt lat="55.7195720" lon="37.5507440">
    <ele>124.2</ele>
    <time>2026-05-29T05:07:35Z</time>
    <extensions>
     <power>331</power>
     <gpxtpx:TrackPointExtension>
      <gpxtpx:hr>164</gpxtpx:hr>
      <gpxtpx:cad>87</gpxtpx:cad>
     </gpxtpx:TrackPointExtension>
    </extensions>
   </trkpt>
   <trkpt lat="55.7195620" lon="37.5507620">
    <ele>124.2</ele>
    <time>2026-05-29T05:07:36Z</time>
    <extensions>
     <power>329</power>
     <gpxtpx:TrackPointExtension>
      <gpxtpx:hr>162</gpxtpx:hr>
      <gpxtpx:cad>87</gpxtpx:cad>
     </gpxtpx:TrackPointExtension>
    </extensions>
   </trkpt>
   <trkpt lat="55.7195340" lon="37.5508130">
    <ele>124.2</ele>
    <time>2026-05-29T05:07:37Z</time>
    <extensions>
     <power>330</power>
     <gpxtpx:TrackPointExtension>
      <gpxtpx:hr>162</gpxtpx:hr>
      <gpxtpx:cad>87</gpxtpx:cad>
     </gpxtpx:TrackPointExtension>
    </extensions>
   </trkpt>
   <trkpt lat="55.7195200" lon="37.5508370">
    <ele>124.2</ele>
    <time>2026-05-29T05:07:38Z</time>
    <extensions>
     <power>329</power>
     <gpxtpx:TrackPointExtension>
      <gpxtpx:hr>163</gpxtpx:hr>
      <gpxtpx:cad>87</gpxtpx:cad>
     </gpxtpx:TrackPointExtension>
    </extensions>
   </trkpt>
   <trkpt lat="55.7194990" lon="37.5508750">
    <ele>124.2</ele>
    <time>2026-05-29T05:07:39Z</time>
    <extensions>
     <power>329</power>
     <gpxtpx:TrackPointExtension>
      <gpxtpx:hr>164</gpxtpx:hr>
      <gpxtpx:cad>87</gpxtpx:cad>
     </gpxtpx:TrackPointExtension>
    </extensions>
   </trkpt>
   <trkpt lat="55.7194770" lon="37.5509150">
    <ele>124.2</ele>
    <time>2026-05-29T05:07:40Z</time>
    <extensions>
     <power>328</power>
     <gpxtpx:TrackPointExtension>
      <gpxtpx:hr>163</gpxtpx:hr>
      <gpxtpx:cad>87</gpxtpx:cad>
     </gpxtpx:TrackPointExtension>
    </extensions>
   </trkpt>
   <trkpt lat="55.7194610" lon="37.5509440">
    <ele>124.2</ele>
    <time>2026-05-29T05:07:41Z</time>
    <extensions>
     <power>334</power>
     <gpxtpx:TrackPointExtension>
      <gpxtpx:hr>164</gpxtpx:hr>
      <gpxtpx:cad>86</gpxtpx:cad>
     </gpxtpx:TrackPointExtension>
    </extensions>
   </trkpt>
   <trkpt lat="55.7194350" lon="37.5509900">
    <ele>124.2</ele>
    <time>2026-05-29T05:07:42Z</time>
    <extensions>
     <power>338</power>
     <gpxtpx:TrackPointExtension>
      <gpxtpx:hr>163</gpxtpx:hr>
      <gpxtpx:cad>85</gpxtpx:cad>
     </gpxtpx:TrackPointExtension>
    </extensions>
   </trkpt>
   <trkpt lat="55.7194240" lon="37.5510110">
    <ele>124.2</ele>
    <time>2026-05-29T05:07:43Z</time>
    <extensions>
     <power>344</power>
     <gpxtpx:TrackPointExtension>
      <gpxtpx:hr>163</gpxtpx:hr>
      <gpxtpx:cad>85</gpxtpx:cad>
     </gpxtpx:TrackPointExtension>
    </extensions>
   </trkpt>
   <trkpt lat="55.7194000" lon="37.5510520">
    <ele>124.2</ele>
    <time>2026-05-29T05:07:44Z</time>
    <extensions>
     <power>343</power>
     <gpxtpx:TrackPointExtension>
      <gpxtpx:hr>163</gpxtpx:hr>
      <gpxtpx:cad>85</gpxtpx:cad>
     </gpxtpx:TrackPointExtension>
    </extensions>
   </trkpt>
   <trkpt lat="55.7193840" lon="37.5510820">
    <ele>124.2</ele>
    <time>2026-05-29T05:07:45Z</time>
    <extensions>
     <power>343</power>
     <gpxtpx:TrackPointExtension>
      <gpxtpx:hr>162</gpxtpx:hr>
      <gpxtpx:cad>85</gpxtpx:cad>
     </gpxtpx:TrackPointExtension>
    </extensions>
   </trkpt>
   <trkpt lat="55.7193610" lon="37.5511230">
    <ele>124.2</ele>
    <time>2026-05-29T05:07:46Z</time>
    <extensions>
     <power>343</power>
     <gpxtpx:TrackPointExtension>
      <gpxtpx:hr>164</gpxtpx:hr>
      <gpxtpx:cad>85</gpxtpx:cad>
     </gpxtpx:TrackPointExtension>
    </extensions>
   </trkpt>
   <trkpt lat="55.7193430" lon="37.5511540">
    <ele>124.2</ele>
    <time>2026-05-29T05:07:47Z</time>
    <extensions>
     <power>343</power>
     <gpxtpx:TrackPointExtension>
      <gpxtpx:hr>163</gpxtpx:hr>
      <gpxtpx:cad>85</gpxtpx:cad>
     </gpxtpx:TrackPointExtension>
    </extensions>
   </trkpt>
   <trkpt lat="55.7193270" lon="37.5511830">
    <ele>124.2</ele>
    <time>2026-05-29T05:07:48Z</time>
    <extensions>
     <power>343</power>
     <gpxtpx:TrackPointExtension>
      <gpxtpx:hr>163</gpxtpx:hr>
      <gpxtpx:cad>85</gpxtpx:cad>
     </gpxtpx:TrackPointExtension>
    </extensions>
   </trkpt>
   <trkpt lat="55.7193030" lon="37.5512260">
    <ele>124.2</ele>
    <time>2026-05-29T05:07:49Z</time>
    <extensions>
     <power>342</power>
     <gpxtpx:TrackPointExtension>
      <gpxtpx:hr>162</gpxtpx:hr>
      <gpxtpx:cad>85</gpxtpx:cad>
     </gpxtpx:TrackPointExtension>
    </extensions>
   </trkpt>
   <trkpt lat="55.7192900" lon="37.5512490">
    <ele>124.2</ele>
    <time>2026-05-29T05:07:50Z</time>
    <extensions>
     <power>342</power>
     <gpxtpx:TrackPointExtension>
      <gpxtpx:hr>161</gpxtpx:hr>
      <gpxtpx:cad>85</gpxtpx:cad>
     </gpxtpx:TrackPointExtension>
    </extensions>
   </trkpt>
   <trkpt lat="55.7192710" lon="37.5512840">
    <ele>124.2</ele>
    <time>2026-05-29T05:07:51Z</time>
    <extensions>
     <power>341</power>
     <gpxtpx:TrackPointExtension>
      <gpxtpx:hr>161</gpxtpx:hr>
      <gpxtpx:cad>85</gpxtpx:cad>
     </gpxtpx:TrackPointExtension>
    </extensions>
   </trkpt>
   <trkpt lat="55.7192500" lon="37.5513220">
    <ele>124.2</ele>
    <time>2026-05-29T05:07:52Z</time>
    <extensions>
     <power>332</power>
     <gpxtpx:TrackPointExtension>
      <gpxtpx:hr>161</gpxtpx:hr>
      <gpxtpx:cad>85</gpxtpx:cad>
     </gpxtpx:TrackPointExtension>
    </extensions>
   </trkpt>
   <trkpt lat="55.7192260" lon="37.5513640">
    <ele>124.2</ele>
    <time>2026-05-29T05:07:53Z</time>
    <extensions>
     <power>332</power>
     <gpxtpx:TrackPointExtension>
      <gpxtpx:hr>162</gpxtpx:hr>
      <gpxtpx:cad>85</gpxtpx:cad>
     </gpxtpx:TrackPointExtension>
    </extensions>
   </trkpt>
   <trkpt lat="55.7192020" lon="37.5514060">
    <ele>124.2</ele>
    <time>2026-05-29T05:07:54Z</time>
    <extensions>
     <power>330</power>
     <gpxtpx:TrackPointExtension>
      <gpxtpx:hr>161</gpxtpx:hr>
      <gpxtpx:cad>85</gpxtpx:cad>
     </gpxtpx:TrackPointExtension>
    </extensions>
   </trkpt>
   <trkpt lat="55.7191850" lon="37.5514370">
    <ele>124.2</ele>
    <time>2026-05-29T05:07:55Z</time>
    <extensions>
     <power>329</power>
     <gpxtpx:TrackPointExtension>
      <gpxtpx:hr>161</gpxtpx:hr>
      <gpxtpx:cad>85</gpxtpx:cad>
     </gpxtpx:TrackPointExtension>
    </extensions>
   </trkpt>
   <trkpt lat="55.7191620" lon="37.5514790">
    <ele>124.2</ele>
    <time>2026-05-29T05:07:56Z</time>
    <extensions>
     <power>325</power>
     <gpxtpx:TrackPointExtension>
      <gpxtpx:hr>160</gpxtpx:hr>
      <gpxtpx:cad>86</gpxtpx:cad>
     </gpxtpx:TrackPointExtension>
    </extensions>
   </trkpt>
   <trkpt lat="55.7191470" lon="37.5515060">
    <ele>124.2</ele>
    <time>2026-05-29T05:07:57Z</time>
    <extensions>
     <power>325</power>
     <gpxtpx:TrackPointExtension>
      <gpxtpx:hr>160</gpxtpx:hr>
      <gpxtpx:cad>87</gpxtpx:cad>
     </gpxtpx:TrackPointExtension>
    </extensions>
   </trkpt>
   <trkpt lat="55.7191170" lon="37.5515590">
    <ele>124.2</ele>
    <time>2026-05-29T05:07:58Z</time>
    <extensions>
     <power>324</power>
     <gpxtpx:TrackPointExtension>
      <gpxtpx:hr>160</gpxtpx:hr>
      <gpxtpx:cad>87</gpxtpx:cad>
     </gpxtpx:TrackPointExtension>
    </extensions>
   </trkpt>
   <trkpt lat="55.7191020" lon="37.5515860">
    <ele>124.2</ele>
    <time>2026-05-29T05:07:59Z</time>
    <extensions>
     <power>325</power>
     <gpxtpx:TrackPointExtension>
      <gpxtpx:hr>160</gpxtpx:hr>
      <gpxtpx:cad>87</gpxtpx:cad>
     </gpxtpx:TrackPointExtension>
    </extensions>
   </trkpt>
   <trkpt lat="55.7190810" lon="37.5516230">
    <ele>124.2</ele>
    <time>2026-05-29T05:08:00Z</time>
    <extensions>
     <power>324</power>
     <gpxtpx:TrackPointExtension>
      <gpxtpx:hr>159</gpxtpx:hr>
      <gpxtpx:cad>87</gpxtpx:cad>
     </gpxtpx:TrackPointExtension>
    </extensions>
   </trkpt>
   <trkpt lat="55.7190650" lon="37.5516530">
    <ele>124.2</ele>
    <time>2026-05-29T05:08:01Z</time>
    <extensions>
     <power>327</power>
     <gpxtpx:TrackPointExtension>
      <gpxtpx:hr>159</gpxtpx:hr>
      <gpxtpx:cad>87</gpxtpx:cad>
     </gpxtpx:TrackPointExtension>
    </extensions>
   </trkpt>
   <trkpt lat="55.7190430" lon="37.5516910">
    <ele>124.2</ele>
    <time>2026-05-29T05:08:02Z</time>
    <extensions>
     <power>328</power>
     <gpxtpx:TrackPointExtension>
      <gpxtpx:hr>159</gpxtpx:hr>
      <gpxtpx:cad>87</gpxtpx:cad>
     </gpxtpx:TrackPointExtension>
    </extensions>
   </trkpt>
   <trkpt lat="55.7190260" lon="37.5517220">
    <ele>124.2</ele>
    <time>2026-05-29T05:08:03Z</time>
    <extensions>
     <power>325</power>
     <gpxtpx:TrackPointExtension>
      <gpxtpx:hr>159</gpxtpx:hr>
      <gpxtpx:cad>86</gpxtpx:cad>
     </gpxtpx:TrackPointExtension>
    </extensions>
   </trkpt>
   <trkpt lat="55.7190120" lon="37.5517510">
    <ele>124.2</ele>
    <time>2026-05-29T05:08:04Z</time>
    <extensions>
     <power>327</power>
     <gpxtpx:TrackPointExtension>
      <gpxtpx:hr>158</gpxtpx:hr>
      <gpxtpx:cad>86</gpxtpx:cad>
     </gpxtpx:TrackPointExtension>
    </extensions>
   </trkpt>
   <trkpt lat="55.7189900" lon="37.5518010">
    <ele>124.2</ele>
    <time>2026-05-29T05:08:05Z</time>
    <extensions>
     <power>324</power>
     <gpxtpx:TrackPointExtension>
      <gpxtpx:hr>158</gpxtpx:hr>
      <gpxtpx:cad>86</gpxtpx:cad>
     </gpxtpx:TrackPointExtension>
    </extensions>
   </trkpt>
   <trkpt lat="55.7189830" lon="37.5518220">
    <ele>124.2</ele>
    <time>2026-05-29T05:08:06Z</time>
    <extensions>
     <power>322</power>
     <gpxtpx:TrackPointExtension>
      <gpxtpx:hr>158</gpxtpx:hr>
      <gpxtpx:cad>86</gpxtpx:cad>
     </gpxtpx:TrackPointExtension>
    </extensions>
   </trkpt>
   <trkpt lat="55.7189680" lon="37.5518700">
    <ele>124.2</ele>
    <time>2026-05-29T05:08:07Z</time>
    <extensions>
     <power>321</power>
     <gpxtpx:TrackPointExtension>
      <gpxtpx:hr>158</gpxtpx:hr>
      <gpxtpx:cad>86</gpxtpx:cad>
     </gpxtpx:TrackPointExtension>
    </extensions>
   </trkpt>
   <trkpt lat="55.7189600" lon="37.5518990">
    <ele>124.2</ele>
    <time>2026-05-29T05:08:08Z</time>
    <extensions>
     <power>320</power>
     <gpxtpx:TrackPointExtension>
      <gpxtpx:hr>157</gpxtpx:hr>
      <gpxtpx:cad>86</gpxtpx:cad>
     </gpxtpx:TrackPointExtension>
    </extensions>
   </trkpt>
   <trkpt lat="55.7189490" lon="37.5519540">
    <ele>124.2</ele>
    <time>2026-05-29T05:08:09Z</time>
    <extensions>
     <power>324</power>
     <gpxtpx:TrackPointExtension>
      <gpxtpx:hr>158</gpxtpx:hr>
      <gpxtpx:cad>86</gpxtpx:cad>
     </gpxtpx:TrackPointExtension>
    </extensions>
   </trkpt>
   <trkpt lat="55.7189420" lon="37.5519930">
    <ele>124.2</ele>
    <time>2026-05-29T05:08:10Z</time>
    <extensions>
     <power>323</power>
     <gpxtpx:TrackPointExtension>
      <gpxtpx:hr>157</gpxtpx:hr>
      <gpxtpx:cad>86</gpxtpx:cad>
     </gpxtpx:TrackPointExtension>
    </extensions>
   </trkpt>
   <trkpt lat="55.7189370" lon="37.5520490">
    <ele>124.2</ele>
    <time>2026-05-29T05:08:11Z</time>
    <extensions>
     <power>323</power>
     <gpxtpx:TrackPointExtension>
      <gpxtpx:hr>157</gpxtpx:hr>
      <gpxtpx:cad>86</gpxtpx:cad>
     </gpxtpx:TrackPointExtension>
    </extensions>
   </trkpt>
   <trkpt lat="55.7189340" lon="37.5520940">
    <ele>124.2</ele>
    <time>2026-05-29T05:08:12Z</time>
    <extensions>
     <power>324</power>
     <gpxtpx:TrackPointExtension>
      <gpxtpx:hr>156</gpxtpx:hr>
      <gpxtpx:cad>86</gpxtpx:cad>
     </gpxtpx:TrackPointExtension>
    </extensions>
   </trkpt>
   <trkpt lat="55.7189350" lon="37.5521260">
    <ele>124.2</ele>
    <time>2026-05-29T05:08:13Z</time>
    <extensions>
     <power>324</power>
     <gpxtpx:TrackPointExtension>
      <gpxtpx:hr>156</gpxtpx:hr>
      <gpxtpx:cad>86</gpxtpx:cad>
     </gpxtpx:TrackPointExtension>
    </extensions>
   </trkpt>
   <trkpt lat="55.7189370" lon="37.5521940">
    <ele>124.2</ele>
    <time>2026-05-29T05:08:14Z</time>
    <extensions>
     <power>328</power>
     <gpxtpx:TrackPointExtension>
      <gpxtpx:hr>156</gpxtpx:hr>
      <gpxtpx:cad>86</gpxtpx:cad>
     </gpxtpx:TrackPointExtension>
    </extensions>
   </trkpt>
   <trkpt lat="55.7189390" lon="37.5522200">
    <ele>124.2</ele>
    <time>2026-05-29T05:08:15Z</time>
    <extensions>
     <power>327</power>
     <gpxtpx:TrackPointExtension>
      <gpxtpx:hr>156</gpxtpx:hr>
      <gpxtpx:cad>86</gpxtpx:cad>
     </gpxtpx:TrackPointExtension>
    </extensions>
   </trkpt>
   <trkpt lat="55.7189460" lon="37.5522720">
    <ele>124.2</ele>
    <time>2026-05-29T05:08:16Z</time>
    <extensions>
     <power>327</power>
     <gpxtpx:TrackPointExtension>
      <gpxtpx:hr>156</gpxtpx:hr>
      <gpxtpx:cad>86</gpxtpx:cad>
     </gpxtpx:TrackPointExtension>
    </extensions>
   </trkpt>
   <trkpt lat="55.7189530" lon="37.5523150">
    <ele>124.2</ele>
    <time>2026-05-29T05:08:17Z</time>
    <extensions>
     <power>330</power>
     <gpxtpx:TrackPointExtension>
      <gpxtpx:hr>156</gpxtpx:hr>
      <gpxtpx:cad>85</gpxtpx:cad>
     </gpxtpx:TrackPointExtension>
    </extensions>
   </trkpt>
   <trkpt lat="55.7189630" lon="37.5523550">
    <ele>124.2</ele>
    <time>2026-05-29T05:08:18Z</time>
    <extensions>
     <power>330</power>
     <gpxtpx:TrackPointExtension>
      <gpxtpx:hr>156</gpxtpx:hr>
      <gpxtpx:cad>85</gpxtpx:cad>
     </gpxtpx:TrackPointExtension>
    </extensions>
   </trkpt>
   <trkpt lat="55.7189700" lon="37.5523840">
    <ele>124.2</ele>
    <time>2026-05-29T05:08:19Z</time>
    <extensions>
     <power>332</power>
     <gpxtpx:TrackPointExtension>
      <gpxtpx:hr>155</gpxtpx:hr>
      <gpxtpx:cad>85</gpxtpx:cad>
     </gpxtpx:TrackPointExtension>
    </extensions>
   </trkpt>
   <trkpt lat="55.7189790" lon="37.5524110">
    <ele>124.2</ele>
    <time>2026-05-29T05:08:20Z</time>
    <extensions>
     <power>329</power>
     <gpxtpx:TrackPointExtension>
      <gpxtpx:hr>154</gpxtpx:hr>
      <gpxtpx:cad>85</gpxtpx:cad>
     </gpxtpx:TrackPointExtension>
    </extensions>
   </trkpt>
   <trkpt lat="55.7189970" lon="37.5524610">
    <ele>124.2</ele>
    <time>2026-05-29T05:08:21Z</time>
    <extensions>
     <power>330</power>
     <gpxtpx:TrackPointExtension>
      <gpxtpx:hr>154</gpxtpx:hr>
      <gpxtpx:cad>85</gpxtpx:cad>
     </gpxtpx:TrackPointExtension>
    </extensions>
   </trkpt>
   <trkpt lat="55.7190080" lon="37.5524850">
    <ele>124.2</ele>
    <time>2026-05-29T05:08:22Z</time>
    <extensions>
     <power>330</power>
     <gpxtpx:TrackPointExtension>
      <gpxtpx:hr>154</gpxtpx:hr>
      <gpxtpx:cad>85</gpxtpx:cad>
     </gpxtpx:TrackPointExtension>
    </extensions>
   </trkpt>
   <trkpt lat="55.7190320" lon="37.5525320">
    <ele>124.2</ele>
    <time>2026-05-29T05:08:23Z</time>
    <extensions>
     <power>330</power>
     <gpxtpx:TrackPointExtension>
      <gpxtpx:hr>154</gpxtpx:hr>
      <gpxtpx:cad>85</gpxtpx:cad>
     </gpxtpx:TrackPointExtension>
    </extensions>
   </trkpt>
   <trkpt lat="55.7190490" lon="37.5525580">
    <ele>124.2</ele>
    <time>2026-05-29T05:08:24Z</time>
    <extensions>
     <power>327</power>
     <gpxtpx:TrackPointExtension>
      <gpxtpx:hr>154</gpxtpx:hr>
      <gpxtpx:cad>86</gpxtpx:cad>
     </gpxtpx:TrackPointExtension>
    </extensions>
   </trkpt>
   <trkpt lat="55.7190670" lon="37.5525840">
    <ele>124.2</ele>
    <time>2026-05-29T05:08:25Z</time>
    <extensions>
     <power>327</power>
     <gpxtpx:TrackPointExtension>
      <gpxtpx:hr>154</gpxtpx:hr>
      <gpxtpx:cad>86</gpxtpx:cad>
     </gpxtpx:TrackPointExtension>
    </extensions>
   </trkpt>
   <trkpt lat="55.7190920" lon="37.5526120">
    <ele>124.2</ele>
    <time>2026-05-29T05:08:26Z</time>
    <extensions>
     <power>326</power>
     <gpxtpx:TrackPointExtension>
      <gpxtpx:hr>153</gpxtpx:hr>
      <gpxtpx:cad>86</gpxtpx:cad>
     </gpxtpx:TrackPointExtension>
    </extensions>
   </trkpt>
   <trkpt lat="55.7191090" lon="37.5526290">
    <ele>124.2</ele>
    <time>2026-05-29T05:08:27Z</time>
    <extensions>
     <power>326</power>
     <gpxtpx:TrackPointExtension>
      <gpxtpx:hr>152</gpxtpx:hr>
      <gpxtpx:cad>86</gpxtpx:cad>
     </gpxtpx:TrackPointExtension>
    </extensions>
   </trkpt>
   <trkpt lat="55.7191350" lon="37.5526500">
    <ele>124.2</ele>
    <time>2026-05-29T05:08:28Z</time>
    <extensions>
     <power>326</power>
     <gpxtpx:TrackPointExtension>
      <gpxtpx:hr>152</gpxtpx:hr>
      <gpxtpx:cad>86</gpxtpx:cad>
     </gpxtpx:TrackPointExtension>
    </extensions>
   </trkpt>
   <trkpt lat="55.7191560" lon="37.5526630">
    <ele>124.2</ele>
    <time>2026-05-29T05:08:29Z</time>
    <extensions>
     <power>326</power>
     <gpxtpx:TrackPointExtension>
      <gpxtpx:hr>152</gpxtpx:hr>
      <gpxtpx:cad>86</gpxtpx:cad>
     </gpxtpx:TrackPointExtension>
    </extensions>
   </trkpt>
   <trkpt lat="55.7191800" lon="37.5526760">
    <ele>124.2</ele>
    <time>2026-05-29T05:08:30Z</time>
    <extensions>
     <power>325</power>
     <gpxtpx:TrackPointExtension>
      <gpxtpx:hr>151</gpxtpx:hr>
      <gpxtpx:cad>86</gpxtpx:cad>
     </gpxtpx:TrackPointExtension>
    </extensions>
   </trkpt>
   <trkpt lat="55.7192060" lon="37.5526840">
    <ele>124.2</ele>
    <time>2026-05-29T05:08:31Z</time>
    <extensions>
     <power>323</power>
     <gpxtpx:TrackPointExtension>
      <gpxtpx:hr>152</gpxtpx:hr>
      <gpxtpx:cad>86</gpxtpx:cad>
     </gpxtpx:TrackPointExtension>
    </extensions>
   </trkpt>
   <trkpt lat="55.7192320" lon="37.5526910">
    <ele>124.2</ele>
    <time>2026-05-29T05:08:32Z</time>
    <extensions>
     <power>323</power>
     <gpxtpx:TrackPointExtension>
      <gpxtpx:hr>152</gpxtpx:hr>
      <gpxtpx:cad>86</gpxtpx:cad>
     </gpxtpx:TrackPointExtension>
    </extensions>
   </trkpt>
   <trkpt lat="55.7192590" lon="37.5526910">
    <ele>124.2</ele>
    <time>2026-05-29T05:08:33Z</time>
    <extensions>
     <power>324</power>
     <gpxtpx:TrackPointExtension>
      <gpxtpx:hr>151</gpxtpx:hr>
      <gpxtpx:cad>86</gpxtpx:cad>
     </gpxtpx:TrackPointExtension>
    </extensions>
   </trkpt>
   <trkpt lat="55.7192750" lon="37.5526910">
    <ele>124.2</ele>
    <time>2026-05-29T05:08:34Z</time>
    <extensions>
     <power>324</power>
     <gpxtpx:TrackPointExtension>
      <gpxtpx:hr>152</gpxtpx:hr>
      <gpxtpx:cad>86</gpxtpx:cad>
     </gpxtpx:TrackPointExtension>
    </extensions>
   </trkpt>
   <trkpt lat="55.7193140" lon="37.5526820">
    <ele>124.2</ele>
    <time>2026-05-29T05:08:35Z</time>
    <extensions>
     <power>323</power>
     <gpxtpx:TrackPointExtension>
      <gpxtpx:hr>153</gpxtpx:hr>
      <gpxtpx:cad>86</gpxtpx:cad>
     </gpxtpx:TrackPointExtension>
    </extensions>
   </trkpt>
   <trkpt lat="55.7193320" lon="37.5526750">
    <ele>124.2</ele>
    <time>2026-05-29T05:08:36Z</time>
    <extensions>
     <power>323</power>
     <gpxtpx:TrackPointExtension>
      <gpxtpx:hr>151</gpxtpx:hr>
      <gpxtpx:cad>86</gpxtpx:cad>
     </gpxtpx:TrackPointExtension>
    </extensions>
   </trkpt>
   <trkpt lat="55.7193740" lon="37.5526510">
    <ele>124.2</ele>
    <time>2026-05-29T05:08:37Z</time>
    <extensions>
     <power>323</power>
     <gpxtpx:TrackPointExtension>
      <gpxtpx:hr>151</gpxtpx:hr>
      <gpxtpx:cad>86</gpxtpx:cad>
     </gpxtpx:TrackPointExtension>
    </extensions>
   </trkpt>
   <trkpt lat="55.7193890" lon="37.5526380">
    <ele>124.2</ele>
    <time>2026-05-29T05:08:38Z</time>
    <extensions>
     <power>324</power>
     <gpxtpx:TrackPointExtension>
      <gpxtpx:hr>150</gpxtpx:hr>
      <gpxtpx:cad>86</gpxtpx:cad>
     </gpxtpx:TrackPointExtension>
    </extensions>
   </trkpt>
   <trkpt lat="55.7194260" lon="37.5526030">
    <ele>124.2</ele>
    <time>2026-05-29T05:08:39Z</time>
    <extensions>
     <power>324</power>
     <gpxtpx:TrackPointExtension>
      <gpxtpx:hr>151</gpxtpx:hr>
      <gpxtpx:cad>86</gpxtpx:cad>
     </gpxtpx:TrackPointExtension>
    </extensions>
   </trkpt>
   <trkpt lat="55.7194430" lon="37.5525840">
    <ele>124.2</ele>
    <time>2026-05-29T05:08:40Z</time>
    <extensions>
     <power>327</power>
     <gpxtpx:TrackPointExtension>
      <gpxtpx:hr>152</gpxtpx:hr>
      <gpxtpx:cad>86</gpxtpx:cad>
     </gpxtpx:TrackPointExtension>
    </extensions>
   </trkpt>
   <trkpt lat="55.7194640" lon="37.5525540">
    <ele>124.2</ele>
    <time>2026-05-29T05:08:41Z</time>
    <extensions>
     <power>330</power>
     <gpxtpx:TrackPointExtension>
      <gpxtpx:hr>151</gpxtpx:hr>
      <gpxtpx:cad>87</gpxtpx:cad>
     </gpxtpx:TrackPointExtension>
    </extensions>
   </trkpt>
   <trkpt lat="55.7194860" lon="37.5525170">
    <ele>124.2</ele>
    <time>2026-05-29T05:08:42Z</time>
    <extensions>
     <power>336</power>
     <gpxtpx:TrackPointExtension>
      <gpxtpx:hr>151</gpxtpx:hr>
      <gpxtpx:cad>86</gpxtpx:cad>
     </gpxtpx:TrackPointExtension>
    </extensions>
   </trkpt>
   <trkpt lat="55.7195000" lon="37.5524930">
    <ele>124.2</ele>
    <time>2026-05-29T05:08:43Z</time>
    <extensions>
     <power>336</power>
     <gpxtpx:TrackPointExtension>
      <gpxtpx:hr>151</gpxtpx:hr>
      <gpxtpx:cad>86</gpxtpx:cad>
     </gpxtpx:TrackPointExtension>
    </extensions>
   </trkpt>
   <trkpt lat="55.7195250" lon="37.5524490">
    <ele>124.2</ele>
    <time>2026-05-29T05:08:44Z</time>
    <extensions>
     <power>335</power>
     <gpxtpx:TrackPointExtension>
      <gpxtpx:hr>151</gpxtpx:hr>
      <gpxtpx:cad>86</gpxtpx:cad>
     </gpxtpx:TrackPointExtension>
    </extensions>
   </trkpt>
   <trkpt lat="55.7195380" lon="37.5524240">
    <ele>124.2</ele>
    <time>2026-05-29T05:08:45Z</time>
    <extensions>
     <power>335</power>
     <gpxtpx:TrackPointExtension>
      <gpxtpx:hr>152</gpxtpx:hr>
      <gpxtpx:cad>86</gpxtpx:cad>
     </gpxtpx:TrackPointExtension>
    </extensions>
   </trkpt>
   <trkpt lat="55.7195610" lon="37.5523830">
    <ele>124.2</ele>
    <time>2026-05-29T05:08:46Z</time>
    <extensions>
     <power>335</power>
     <gpxtpx:TrackPointExtension>
      <gpxtpx:hr>152</gpxtpx:hr>
      <gpxtpx:cad>86</gpxtpx:cad>
     </gpxtpx:TrackPointExtension>
    </extensions>
   </trkpt>
   <trkpt lat="55.7195790" lon="37.5523520">
    <ele>124.2</ele>
    <time>2026-05-29T05:08:47Z</time>
    <extensions>
     <power>335</power>
     <gpxtpx:TrackPointExtension>
      <gpxtpx:hr>151</gpxtpx:hr>
      <gpxtpx:cad>86</gpxtpx:cad>
     </gpxtpx:TrackPointExtension>
    </extensions>
   </trkpt>
   <trkpt lat="55.7195960" lon="37.5523200">
    <ele>124.2</ele>
    <time>2026-05-29T05:08:48Z</time>
    <extensions>
     <power>328</power>
     <gpxtpx:TrackPointExtension>
      <gpxtpx:hr>151</gpxtpx:hr>
      <gpxtpx:cad>87</gpxtpx:cad>
     </gpxtpx:TrackPointExtension>
    </extensions>
   </trkpt>
   <trkpt lat="55.7196160" lon="37.5522860">
    <ele>124.2</ele>
    <time>2026-05-29T05:08:49Z</time>
    <extensions>
     <power>328</power>
     <gpxtpx:TrackPointExtension>
      <gpxtpx:hr>151</gpxtpx:hr>
      <gpxtpx:cad>86</gpxtpx:cad>
     </gpxtpx:TrackPointExtension>
    </extensions>
   </trkpt>
   <trkpt lat="55.7196310" lon="37.5522590">
    <ele>124.2</ele>
    <time>2026-05-29T05:08:50Z</time>
    <extensions>
     <power>328</power>
     <gpxtpx:TrackPointExtension>
      <gpxtpx:hr>151</gpxtpx:hr>
      <gpxtpx:cad>86</gpxtpx:cad>
     </gpxtpx:TrackPointExtension>
    </extensions>
   </trkpt>
   <trkpt lat="55.7196570" lon="37.5522110">
    <ele>124.2</ele>
    <time>2026-05-29T05:08:51Z</time>
    <extensions>
     <power>329</power>
     <gpxtpx:TrackPointExtension>
      <gpxtpx:hr>152</gpxtpx:hr>
      <gpxtpx:cad>86</gpxtpx:cad>
     </gpxtpx:TrackPointExtension>
    </extensions>
   </trkpt>
   <trkpt lat="55.7196690" lon="37.5521910">
    <ele>124.2</ele>
    <time>2026-05-29T05:08:52Z</time>
    <extensions>
     <power>330</power>
     <gpxtpx:TrackPointExtension>
      <gpxtpx:hr>152</gpxtpx:hr>
      <gpxtpx:cad>86</gpxtpx:cad>
     </gpxtpx:TrackPointExtension>
    </extensions>
   </trkpt>
   <trkpt lat="55.7196950" lon="37.5521450">
    <ele>124.2</ele>
    <time>2026-05-29T05:08:53Z</time>
    <extensions>
     <power>331</power>
     <gpxtpx:TrackPointExtension>
      <gpxtpx:hr>152</gpxtpx:hr>
      <gpxtpx:cad>86</gpxtpx:cad>
     </gpxtpx:TrackPointExtension>
    </extensions>
   </trkpt>
   <trkpt lat="55.7197070" lon="37.5521220">
    <ele>124.2</ele>
    <time>2026-05-29T05:08:54Z</time>
    <extensions>
     <power>331</power>
     <gpxtpx:TrackPointExtension>
      <gpxtpx:hr>153</gpxtpx:hr>
      <gpxtpx:cad>86</gpxtpx:cad>
     </gpxtpx:TrackPointExtension>
    </extensions>
   </trkpt>
   <trkpt lat="55.7197250" lon="37.5520910">
    <ele>124.2</ele>
    <time>2026-05-29T05:08:55Z</time>
    <extensions>
     <power>330</power>
     <gpxtpx:TrackPointExtension>
      <gpxtpx:hr>153</gpxtpx:hr>
      <gpxtpx:cad>86</gpxtpx:cad>
     </gpxtpx:TrackPointExtension>
    </extensions>
   </trkpt>
   <trkpt lat="55.7197460" lon="37.5520530">
    <ele>124.2</ele>
    <time>2026-05-29T05:08:56Z</time>
    <extensions>
     <power>328</power>
     <gpxtpx:TrackPointExtension>
      <gpxtpx:hr>152</gpxtpx:hr>
      <gpxtpx:cad>86</gpxtpx:cad>
     </gpxtpx:TrackPointExtension>
    </extensions>
   </trkpt>
   <trkpt lat="55.7197570" lon="37.5520340">
    <ele>124.2</ele>
    <time>2026-05-29T05:08:57Z</time>
    <extensions>
     <power>334</power>
     <gpxtpx:TrackPointExtension>
      <gpxtpx:hr>152</gpxtpx:hr>
      <gpxtpx:cad>85</gpxtpx:cad>
     </gpxtpx:TrackPointExtension>
    </extensions>
   </trkpt>
   <trkpt lat="55.7197910" lon="37.5519720">
    <ele>124.2</ele>
    <time>2026-05-29T05:08:58Z</time>
    <extensions>
     <power>336</power>
     <gpxtpx:TrackPointExtension>
      <gpxtpx:hr>152</gpxtpx:hr>
      <gpxtpx:cad>85</gpxtpx:cad>
     </gpxtpx:TrackPointExtension>
    </extensions>
   </trkpt>
   <trkpt lat="55.7198020" lon="37.5519530">
    <ele>124.2</ele>
    <time>2026-05-29T05:08:59Z</time>
    <extensions>
     <power>337</power>
     <gpxtpx:TrackPointExtension>
      <gpxtpx:hr>151</gpxtpx:hr>
      <gpxtpx:cad>85</gpxtpx:cad>
     </gpxtpx:TrackPointExtension>
    </extensions>
   </trkpt>
   <trkpt lat="55.7198290" lon="37.5519040">
    <ele>124.2</ele>
    <time>2026-05-29T05:09:00Z</time>
    <extensions>
     <power>337</power>
     <gpxtpx:TrackPointExtension>
      <gpxtpx:hr>152</gpxtpx:hr>
      <gpxtpx:cad>85</gpxtpx:cad>
     </gpxtpx:TrackPointExtension>
    </extensions>
   </trkpt>
   <trkpt lat="55.7198470" lon="37.5518710">
    <ele>124.2</ele>
    <time>2026-05-29T05:09:01Z</time>
    <extensions>
     <power>338</power>
     <gpxtpx:TrackPointExtension>
      <gpxtpx:hr>152</gpxtpx:hr>
      <gpxtpx:cad>85</gpxtpx:cad>
     </gpxtpx:TrackPointExtension>
    </extensions>
   </trkpt>
   <trkpt lat="55.7198620" lon="37.5518450">
    <ele>124.2</ele>
    <time>2026-05-29T05:09:02Z</time>
    <extensions>
     <power>337</power>
     <gpxtpx:TrackPointExtension>
      <gpxtpx:hr>153</gpxtpx:hr>
      <gpxtpx:cad>85</gpxtpx:cad>
     </gpxtpx:TrackPointExtension>
    </extensions>
   </trkpt>
   <trkpt lat="55.7198910" lon="37.5517940">
    <ele>124.2</ele>
    <time>2026-05-29T05:09:03Z</time>
    <extensions>
     <power>338</power>
     <gpxtpx:TrackPointExtension>
      <gpxtpx:hr>152</gpxtpx:hr>
      <gpxtpx:cad>85</gpxtpx:cad>
     </gpxtpx:TrackPointExtension>
    </extensions>
   </trkpt>
   <trkpt lat="55.7199010" lon="37.5517740">
    <ele>124.2</ele>
    <time>2026-05-29T05:09:04Z</time>
    <extensions>
     <power>340</power>
     <gpxtpx:TrackPointExtension>
      <gpxtpx:hr>152</gpxtpx:hr>
      <gpxtpx:cad>85</gpxtpx:cad>
     </gpxtpx:TrackPointExtension>
    </extensions>
   </trkpt>
   <trkpt lat="55.7199270" lon="37.5517280">
    <ele>124.2</ele>
    <time>2026-05-29T05:09:05Z</time>
    <extensions>
     <power>345</power>
     <gpxtpx:TrackPointExtension>
      <gpxtpx:hr>152</gpxtpx:hr>
      <gpxtpx:cad>84</gpxtpx:cad>
     </gpxtpx:TrackPointExtension>
    </extensions>
   </trkpt>
   <trkpt lat="55.7199440" lon="37.5516980">
    <ele>124.2</ele>
    <time>2026-05-29T05:09:06Z</time>
    <extensions>
     <power>344</power>
     <gpxtpx:TrackPointExtension>
      <gpxtpx:hr>151</gpxtpx:hr>
      <gpxtpx:cad>84</gpxtpx:cad>
     </gpxtpx:TrackPointExtension>
    </extensions>
   </trkpt>
   <trkpt lat="55.7199620" lon="37.5516660">
    <ele>124.2</ele>
    <time>2026-05-29T05:09:07Z</time>
    <extensions>
     <power>343</power>
     <gpxtpx:TrackPointExtension>
      <gpxtpx:hr>152</gpxtpx:hr>
      <gpxtpx:cad>84</gpxtpx:cad>
     </gpxtpx:TrackPointExtension>
    </extensions>
   </trkpt>
   <trkpt lat="55.7199860" lon="37.5516230">
    <ele>124.2</ele>
    <time>2026-05-29T05:09:08Z</time>
    <extensions>
     <power>343</power>
     <gpxtpx:TrackPointExtension>
      <gpxtpx:hr>151</gpxtpx:hr>
      <gpxtpx:cad>84</gpxtpx:cad>
     </gpxtpx:TrackPointExtension>
    </extensions>
   </trkpt>
   <trkpt lat="55.7200120" lon="37.5515770">
    <ele>124.2</ele>
    <time>2026-05-29T05:09:09Z</time>
    <extensions>
     <power>343</power>
     <gpxtpx:TrackPointExtension>
      <gpxtpx:hr>151</gpxtpx:hr>
      <gpxtpx:cad>84</gpxtpx:cad>
     </gpxtpx:TrackPointExtension>
    </extensions>
   </trkpt>
   <trkpt lat="55.7200300" lon="37.5515450">
    <ele>124.2</ele>
    <time>2026-05-29T05:09:10Z</time>
    <extensions>
     <power>343</power>
     <gpxtpx:TrackPointExtension>
      <gpxtpx:hr>151</gpxtpx:hr>
      <gpxtpx:cad>84</gpxtpx:cad>
     </gpxtpx:TrackPointExtension>
    </extensions>
   </trkpt>
   <trkpt lat="55.7200370" lon="37.5515310">
    <ele>124.2</ele>
    <time>2026-05-29T05:09:11Z</time>
    <extensions>
     <power>343</power>
     <gpxtpx:TrackPointExtension>
      <gpxtpx:hr>151</gpxtpx:hr>
      <gpxtpx:cad>84</gpxtpx:cad>
     </gpxtpx:TrackPointExtension>
    </extensions>
   </trkpt>
   <trkpt lat="55.7200670" lon="37.5514690">
    <ele>124.2</ele>
    <time>2026-05-29T05:09:12Z</time>
    <extensions>
     <power>344</power>
     <gpxtpx:TrackPointExtension>
      <gpxtpx:hr>150</gpxtpx:hr>
      <gpxtpx:cad>84</gpxtpx:cad>
     </gpxtpx:TrackPointExtension>
    </extensions>
   </trkpt>
   <trkpt lat="55.7200750" lon="37.5514470">
    <ele>124.2</ele>
    <time>2026-05-29T05:09:13Z</time>
    <extensions>
     <power>345</power>
     <gpxtpx:TrackPointExtension>
      <gpxtpx:hr>152</gpxtpx:hr>
      <gpxtpx:cad>87</gpxtpx:cad>
     </gpxtpx:TrackPointExtension>
    </extensions>
   </trkpt>
   <trkpt lat="55.7200930" lon="37.5513950">
    <ele>124.2</ele>
    <time>2026-05-29T05:09:14Z</time>
    <extensions>
     <power>341</power>
     <gpxtpx:TrackPointExtension>
      <gpxtpx:hr>152</gpxtpx:hr>
      <gpxtpx:cad>87</gpxtpx:cad>
     </gpxtpx:TrackPointExtension>
    </extensions>
   </trkpt>
   <trkpt lat="55.7201030" lon="37.5513590">
    <ele>124.2</ele>
    <time>2026-05-29T05:09:15Z</time>
    <extensions>
     <power>341</power>
     <gpxtpx:TrackPointExtension>
      <gpxtpx:hr>151</gpxtpx:hr>
      <gpxtpx:cad>87</gpxtpx:cad>
     </gpxtpx:TrackPointExtension>
    </extensions>
   </trkpt>
   <trkpt lat="55.7201130" lon="37.5513160">
    <ele>124.2</ele>
    <time>2026-05-29T05:09:16Z</time>
    <extensions>
     <power>343</power>
     <gpxtpx:TrackPointExtension>
      <gpxtpx:hr>152</gpxtpx:hr>
      <gpxtpx:cad>87</gpxtpx:cad>
     </gpxtpx:TrackPointExtension>
    </extensions>
   </trkpt>
   <trkpt lat="55.7201230" lon="37.5512510">
    <ele>124.2</ele>
    <time>2026-05-29T05:09:17Z</time>
    <extensions>
     <power>343</power>
     <gpxtpx:TrackPointExtension>
      <gpxtpx:hr>153</gpxtpx:hr>
      <gpxtpx:cad>87</gpxtpx:cad>
     </gpxtpx:TrackPointExtension>
    </extensions>
   </trkpt>
   <trkpt lat="55.7201250" lon="37.5512250">
    <ele>124.2</ele>
    <time>2026-05-29T05:09:18Z</time>
    <extensions>
     <power>349</power>
     <gpxtpx:TrackPointExtension>
      <gpxtpx:hr>152</gpxtpx:hr>
      <gpxtpx:cad>86</gpxtpx:cad>
     </gpxtpx:TrackPointExtension>
    </extensions>
   </trkpt>
   <trkpt lat="55.7201300" lon="37.5511520">
    <ele>124.2</ele>
    <time>2026-05-29T05:09:19Z</time>
    <extensions>
     <power>354</power>
     <gpxtpx:TrackPointExtension>
      <gpxtpx:hr>152</gpxtpx:hr>
      <gpxtpx:cad>86</gpxtpx:cad>
     </gpxtpx:TrackPointExtension>
    </extensions>
   </trkpt>
   <trkpt lat="55.7201300" lon="37.5511250">
    <ele>124.2</ele>
    <time>2026-05-29T05:09:20Z</time>
    <extensions>
     <power>354</power>
     <gpxtpx:TrackPointExtension>
      <gpxtpx:hr>151</gpxtpx:hr>
      <gpxtpx:cad>86</gpxtpx:cad>
     </gpxtpx:TrackPointExtension>
    </extensions>
   </trkpt>
   <trkpt lat="55.7201260" lon="37.5510410">
    <ele>124.2</ele>
    <time>2026-05-29T05:09:21Z</time>
    <extensions>
     <power>354</power>
     <gpxtpx:TrackPointExtension>
      <gpxtpx:hr>152</gpxtpx:hr>
      <gpxtpx:cad>86</gpxtpx:cad>
     </gpxtpx:TrackPointExtension>
    </extensions>
   </trkpt>
   <trkpt lat="55.7201240" lon="37.5510150">
    <ele>124.2</ele>
    <time>2026-05-29T05:09:22Z</time>
    <extensions>
     <power>357</power>
     <gpxtpx:TrackPointExtension>
      <gpxtpx:hr>153</gpxtpx:hr>
      <gpxtpx:cad>87</gpxtpx:cad>
     </gpxtpx:TrackPointExtension>
    </extensions>
   </trkpt>
   <trkpt lat="55.7201150" lon="37.5509600">
    <ele>124.2</ele>
    <time>2026-05-29T05:09:23Z</time>
    <extensions>
     <power>356</power>
     <gpxtpx:TrackPointExtension>
      <gpxtpx:hr>153</gpxtpx:hr>
      <gpxtpx:cad>87</gpxtpx:cad>
     </gpxtpx:TrackPointExtension>
    </extensions>
   </trkpt>
   <trkpt lat="55.7201060" lon="37.5509110">
    <ele>124.2</ele>
    <time>2026-05-29T05:09:24Z</time>
    <extensions>
     <power>354</power>
     <gpxtpx:TrackPointExtension>
      <gpxtpx:hr>153</gpxtpx:hr>
      <gpxtpx:cad>86</gpxtpx:cad>
     </gpxtpx:TrackPointExtension>
    </extensions>
   </trkpt>
   <trkpt lat="55.7200990" lon="37.5508860">
    <ele>124.2</ele>
    <time>2026-05-29T05:09:25Z</time>
    <extensions>
     <power>356</power>
     <gpxtpx:TrackPointExtension>
      <gpxtpx:hr>153</gpxtpx:hr>
      <gpxtpx:cad>85</gpxtpx:cad>
     </gpxtpx:TrackPointExtension>
    </extensions>
   </trkpt>
   <trkpt lat="55.7200770" lon="37.5508170">
    <ele>124.2</ele>
    <time>2026-05-29T05:09:26Z</time>
    <extensions>
     <power>353</power>
     <gpxtpx:TrackPointExtension>
      <gpxtpx:hr>152</gpxtpx:hr>
      <gpxtpx:cad>85</gpxtpx:cad>
     </gpxtpx:TrackPointExtension>
    </extensions>
   </trkpt>
   <trkpt lat="55.7200590" lon="37.5507740">
    <ele>124.2</ele>
    <time>2026-05-29T05:09:27Z</time>
    <extensions>
     <power>355</power>
     <gpxtpx:TrackPointExtension>
      <gpxtpx:hr>153</gpxtpx:hr>
      <gpxtpx:cad>85</gpxtpx:cad>
     </gpxtpx:TrackPointExtension>
    </extensions>
   </trkpt>
   <trkpt lat="55.7200450" lon="37.5507430">
    <ele>124.2</ele>
    <time>2026-05-29T05:09:28Z</time>
    <extensions>
     <power>354</power>
     <gpxtpx:TrackPointExtension>
      <gpxtpx:hr>153</gpxtpx:hr>
      <gpxtpx:cad>85</gpxtpx:cad>
     </gpxtpx:TrackPointExtension>
    </extensions>
   </trkpt>
   <trkpt lat="55.7200330" lon="37.5507210">
    <ele>124.2</ele>
    <time>2026-05-29T05:09:29Z</time>
    <extensions>
     <power>355</power>
     <gpxtpx:TrackPointExtension>
      <gpxtpx:hr>153</gpxtpx:hr>
      <gpxtpx:cad>85</gpxtpx:cad>
     </gpxtpx:TrackPointExtension>
    </extensions>
   </trkpt>
   <trkpt lat="55.7200130" lon="37.5506900">
    <ele>124.2</ele>
    <time>2026-05-29T05:09:30Z</time>
    <extensions>
     <power>358</power>
     <gpxtpx:TrackPointExtension>
      <gpxtpx:hr>153</gpxtpx:hr>
      <gpxtpx:cad>85</gpxtpx:cad>
     </gpxtpx:TrackPointExtension>
    </extensions>
   </trkpt>
   <trkpt lat="55.7199810" lon="37.5506490">
    <ele>124.2</ele>
    <time>2026-05-29T05:09:31Z</time>
    <extensions>
     <power>356</power>
     <gpxtpx:TrackPointExtension>
      <gpxtpx:hr>153</gpxtpx:hr>
      <gpxtpx:cad>85</gpxtpx:cad>
     </gpxtpx:TrackPointExtension>
    </extensions>
   </trkpt>
   <trkpt lat="55.7199680" lon="37.5506340">
    <ele>124.2</ele>
    <time>2026-05-29T05:09:32Z</time>
    <extensions>
     <power>354</power>
     <gpxtpx:TrackPointExtension>
      <gpxtpx:hr>153</gpxtpx:hr>
      <gpxtpx:cad>85</gpxtpx:cad>
     </gpxtpx:TrackPointExtension>
    </extensions>
   </trkpt>
   <trkpt lat="55.7199310" lon="37.5506030">
    <ele>124.2</ele>
    <time>2026-05-29T05:09:33Z</time>
    <extensions>
     <power>357</power>
     <gpxtpx:TrackPointExtension>
      <gpxtpx:hr>153</gpxtpx:hr>
      <gpxtpx:cad>86</gpxtpx:cad>
     </gpxtpx:TrackPointExtension>
    </extensions>
   </trkpt>
   <trkpt lat="55.7199170" lon="37.5505920">
    <ele>124.2</ele>
    <time>2026-05-29T05:09:34Z</time>
    <extensions>
     <power>359</power>
     <gpxtpx:TrackPointExtension>
      <gpxtpx:hr>153</gpxtpx:hr>
      <gpxtpx:cad>86</gpxtpx:cad>
     </gpxtpx:TrackPointExtension>
    </extensions>
   </trkpt>
   <trkpt lat="55.7198840" lon="37.5505750">
    <ele>124.2</ele>
    <time>2026-05-29T05:09:35Z</time>
    <extensions>
     <power>358</power>
     <gpxtpx:TrackPointExtension>
      <gpxtpx:hr>154</gpxtpx:hr>
      <gpxtpx:cad>86</gpxtpx:cad>
     </gpxtpx:TrackPointExtension>
    </extensions>
   </trkpt>
   <trkpt lat="55.7198550" lon="37.5505660">
    <ele>124.2</ele>
    <time>2026-05-29T05:09:36Z</time>
    <extensions>
     <power>357</power>
     <gpxtpx:TrackPointExtension>
      <gpxtpx:hr>153</gpxtpx:hr>
      <gpxtpx:cad>86</gpxtpx:cad>
     </gpxtpx:TrackPointExtension>
    </extensions>
   </trkpt>
   <trkpt lat="55.7198310" lon="37.5505600">
    <ele>124.2</ele>
    <time>2026-05-29T05:09:37Z</time>
    <extensions>
     <power>357</power>
     <gpxtpx:TrackPointExtension>
      <gpxtpx:hr>153</gpxtpx:hr>
      <gpxtpx:cad>86</gpxtpx:cad>
     </gpxtpx:TrackPointExtension>
    </extensions>
   </trkpt>
   <trkpt lat="55.7197940" lon="37.5505610">
    <ele>124.2</ele>
    <time>2026-05-29T05:09:38Z</time>
    <extensions>
     <power>362</power>
     <gpxtpx:TrackPointExtension>
      <gpxtpx:hr>154</gpxtpx:hr>
      <gpxtpx:cad>85</gpxtpx:cad>
     </gpxtpx:TrackPointExtension>
    </extensions>
   </trkpt>
   <trkpt lat="55.7197770" lon="37.5505630">
    <ele>124.2</ele>
    <time>2026-05-29T05:09:39Z</time>
    <extensions>
     <power>363</power>
     <gpxtpx:TrackPointExtension>
      <gpxtpx:hr>154</gpxtpx:hr>
      <gpxtpx:cad>85</gpxtpx:cad>
     </gpxtpx:TrackPointExtension>
    </extensions>
   </trkpt>
   <trkpt lat="55.7197330" lon="37.5505760">
    <ele>124.2</ele>
    <time>2026-05-29T05:09:40Z</time>
    <extensions>
     <power>358</power>
     <gpxtpx:TrackPointExtension>
      <gpxtpx:hr>154</gpxtpx:hr>
      <gpxtpx:cad>87</gpxtpx:cad>
     </gpxtpx:TrackPointExtension>
    </extensions>
   </trkpt>
   <trkpt lat="55.7197100" lon="37.5505890">
    <ele>124.2</ele>
    <time>2026-05-29T05:09:41Z</time>
    <extensions>
     <power>352</power>
     <gpxtpx:TrackPointExtension>
      <gpxtpx:hr>155</gpxtpx:hr>
      <gpxtpx:cad>88</gpxtpx:cad>
     </gpxtpx:TrackPointExtension>
    </extensions>
   </trkpt>
   <trkpt lat="55.7196740" lon="37.5506140">
    <ele>124.2</ele>
    <time>2026-05-29T05:09:42Z</time>
    <extensions>
     <power>350</power>
     <gpxtpx:TrackPointExtension>
      <gpxtpx:hr>155</gpxtpx:hr>
      <gpxtpx:cad>90</gpxtpx:cad>
     </gpxtpx:TrackPointExtension>
    </extensions>
   </trkpt>
   <trkpt lat="55.7196530" lon="37.5506310">
    <ele>124.2</ele>
    <time>2026-05-29T05:09:43Z</time>
    <extensions>
     <power>354</power>
     <gpxtpx:TrackPointExtension>
      <gpxtpx:hr>156</gpxtpx:hr>
      <gpxtpx:cad>92</gpxtpx:cad>
     </gpxtpx:TrackPointExtension>
    </extensions>
   </trkpt>
   <trkpt lat="55.7196130" lon="37.5506780">
    <ele>124.2</ele>
    <time>2026-05-29T05:09:44Z</time>
    <extensions>
     <power>362</power>
     <gpxtpx:TrackPointExtension>
      <gpxtpx:hr>155</gpxtpx:hr>
      <gpxtpx:cad>92</gpxtpx:cad>
     </gpxtpx:TrackPointExtension>
    </extensions>
   </trkpt>
   <trkpt lat="55.7195840" lon="37.5507230">
    <ele>124.2</ele>
    <time>2026-05-29T05:09:45Z</time>
    <extensions>
     <power>364</power>
     <gpxtpx:TrackPointExtension>
      <gpxtpx:hr>156</gpxtpx:hr>
      <gpxtpx:cad>93</gpxtpx:cad>
     </gpxtpx:TrackPointExtension>
    </extensions>
   </trkpt>
   <trkpt lat="55.7195540" lon="37.5507770">
    <ele>124.2</ele>
    <time>2026-05-29T05:09:46Z</time>
    <extensions>
     <power>368</power>
     <gpxtpx:TrackPointExtension>
      <gpxtpx:hr>157</gpxtpx:hr>
      <gpxtpx:cad>94</gpxtpx:cad>
     </gpxtpx:TrackPointExtension>
    </extensions>
   </trkpt>
   <trkpt lat="55.7195180" lon="37.5508410">
    <ele>124.2</ele>
    <time>2026-05-29T05:09:47Z</time>
    <extensions>
     <power>377</power>
     <gpxtpx:TrackPointExtension>
      <gpxtpx:hr>158</gpxtpx:hr>
      <gpxtpx:cad>94</gpxtpx:cad>
     </gpxtpx:TrackPointExtension>
    </extensions>
   </trkpt>
   <trkpt lat="55.7194950" lon="37.5508820">
    <ele>124.2</ele>
    <time>2026-05-29T05:09:48Z</time>
    <extensions>
     <power>385</power>
     <gpxtpx:TrackPointExtension>
      <gpxtpx:hr>157</gpxtpx:hr>
      <gpxtpx:cad>94</gpxtpx:cad>
     </gpxtpx:TrackPointExtension>
    </extensions>
   </trkpt>
   <trkpt lat="55.7194590" lon="37.5509470">
    <ele>124.2</ele>
    <time>2026-05-29T05:09:49Z</time>
    <extensions>
     <power>395</power>
     <gpxtpx:TrackPointExtension>
      <gpxtpx:hr>159</gpxtpx:hr>
      <gpxtpx:cad>94</gpxtpx:cad>
     </gpxtpx:TrackPointExtension>
    </extensions>
   </trkpt>
   <trkpt lat="55.7194320" lon="37.5509960">
    <ele>124.2</ele>
    <time>2026-05-29T05:09:50Z</time>
    <extensions>
     <power>426</power>
     <gpxtpx:TrackPointExtension>
      <gpxtpx:hr>159</gpxtpx:hr>
      <gpxtpx:cad>90</gpxtpx:cad>
     </gpxtpx:TrackPointExtension>
    </extensions>
   </trkpt>
   <trkpt lat="55.7194040" lon="37.5510460">
    <ele>124.2</ele>
    <time>2026-05-29T05:09:51Z</time>
    <extensions>
     <power>476</power>
     <gpxtpx:TrackPointExtension>
      <gpxtpx:hr>159</gpxtpx:hr>
      <gpxtpx:cad>90</gpxtpx:cad>
     </gpxtpx:TrackPointExtension>
    </extensions>
   </trkpt>
   <trkpt lat="55.7193770" lon="37.5510940">
    <ele>124.2</ele>
    <time>2026-05-29T05:09:52Z</time>
    <extensions>
     <power>489</power>
     <gpxtpx:TrackPointExtension>
      <gpxtpx:hr>160</gpxtpx:hr>
      <gpxtpx:cad>90</gpxtpx:cad>
     </gpxtpx:TrackPointExtension>
    </extensions>
   </trkpt>
   <trkpt lat="55.7193480" lon="37.5511460">
    <ele>124.2</ele>
    <time>2026-05-29T05:09:53Z</time>
    <extensions>
     <power>500</power>
     <gpxtpx:TrackPointExtension>
      <gpxtpx:hr>162</gpxtpx:hr>
      <gpxtpx:cad>90</gpxtpx:cad>
     </gpxtpx:TrackPointExtension>
    </extensions>
   </trkpt>
   <trkpt lat="55.7193160" lon="37.5512030">
    <ele>124.2</ele>
    <time>2026-05-29T05:09:54Z</time>
    <extensions>
     <power>486</power>
     <gpxtpx:TrackPointExtension>
      <gpxtpx:hr>162</gpxtpx:hr>
      <gpxtpx:cad>91</gpxtpx:cad>
     </gpxtpx:TrackPointExtension>
    </extensions>
   </trkpt>
   <trkpt lat="55.7192770" lon="37.5512730">
    <ele>124.2</ele>
    <time>2026-05-29T05:09:55Z</time>
    <extensions>
     <power>477</power>
     <gpxtpx:TrackPointExtension>
      <gpxtpx:hr>162</gpxtpx:hr>
      <gpxtpx:cad>92</gpxtpx:cad>
     </gpxtpx:TrackPointExtension>
    </extensions>
   </trkpt>
   <trkpt lat="55.7192510" lon="37.5513190">
    <ele>124.2</ele>
    <time>2026-05-29T05:09:56Z</time>
    <extensions>
     <power>488</power>
     <gpxtpx:TrackPointExtension>
      <gpxtpx:hr>164</gpxtpx:hr>
      <gpxtpx:cad>93</gpxtpx:cad>
     </gpxtpx:TrackPointExtension>
    </extensions>
   </trkpt>
   <trkpt lat="55.7192030" lon="37.5514060">
    <ele>124.2</ele>
    <time>2026-05-29T05:09:57Z</time>
    <extensions>
     <power>596</power>
     <gpxtpx:TrackPointExtension>
      <gpxtpx:hr>162</gpxtpx:hr>
      <gpxtpx:cad>93</gpxtpx:cad>
     </gpxtpx:TrackPointExtension>
    </extensions>
   </trkpt>
   <trkpt lat="55.7191820" lon="37.5514430">
    <ele>124.2</ele>
    <time>2026-05-29T05:09:58Z</time>
    <extensions>
     <power>542</power>
     <gpxtpx:TrackPointExtension>
      <gpxtpx:hr>165</gpxtpx:hr>
      <gpxtpx:cad>93</gpxtpx:cad>
     </gpxtpx:TrackPointExtension>
    </extensions>
   </trkpt>
   <trkpt lat="55.7191360" lon="37.5515250">
    <ele>124.2</ele>
    <time>2026-05-29T05:09:59Z</time>
    <extensions>
     <power>627</power>
     <gpxtpx:TrackPointExtension>
      <gpxtpx:hr>164</gpxtpx:hr>
      <gpxtpx:cad>94</gpxtpx:cad>
     </gpxtpx:TrackPointExtension>
    </extensions>
   </trkpt>
   <trkpt lat="55.7191110" lon="37.5515690">
    <ele>124.2</ele>
    <time>2026-05-29T05:10:00Z</time>
    <extensions>
     <power>547</power>
     <gpxtpx:TrackPointExtension>
      <gpxtpx:hr>165</gpxtpx:hr>
      <gpxtpx:cad>93</gpxtpx:cad>
     </gpxtpx:TrackPointExtension>
    </extensions>
   </trkpt>
   <trkpt lat="55.7190760" lon="37.5516330">
    <ele>124.2</ele>
    <time>2026-05-29T05:10:01Z</time>
    <extensions>
     <power>514</power>
     <gpxtpx:TrackPointExtension>
      <gpxtpx:hr>166</gpxtpx:hr>
      <gpxtpx:cad>93</gpxtpx:cad>
     </gpxtpx:TrackPointExtension>
    </extensions>
   </trkpt>
   <trkpt lat="55.7190390" lon="37.5516990">
    <ele>124.2</ele>
    <time>2026-05-29T05:10:02Z</time>
    <extensions>
     <power>529</power>
     <gpxtpx:TrackPointExtension>
      <gpxtpx:hr>166</gpxtpx:hr>
      <gpxtpx:cad>93</gpxtpx:cad>
     </gpxtpx:TrackPointExtension>
    </extensions>
   </trkpt>
   <trkpt lat="55.7190120" lon="37.5517520">
    <ele>124.2</ele>
    <time>2026-05-29T05:10:03Z</time>
    <extensions>
     <power>512</power>
     <gpxtpx:TrackPointExtension>
      <gpxtpx:hr>165</gpxtpx:hr>
      <gpxtpx:cad>92</gpxtpx:cad>
     </gpxtpx:TrackPointExtension>
    </extensions>
   </trkpt>
   <trkpt lat="55.7189880" lon="37.5518080">
    <ele>124.2</ele>
    <time>2026-05-29T05:10:04Z</time>
    <extensions>
     <power>508</power>
     <gpxtpx:TrackPointExtension>
      <gpxtpx:hr>166</gpxtpx:hr>
      <gpxtpx:cad>92</gpxtpx:cad>
     </gpxtpx:TrackPointExtension>
    </extensions>
   </trkpt>
   <trkpt lat="55.7189700" lon="37.5518610">
    <ele>124.2</ele>
    <time>2026-05-29T05:10:05Z</time>
    <extensions>
     <power>504</power>
     <gpxtpx:TrackPointExtension>
      <gpxtpx:hr>167</gpxtpx:hr>
      <gpxtpx:cad>91</gpxtpx:cad>
     </gpxtpx:TrackPointExtension>
    </extensions>
   </trkpt>
   <trkpt lat="55.7189580" lon="37.5519070">
    <ele>124.2</ele>
    <time>2026-05-29T05:10:06Z</time>
    <extensions>
     <power>513</power>
     <gpxtpx:TrackPointExtension>
      <gpxtpx:hr>166</gpxtpx:hr>
      <gpxtpx:cad>89</gpxtpx:cad>
     </gpxtpx:TrackPointExtension>
    </extensions>
   </trkpt>
   <trkpt lat="55.7189490" lon="37.5519540">
    <ele>124.2</ele>
    <time>2026-05-29T05:10:07Z</time>
    <extensions>
     <power>493</power>
     <gpxtpx:TrackPointExtension>
      <gpxtpx:hr>166</gpxtpx:hr>
      <gpxtpx:cad>89</gpxtpx:cad>
     </gpxtpx:TrackPointExtension>
    </extensions>
   </trkpt>
   <trkpt lat="55.7189450" lon="37.5519780">
    <ele>124.2</ele>
    <time>2026-05-29T05:10:08Z</time>
    <extensions>
     <power>459</power>
     <gpxtpx:TrackPointExtension>
      <gpxtpx:hr>166</gpxtpx:hr>
      <gpxtpx:cad>89</gpxtpx:cad>
     </gpxtpx:TrackPointExtension>
    </extensions>
   </trkpt>
   <trkpt lat="55.7189380" lon="37.5520410">
    <ele>124.2</ele>
    <time>2026-05-29T05:10:09Z</time>
    <extensions>
     <power>451</power>
     <gpxtpx:TrackPointExtension>
      <gpxtpx:hr>167</gpxtpx:hr>
      <gpxtpx:cad>89</gpxtpx:cad>
     </gpxtpx:TrackPointExtension>
    </extensions>
   </trkpt>
   <trkpt lat="55.7189370" lon="37.5520570">
    <ele>124.2</ele>
    <time>2026-05-29T05:10:10Z</time>
    <extensions>
     <power>433</power>
     <gpxtpx:TrackPointExtension>
      <gpxtpx:hr>166</gpxtpx:hr>
      <gpxtpx:cad>89</gpxtpx:cad>
     </gpxtpx:TrackPointExtension>
    </extensions>
   </trkpt>
   <trkpt lat="55.7189350" lon="37.5521160">
    <ele>124.2</ele>
    <time>2026-05-29T05:10:11Z</time>
    <extensions>
     <power>395</power>
     <gpxtpx:TrackPointExtension>
      <gpxtpx:hr>168</gpxtpx:hr>
      <gpxtpx:cad>84</gpxtpx:cad>
     </gpxtpx:TrackPointExtension>
    </extensions>
   </trkpt>
   <trkpt lat="55.7189350" lon="37.5521660">
    <ele>124.2</ele>
    <time>2026-05-29T05:10:12Z</time>
    <extensions>
     <power>385</power>
     <gpxtpx:TrackPointExtension>
      <gpxtpx:hr>168</gpxtpx:hr>
      <gpxtpx:cad>85</gpxtpx:cad>
     </gpxtpx:TrackPointExtension>
    </extensions>
   </trkpt>
   <trkpt lat="55.7189380" lon="37.5522070">
    <ele>124.2</ele>
    <time>2026-05-29T05:10:13Z</time>
    <extensions>
     <power>387</power>
     <gpxtpx:TrackPointExtension>
      <gpxtpx:hr>168</gpxtpx:hr>
      <gpxtpx:cad>86</gpxtpx:cad>
     </gpxtpx:TrackPointExtension>
    </extensions>
   </trkpt>
   <trkpt lat="55.7189450" lon="37.5522680">
    <ele>124.2</ele>
    <time>2026-05-29T05:10:14Z</time>
    <extensions>
     <power>376</power>
     <gpxtpx:TrackPointExtension>
      <gpxtpx:hr>169</gpxtpx:hr>
      <gpxtpx:cad>86</gpxtpx:cad>
     </gpxtpx:TrackPointExtension>
    </extensions>
   </trkpt>
   <trkpt lat="55.7189500" lon="37.5522950">
    <ele>124.2</ele>
    <time>2026-05-29T05:10:15Z</time>
    <extensions>
     <power>372</power>
     <gpxtpx:TrackPointExtension>
      <gpxtpx:hr>168</gpxtpx:hr>
      <gpxtpx:cad>86</gpxtpx:cad>
     </gpxtpx:TrackPointExtension>
    </extensions>
   </trkpt>
   <trkpt lat="55.7189620" lon="37.5523530">
    <ele>124.2</ele>
    <time>2026-05-29T05:10:16Z</time>
    <extensions>
     <power>371</power>
     <gpxtpx:TrackPointExtension>
      <gpxtpx:hr>168</gpxtpx:hr>
      <gpxtpx:cad>86</gpxtpx:cad>
     </gpxtpx:TrackPointExtension>
    </extensions>
   </trkpt>
   <trkpt lat="55.7189700" lon="37.5523830">
    <ele>124.2</ele>
    <time>2026-05-29T05:10:17Z</time>
    <extensions>
     <power>358</power>
     <gpxtpx:TrackPointExtension>
      <gpxtpx:hr>168</gpxtpx:hr>
      <gpxtpx:cad>86</gpxtpx:cad>
     </gpxtpx:TrackPointExtension>
    </extensions>
   </trkpt>
   <trkpt lat="55.7189880" lon="37.5524370">
    <ele>124.2</ele>
    <time>2026-05-29T05:10:18Z</time>
    <extensions>
     <power>357</power>
     <gpxtpx:TrackPointExtension>
      <gpxtpx:hr>167</gpxtpx:hr>
      <gpxtpx:cad>86</gpxtpx:cad>
     </gpxtpx:TrackPointExtension>
    </extensions>
   </trkpt>
   <trkpt lat="55.7190020" lon="37.5524740">
    <ele>124.2</ele>
    <time>2026-05-29T05:10:19Z</time>
    <extensions>
     <power>361</power>
     <gpxtpx:TrackPointExtension>
      <gpxtpx:hr>168</gpxtpx:hr>
      <gpxtpx:cad>87</gpxtpx:cad>
     </gpxtpx:TrackPointExtension>
    </extensions>
   </trkpt>
   <trkpt lat="55.7190260" lon="37.5525220">
    <ele>124.2</ele>
    <time>2026-05-29T05:10:20Z</time>
    <extensions>
     <power>372</power>
     <gpxtpx:TrackPointExtension>
      <gpxtpx:hr>167</gpxtpx:hr>
      <gpxtpx:cad>87</gpxtpx:cad>
     </gpxtpx:TrackPointExtension>
    </extensions>
   </trkpt>
   <trkpt lat="55.7190500" lon="37.5525590">
    <ele>124.2</ele>
    <time>2026-05-29T05:10:21Z</time>
    <extensions>
     <power>404</power>
     <gpxtpx:TrackPointExtension>
      <gpxtpx:hr>168</gpxtpx:hr>
      <gpxtpx:cad>87</gpxtpx:cad>
     </gpxtpx:TrackPointExtension>
    </extensions>
   </trkpt>
   <trkpt lat="55.7190730" lon="37.5525910">
    <ele>124.2</ele>
    <time>2026-05-29T05:10:22Z</time>
    <extensions>
     <power>408</power>
     <gpxtpx:TrackPointExtension>
      <gpxtpx:hr>168</gpxtpx:hr>
      <gpxtpx:cad>87</gpxtpx:cad>
     </gpxtpx:TrackPointExtension>
    </extensions>
   </trkpt>
   <trkpt lat="55.7191000" lon="37.5526210">
    <ele>124.2</ele>
    <time>2026-05-29T05:10:23Z</time>
    <extensions>
     <power>402</power>
     <gpxtpx:TrackPointExtension>
      <gpxtpx:hr>168</gpxtpx:hr>
      <gpxtpx:cad>87</gpxtpx:cad>
     </gpxtpx:TrackPointExtension>
    </extensions>
   </trkpt>
   <trkpt lat="55.7191220" lon="37.5526400">
    <ele>124.2</ele>
    <time>2026-05-29T05:10:24Z</time>
    <extensions>
     <power>401</power>
     <gpxtpx:TrackPointExtension>
      <gpxtpx:hr>168</gpxtpx:hr>
      <gpxtpx:cad>87</gpxtpx:cad>
     </gpxtpx:TrackPointExtension>
    </extensions>
   </trkpt>
   <trkpt lat="55.7191650" lon="37.5526680">
    <ele>124.2</ele>
    <time>2026-05-29T05:10:25Z</time>
    <extensions>
     <power>392</power>
     <gpxtpx:TrackPointExtension>
      <gpxtpx:hr>167</gpxtpx:hr>
      <gpxtpx:cad>87</gpxtpx:cad>
     </gpxtpx:TrackPointExtension>
    </extensions>
   </trkpt>
   <trkpt lat="55.7192050" lon="37.5526820">
    <ele>124.2</ele>
    <time>2026-05-29T05:10:26Z</time>
    <extensions>
     <power>390</power>
     <gpxtpx:TrackPointExtension>
      <gpxtpx:hr>169</gpxtpx:hr>
      <gpxtpx:cad>87</gpxtpx:cad>
     </gpxtpx:TrackPointExtension>
    </extensions>
   </trkpt>
   <trkpt lat="55.7192340" lon="37.5526910">
    <ele>124.2</ele>
    <time>2026-05-29T05:10:27Z</time>
    <extensions>
     <power>392</power>
     <gpxtpx:TrackPointExtension>
      <gpxtpx:hr>169</gpxtpx:hr>
      <gpxtpx:cad>87</gpxtpx:cad>
     </gpxtpx:TrackPointExtension>
    </extensions>
   </trkpt>
   <trkpt lat="55.7192530" lon="37.5526910">
    <ele>124.2</ele>
    <time>2026-05-29T05:10:28Z</time>
    <extensions>
     <power>393</power>
     <gpxtpx:TrackPointExtension>
      <gpxtpx:hr>168</gpxtpx:hr>
      <gpxtpx:cad>87</gpxtpx:cad>
     </gpxtpx:TrackPointExtension>
    </extensions>
   </trkpt>
   <trkpt lat="55.7193110" lon="37.5526820">
    <ele>124.2</ele>
    <time>2026-05-29T05:10:29Z</time>
    <extensions>
     <power>409</power>
     <gpxtpx:TrackPointExtension>
      <gpxtpx:hr>167</gpxtpx:hr>
      <gpxtpx:cad>87</gpxtpx:cad>
     </gpxtpx:TrackPointExtension>
    </extensions>
   </trkpt>
   <trkpt lat="55.7193340" lon="37.5526740">
    <ele>124.2</ele>
    <time>2026-05-29T05:10:30Z</time>
    <extensions>
     <power>430</power>
     <gpxtpx:TrackPointExtension>
      <gpxtpx:hr>168</gpxtpx:hr>
      <gpxtpx:cad>87</gpxtpx:cad>
     </gpxtpx:TrackPointExtension>
    </extensions>
   </trkpt>
   <trkpt lat="55.7193740" lon="37.5526510">
    <ele>124.2</ele>
    <time>2026-05-29T05:10:31Z</time>
    <extensions>
     <power>432</power>
     <gpxtpx:TrackPointExtension>
      <gpxtpx:hr>169</gpxtpx:hr>
      <gpxtpx:cad>87</gpxtpx:cad>
     </gpxtpx:TrackPointExtension>
    </extensions>
   </trkpt>
   <trkpt lat="55.7194030" lon="37.5526270">
    <ele>124.2</ele>
    <time>2026-05-29T05:10:32Z</time>
    <extensions>
     <power>434</power>
     <gpxtpx:TrackPointExtension>
      <gpxtpx:hr>169</gpxtpx:hr>
      <gpxtpx:cad>87</gpxtpx:cad>
     </gpxtpx:TrackPointExtension>
    </extensions>
   </trkpt>
   <trkpt lat="55.7194670" lon="37.5525490">
    <ele>124.2</ele>
    <time>2026-05-29T05:10:33Z</time>
    <extensions>
     <power>432</power>
     <gpxtpx:TrackPointExtension>
      <gpxtpx:hr>170</gpxtpx:hr>
      <gpxtpx:cad>87</gpxtpx:cad>
     </gpxtpx:TrackPointExtension>
    </extensions>
   </trkpt>
   <trkpt lat="55.7194840" lon="37.5525210">
    <ele>124.2</ele>
    <time>2026-05-29T05:10:34Z</time>
    <extensions>
     <power>424</power>
     <gpxtpx:TrackPointExtension>
      <gpxtpx:hr>169</gpxtpx:hr>
      <gpxtpx:cad>94</gpxtpx:cad>
     </gpxtpx:TrackPointExtension>
    </extensions>
   </trkpt>
   <trkpt lat="55.7195290" lon="37.5524420">
    <ele>124.2</ele>
    <time>2026-05-29T05:10:35Z</time>
    <extensions>
     <power>421</power>
     <gpxtpx:TrackPointExtension>
      <gpxtpx:hr>171</gpxtpx:hr>
      <gpxtpx:cad>95</gpxtpx:cad>
     </gpxtpx:TrackPointExtension>
    </extensions>
   </trkpt>
   <trkpt lat="55.7195600" lon="37.5523850">
    <ele>124.2</ele>
    <time>2026-05-29T05:10:36Z</time>
    <extensions>
     <power>416</power>
     <gpxtpx:TrackPointExtension>
      <gpxtpx:hr>170</gpxtpx:hr>
      <gpxtpx:cad>95</gpxtpx:cad>
     </gpxtpx:TrackPointExtension>
    </extensions>
   </trkpt>
   <trkpt lat="55.7195890" lon="37.5523330">
    <ele>124.2</ele>
    <time>2026-05-29T05:10:37Z</time>
    <extensions>
     <power>414</power>
     <gpxtpx:TrackPointExtension>
      <gpxtpx:hr>170</gpxtpx:hr>
      <gpxtpx:cad>95</gpxtpx:cad>
     </gpxtpx:TrackPointExtension>
    </extensions>
   </trkpt>
   <trkpt lat="55.7196310" lon="37.5522580">
    <ele>124.2</ele>
    <time>2026-05-29T05:10:38Z</time>
    <extensions>
     <power>413</power>
     <gpxtpx:TrackPointExtension>
      <gpxtpx:hr>171</gpxtpx:hr>
      <gpxtpx:cad>94</gpxtpx:cad>
     </gpxtpx:TrackPointExtension>
    </extensions>
   </trkpt>
   <trkpt lat="55.7196580" lon="37.5522100">
    <ele>124.2</ele>
    <time>2026-05-29T05:10:39Z</time>
    <extensions>
     <power>424</power>
     <gpxtpx:TrackPointExtension>
      <gpxtpx:hr>171</gpxtpx:hr>
      <gpxtpx:cad>94</gpxtpx:cad>
     </gpxtpx:TrackPointExtension>
    </extensions>
   </trkpt>
   <trkpt lat="55.7197040" lon="37.5521280">
    <ele>124.2</ele>
    <time>2026-05-29T05:10:40Z</time>
    <extensions>
     <power>444</power>
     <gpxtpx:TrackPointExtension>
      <gpxtpx:hr>172</gpxtpx:hr>
      <gpxtpx:cad>94</gpxtpx:cad>
     </gpxtpx:TrackPointExtension>
    </extensions>
   </trkpt>
   <trkpt lat="55.7197380" lon="37.5520680">
    <ele>124.2</ele>
    <time>2026-05-29T05:10:41Z</time>
    <extensions>
     <power>458</power>
     <gpxtpx:TrackPointExtension>
      <gpxtpx:hr>170</gpxtpx:hr>
      <gpxtpx:cad>93</gpxtpx:cad>
     </gpxtpx:TrackPointExtension>
    </extensions>
   </trkpt>
   <trkpt lat="55.7197600" lon="37.5520270">
    <ele>124.2</ele>
    <time>2026-05-29T05:10:42Z</time>
    <extensions>
     <power>491</power>
     <gpxtpx:TrackPointExtension>
      <gpxtpx:hr>172</gpxtpx:hr>
      <gpxtpx:cad>92</gpxtpx:cad>
     </gpxtpx:TrackPointExtension>
    </extensions>
   </trkpt>
   <trkpt lat="55.7197800" lon="37.5519920">
    <ele>124.2</ele>
    <time>2026-05-29T05:10:43Z</time>
    <extensions>
     <power>520</power>
     <gpxtpx:TrackPointExtension>
      <gpxtpx:hr>172</gpxtpx:hr>
      <gpxtpx:cad>91</gpxtpx:cad>
     </gpxtpx:TrackPointExtension>
    </extensions>
   </trkpt>
   <trkpt lat="55.7198170" lon="37.5519260">
    <ele>124.2</ele>
    <time>2026-05-29T05:10:44Z</time>
    <extensions>
     <power>518</power>
     <gpxtpx:TrackPointExtension>
      <gpxtpx:hr>172</gpxtpx:hr>
      <gpxtpx:cad>91</gpxtpx:cad>
     </gpxtpx:TrackPointExtension>
    </extensions>
   </trkpt>
   <trkpt lat="55.7198440" lon="37.5518780">
    <ele>124.2</ele>
    <time>2026-05-29T05:10:45Z</time>
    <extensions>
     <power>533</power>
     <gpxtpx:TrackPointExtension>
      <gpxtpx:hr>172</gpxtpx:hr>
      <gpxtpx:cad>91</gpxtpx:cad>
     </gpxtpx:TrackPointExtension>
    </extensions>
   </trkpt>
   <trkpt lat="55.7198790" lon="37.5518150">
    <ele>124.2</ele>
    <time>2026-05-29T05:10:46Z</time>
    <extensions>
     <power>522</power>
     <gpxtpx:TrackPointExtension>
      <gpxtpx:hr>171</gpxtpx:hr>
      <gpxtpx:cad>91</gpxtpx:cad>
     </gpxtpx:TrackPointExtension>
    </extensions>
   </trkpt>
   <trkpt lat="55.7199020" lon="37.5517730">
    <ele>124.2</ele>
    <time>2026-05-29T05:10:47Z</time>
    <extensions>
     <power>515</power>
     <gpxtpx:TrackPointExtension>
      <gpxtpx:hr>174</gpxtpx:hr>
      <gpxtpx:cad>91</gpxtpx:cad>
     </gpxtpx:TrackPointExtension>
    </extensions>
   </trkpt>
   <trkpt lat="55.7199350" lon="37.5517150">
    <ele>124.2</ele>
    <time>2026-05-29T05:10:48Z</time>
    <extensions>
     <power>512</power>
     <gpxtpx:TrackPointExtension>
      <gpxtpx:hr>175</gpxtpx:hr>
      <gpxtpx:cad>91</gpxtpx:cad>
     </gpxtpx:TrackPointExtension>
    </extensions>
   </trkpt>
   <trkpt lat="55.7199570" lon="37.5516750">
    <ele>124.2</ele>
    <time>2026-05-29T05:10:49Z</time>
    <extensions>
     <power>500</power>
     <gpxtpx:TrackPointExtension>
      <gpxtpx:hr>174</gpxtpx:hr>
      <gpxtpx:cad>91</gpxtpx:cad>
     </gpxtpx:TrackPointExtension>
    </extensions>
   </trkpt>
   <trkpt lat="55.7199890" lon="37.5516170">
    <ele>124.2</ele>
    <time>2026-05-29T05:10:50Z</time>
    <extensions>
     <power>496</power>
     <gpxtpx:TrackPointExtension>
      <gpxtpx:hr>174</gpxtpx:hr>
      <gpxtpx:cad>91</gpxtpx:cad>
     </gpxtpx:TrackPointExtension>
    </extensions>
   </trkpt>
   <trkpt lat="55.7200140" lon="37.5515720">
    <ele>124.2</ele>
    <time>2026-05-29T05:10:51Z</time>
    <extensions>
     <power>482</power>
     <gpxtpx:TrackPointExtension>
      <gpxtpx:hr>175</gpxtpx:hr>
      <gpxtpx:cad>91</gpxtpx:cad>
     </gpxtpx:TrackPointExtension>
    </extensions>
   </trkpt>
   <trkpt lat="55.7200380" lon="37.5515300">
    <ele>124.2</ele>
    <time>2026-05-29T05:10:52Z</time>
    <extensions>
     <power>475</power>
     <gpxtpx:TrackPointExtension>
      <gpxtpx:hr>175</gpxtpx:hr>
      <gpxtpx:cad>89</gpxtpx:cad>
     </gpxtpx:TrackPointExtension>
    </extensions>
   </trkpt>
   <trkpt lat="55.7200590" lon="37.5514860">
    <ele>124.2</ele>
    <time>2026-05-29T05:10:53Z</time>
    <extensions>
     <power>469</power>
     <gpxtpx:TrackPointExtension>
      <gpxtpx:hr>175</gpxtpx:hr>
      <gpxtpx:cad>89</gpxtpx:cad>
     </gpxtpx:TrackPointExtension>
    </extensions>
   </trkpt>
   <trkpt lat="55.7200840" lon="37.5514240">
    <ele>124.2</ele>
    <time>2026-05-29T05:10:54Z</time>
    <extensions>
     <power>478</power>
     <gpxtpx:TrackPointExtension>
      <gpxtpx:hr>174</gpxtpx:hr>
      <gpxtpx:cad>88</gpxtpx:cad>
     </gpxtpx:TrackPointExtension>
    </extensions>
   </trkpt>
   <trkpt lat="55.7200980" lon="37.5513750">
    <ele>124.2</ele>
    <time>2026-05-29T05:10:55Z</time>
    <extensions>
     <power>481</power>
     <gpxtpx:TrackPointExtension>
      <gpxtpx:hr>174</gpxtpx:hr>
      <gpxtpx:cad>88</gpxtpx:cad>
     </gpxtpx:TrackPointExtension>
    </extensions>
   </trkpt>
   <trkpt lat="55.7201130" lon="37.5513110">
    <ele>124.2</ele>
    <time>2026-05-29T05:10:56Z</time>
    <extensions>
     <power>481</power>
     <gpxtpx:TrackPointExtension>
      <gpxtpx:hr>175</gpxtpx:hr>
      <gpxtpx:cad>88</gpxtpx:cad>
     </gpxtpx:TrackPointExtension>
    </extensions>
   </trkpt>
   <trkpt lat="55.7201160" lon="37.5512940">
    <ele>124.2</ele>
    <time>2026-05-29T05:10:57Z</time>
    <extensions>
     <power>471</power>
     <gpxtpx:TrackPointExtension>
      <gpxtpx:hr>175</gpxtpx:hr>
      <gpxtpx:cad>88</gpxtpx:cad>
     </gpxtpx:TrackPointExtension>
    </extensions>
   </trkpt>
   <trkpt lat="55.7201230" lon="37.5512530">
    <ele>124.2</ele>
    <time>2026-05-29T05:10:58Z</time>
    <extensions>
     <power>468</power>
     <gpxtpx:TrackPointExtension>
      <gpxtpx:hr>175</gpxtpx:hr>
      <gpxtpx:cad>88</gpxtpx:cad>
     </gpxtpx:TrackPointExtension>
    </extensions>
   </trkpt>
   <trkpt lat="55.7201280" lon="37.5511910">
    <ele>124.2</ele>
    <time>2026-05-29T05:10:59Z</time>
    <extensions>
     <power>468</power>
     <gpxtpx:TrackPointExtension>
      <gpxtpx:hr>175</gpxtpx:hr>
      <gpxtpx:cad>88</gpxtpx:cad>
     </gpxtpx:TrackPointExtension>
    </extensions>
   </trkpt>
   <trkpt lat="55.7201300" lon="37.5511630">
    <ele>124.2</ele>
    <time>2026-05-29T05:11:00Z</time>
    <extensions>
     <power>452</power>
     <gpxtpx:TrackPointExtension>
      <gpxtpx:hr>175</gpxtpx:hr>
      <gpxtpx:cad>83</gpxtpx:cad>
     </gpxtpx:TrackPointExtension>
    </extensions>
   </trkpt>
   <trkpt lat="55.7201300" lon="37.5510980">
    <ele>124.2</ele>
    <time>2026-05-29T05:11:01Z</time>
    <extensions>
     <power>448</power>
     <gpxtpx:TrackPointExtension>
      <gpxtpx:hr>173</gpxtpx:hr>
      <gpxtpx:cad>83</gpxtpx:cad>
     </gpxtpx:TrackPointExtension>
    </extensions>
   </trkpt>
   <trkpt lat="55.7201290" lon="37.5510750">
    <ele>124.2</ele>
    <time>2026-05-29T05:11:02Z</time>
    <extensions>
     <power>403</power>
     <gpxtpx:TrackPointExtension>
      <gpxtpx:hr>174</gpxtpx:hr>
      <gpxtpx:cad>83</gpxtpx:cad>
     </gpxtpx:TrackPointExtension>
    </extensions>
   </trkpt>
   <trkpt lat="55.7201230" lon="37.5510100">
    <ele>124.2</ele>
    <time>2026-05-29T05:11:03Z</time>
    <extensions>
     <power>388</power>
     <gpxtpx:TrackPointExtension>
      <gpxtpx:hr>174</gpxtpx:hr>
      <gpxtpx:cad>83</gpxtpx:cad>
     </gpxtpx:TrackPointExtension>
    </extensions>
   </trkpt>
   <trkpt lat="55.7201160" lon="37.5509650">
    <ele>124.2</ele>
    <time>2026-05-29T05:11:04Z</time>
    <extensions>
     <power>378</power>
     <gpxtpx:TrackPointExtension>
      <gpxtpx:hr>173</gpxtpx:hr>
      <gpxtpx:cad>83</gpxtpx:cad>
     </gpxtpx:TrackPointExtension>
    </extensions>
   </trkpt>
   <trkpt lat="55.7201080" lon="37.5509220">
    <ele>124.2</ele>
    <time>2026-05-29T05:11:05Z</time>
    <extensions>
     <power>380</power>
     <gpxtpx:TrackPointExtension>
      <gpxtpx:hr>174</gpxtpx:hr>
      <gpxtpx:cad>83</gpxtpx:cad>
     </gpxtpx:TrackPointExtension>
    </extensions>
   </trkpt>
   <trkpt lat="55.7200920" lon="37.5508580">
    <ele>124.2</ele>
    <time>2026-05-29T05:11:06Z</time>
    <extensions>
     <power>380</power>
     <gpxtpx:TrackPointExtension>
      <gpxtpx:hr>174</gpxtpx:hr>
      <gpxtpx:cad>83</gpxtpx:cad>
     </gpxtpx:TrackPointExtension>
    </extensions>
   </trkpt>
   <trkpt lat="55.7200820" lon="37.5508310">
    <ele>124.2</ele>
    <time>2026-05-29T05:11:07Z</time>
    <extensions>
     <power>381</power>
     <gpxtpx:TrackPointExtension>
      <gpxtpx:hr>174</gpxtpx:hr>
      <gpxtpx:cad>83</gpxtpx:cad>
     </gpxtpx:TrackPointExtension>
    </extensions>
   </trkpt>
   <trkpt lat="55.7200540" lon="37.5507620">
    <ele>124.2</ele>
    <time>2026-05-29T05:11:08Z</time>
    <extensions>
     <power>392</power>
     <gpxtpx:TrackPointExtension>
      <gpxtpx:hr>173</gpxtpx:hr>
      <gpxtpx:cad>86</gpxtpx:cad>
     </gpxtpx:TrackPointExtension>
    </extensions>
   </trkpt>
   <trkpt lat="55.7200440" lon="37.5507400">
    <ele>124.2</ele>
    <time>2026-05-29T05:11:09Z</time>
    <extensions>
     <power>388</power>
     <gpxtpx:TrackPointExtension>
      <gpxtpx:hr>175</gpxtpx:hr>
      <gpxtpx:cad>86</gpxtpx:cad>
     </gpxtpx:TrackPointExtension>
    </extensions>
   </trkpt>
   <trkpt lat="55.7200140" lon="37.5506910">
    <ele>124.2</ele>
    <time>2026-05-29T05:11:10Z</time>
    <extensions>
     <power>425</power>
     <gpxtpx:TrackPointExtension>
      <gpxtpx:hr>173</gpxtpx:hr>
      <gpxtpx:cad>86</gpxtpx:cad>
     </gpxtpx:TrackPointExtension>
    </extensions>
   </trkpt>
   <trkpt lat="55.7200000" lon="37.5506700">
    <ele>124.2</ele>
    <time>2026-05-29T05:11:11Z</time>
    <extensions>
     <power>385</power>
     <gpxtpx:TrackPointExtension>
      <gpxtpx:hr>173</gpxtpx:hr>
      <gpxtpx:cad>86</gpxtpx:cad>
     </gpxtpx:TrackPointExtension>
    </extensions>
   </trkpt>
   <trkpt lat="55.7199730" lon="37.5506400">
    <ele>124.2</ele>
    <time>2026-05-29T05:11:12Z</time>
    <extensions>
     <power>397</power>
     <gpxtpx:TrackPointExtension>
      <gpxtpx:hr>174</gpxtpx:hr>
      <gpxtpx:cad>86</gpxtpx:cad>
     </gpxtpx:TrackPointExtension>
    </extensions>
   </trkpt>
   <trkpt lat="55.7199440" lon="37.5506130">
    <ele>124.2</ele>
    <time>2026-05-29T05:11:13Z</time>
    <extensions>
     <power>384</power>
     <gpxtpx:TrackPointExtension>
      <gpxtpx:hr>173</gpxtpx:hr>
      <gpxtpx:cad>86</gpxtpx:cad>
     </gpxtpx:TrackPointExtension>
    </extensions>
   </trkpt>
   <trkpt lat="55.7199250" lon="37.5505980">
    <ele>124.2</ele>
    <time>2026-05-29T05:11:14Z</time>
    <extensions>
     <power>388</power>
     <gpxtpx:TrackPointExtension>
      <gpxtpx:hr>173</gpxtpx:hr>
      <gpxtpx:cad>86</gpxtpx:cad>
     </gpxtpx:TrackPointExtension>
    </extensions>
   </trkpt>
   <trkpt lat="55.7198790" lon="37.5505730">
    <ele>124.2</ele>
    <time>2026-05-29T05:11:15Z</time>
    <extensions>
     <power>389</power>
     <gpxtpx:TrackPointExtension>
      <gpxtpx:hr>173</gpxtpx:hr>
      <gpxtpx:cad>86</gpxtpx:cad>
     </gpxtpx:TrackPointExtension>
    </extensions>
   </trkpt>
   <trkpt lat="55.7198460" lon="37.5505650">
    <ele>124.2</ele>
    <time>2026-05-29T05:11:16Z</time>
    <extensions>
     <power>389</power>
     <gpxtpx:TrackPointExtension>
      <gpxtpx:hr>173</gpxtpx:hr>
      <gpxtpx:cad>86</gpxtpx:cad>
     </gpxtpx:TrackPointExtension>
    </extensions>
   </trkpt>
   <trkpt lat="55.7198220" lon="37.5505600">
    <ele>124.2</ele>
    <time>2026-05-29T05:11:17Z</time>
    <extensions>
     <power>428</power>
     <gpxtpx:TrackPointExtension>
      <gpxtpx:hr>174</gpxtpx:hr>
      <gpxtpx:cad>86</gpxtpx:cad>
     </gpxtpx:TrackPointExtension>
    </extensions>
   </trkpt>
   <trkpt lat="55.7198050" lon="37.5505610">
    <ele>124.2</ele>
    <time>2026-05-29T05:11:18Z</time>
    <extensions>
     <power>403</power>
     <gpxtpx:TrackPointExtension>
      <gpxtpx:hr>173</gpxtpx:hr>
      <gpxtpx:cad>86</gpxtpx:cad>
     </gpxtpx:TrackPointExtension>
    </extensions>
   </trkpt>
   <trkpt lat="55.7197680" lon="37.5505650">
    <ele>124.2</ele>
    <time>2026-05-29T05:11:19Z</time>
    <extensions>
     <power>410</power>
     <gpxtpx:TrackPointExtension>
      <gpxtpx:hr>173</gpxtpx:hr>
      <gpxtpx:cad>87</gpxtpx:cad>
     </gpxtpx:TrackPointExtension>
    </extensions>
   </trkpt>
   <trkpt lat="55.7197440" lon="37.5505720">
    <ele>124.2</ele>
    <time>2026-05-29T05:11:20Z</time>
    <extensions>
     <power>403</power>
     <gpxtpx:TrackPointExtension>
      <gpxtpx:hr>174</gpxtpx:hr>
      <gpxtpx:cad>87</gpxtpx:cad>
     </gpxtpx:TrackPointExtension>
    </extensions>
   </trkpt>
   <trkpt lat="55.7197090" lon="37.5505890">
    <ele>124.2</ele>
    <time>2026-05-29T05:11:21Z</time>
    <extensions>
     <power>396</power>
     <gpxtpx:TrackPointExtension>
      <gpxtpx:hr>174</gpxtpx:hr>
      <gpxtpx:cad>88</gpxtpx:cad>
     </gpxtpx:TrackPointExtension>
    </extensions>
   </trkpt>
   <trkpt lat="55.7196730" lon="37.5506140">
    <ele>124.2</ele>
    <time>2026-05-29T05:11:22Z</time>
    <extensions>
     <power>397</power>
     <gpxtpx:TrackPointExtension>
      <gpxtpx:hr>172</gpxtpx:hr>
      <gpxtpx:cad>90</gpxtpx:cad>
     </gpxtpx:TrackPointExtension>
    </extensions>
   </trkpt>
   <trkpt lat="55.7196350" lon="37.5506520">
    <ele>124.2</ele>
    <time>2026-05-29T05:11:23Z</time>
    <extensions>
     <power>402</power>
     <gpxtpx:TrackPointExtension>
      <gpxtpx:hr>174</gpxtpx:hr>
      <gpxtpx:cad>91</gpxtpx:cad>
     </gpxtpx:TrackPointExtension>
    </extensions>
   </trkpt>
   <trkpt lat="55.7196150" lon="37.5506750">
    <ele>124.2</ele>
    <time>2026-05-29T05:11:24Z</time>
    <extensions>
     <power>440</power>
     <gpxtpx:TrackPointExtension>
      <gpxtpx:hr>174</gpxtpx:hr>
      <gpxtpx:cad>91</gpxtpx:cad>
     </gpxtpx:TrackPointExtension>
    </extensions>
   </trkpt>
   <trkpt lat="55.7195690" lon="37.5507490">
    <ele>124.2</ele>
    <time>2026-05-29T05:11:25Z</time>
    <extensions>
     <power>456</power>
     <gpxtpx:TrackPointExtension>
      <gpxtpx:hr>174</gpxtpx:hr>
      <gpxtpx:cad>91</gpxtpx:cad>
     </gpxtpx:TrackPointExtension>
    </extensions>
   </trkpt>
   <trkpt lat="55.7195470" lon="37.5507900">
    <ele>124.2</ele>
    <time>2026-05-29T05:11:26Z</time>
    <extensions>
     <power>459</power>
     <gpxtpx:TrackPointExtension>
      <gpxtpx:hr>175</gpxtpx:hr>
      <gpxtpx:cad>91</gpxtpx:cad>
     </gpxtpx:TrackPointExtension>
    </extensions>
   </trkpt>
   <trkpt lat="55.7195100" lon="37.5508560">
    <ele>124.2</ele>
    <time>2026-05-29T05:11:27Z</time>
    <extensions>
     <power>469</power>
     <gpxtpx:TrackPointExtension>
      <gpxtpx:hr>173</gpxtpx:hr>
      <gpxtpx:cad>91</gpxtpx:cad>
     </gpxtpx:TrackPointExtension>
    </extensions>
   </trkpt>
   <trkpt lat="55.7194920" lon="37.5508890">
    <ele>124.2</ele>
    <time>2026-05-29T05:11:28Z</time>
    <extensions>
     <power>467</power>
     <gpxtpx:TrackPointExtension>
      <gpxtpx:hr>173</gpxtpx:hr>
      <gpxtpx:cad>91</gpxtpx:cad>
     </gpxtpx:TrackPointExtension>
    </extensions>
   </trkpt>
   <trkpt lat="55.7194430" lon="37.5509760">
    <ele>124.2</ele>
    <time>2026-05-29T05:11:29Z</time>
    <extensions>
     <power>466</power>
     <gpxtpx:TrackPointExtension>
      <gpxtpx:hr>175</gpxtpx:hr>
      <gpxtpx:cad>91</gpxtpx:cad>
     </gpxtpx:TrackPointExtension>
    </extensions>
   </trkpt>
   <trkpt lat="55.7194160" lon="37.5510250">
    <ele>124.2</ele>
    <time>2026-05-29T05:11:30Z</time>
    <extensions>
     <power>465</power>
     <gpxtpx:TrackPointExtension>
      <gpxtpx:hr>175</gpxtpx:hr>
      <gpxtpx:cad>91</gpxtpx:cad>
     </gpxtpx:TrackPointExtension>
    </extensions>
   </trkpt>
   <trkpt lat="55.7193750" lon="37.5510970">
    <ele>124.2</ele>
    <time>2026-05-29T05:11:31Z</time>
    <extensions>
     <power>444</power>
     <gpxtpx:TrackPointExtension>
      <gpxtpx:hr>175</gpxtpx:hr>
      <gpxtpx:cad>92</gpxtpx:cad>
     </gpxtpx:TrackPointExtension>
    </extensions>
   </trkpt>
   <trkpt lat="55.7193480" lon="37.5511450">
    <ele>124.2</ele>
    <time>2026-05-29T05:11:32Z</time>
    <extensions>
     <power>442</power>
     <gpxtpx:TrackPointExtension>
      <gpxtpx:hr>175</gpxtpx:hr>
      <gpxtpx:cad>92</gpxtpx:cad>
     </gpxtpx:TrackPointExtension>
    </extensions>
   </trkpt>
   <trkpt lat="55.7193150" lon="37.5512060">
    <ele>124.2</ele>
    <time>2026-05-29T05:11:33Z</time>
    <extensions>
     <power>443</power>
     <gpxtpx:TrackPointExtension>
      <gpxtpx:hr>174</gpxtpx:hr>
      <gpxtpx:cad>92</gpxtpx:cad>
     </gpxtpx:TrackPointExtension>
    </extensions>
   </trkpt>
   <trkpt lat="55.7192820" lon="37.5512640">
    <ele>124.2</ele>
    <time>2026-05-29T05:11:34Z</time>
    <extensions>
     <power>454</power>
     <gpxtpx:TrackPointExtension>
      <gpxtpx:hr>175</gpxtpx:hr>
      <gpxtpx:cad>91</gpxtpx:cad>
     </gpxtpx:TrackPointExtension>
    </extensions>
   </trkpt>
   <trkpt lat="55.7192490" lon="37.5513240">
    <ele>124.2</ele>
    <time>2026-05-29T05:11:35Z</time>
    <extensions>
     <power>459</power>
     <gpxtpx:TrackPointExtension>
      <gpxtpx:hr>174</gpxtpx:hr>
      <gpxtpx:cad>91</gpxtpx:cad>
     </gpxtpx:TrackPointExtension>
    </extensions>
   </trkpt>
   <trkpt lat="55.7192180" lon="37.5513790">
    <ele>124.2</ele>
    <time>2026-05-29T05:11:36Z</time>
    <extensions>
     <power>496</power>
     <gpxtpx:TrackPointExtension>
      <gpxtpx:hr>176</gpxtpx:hr>
      <gpxtpx:cad>91</gpxtpx:cad>
     </gpxtpx:TrackPointExtension>
    </extensions>
   </trkpt>
   <trkpt lat="55.7191870" lon="37.5514340">
    <ele>124.2</ele>
    <time>2026-05-29T05:11:37Z</time>
    <extensions>
     <power>514</power>
     <gpxtpx:TrackPointExtension>
      <gpxtpx:hr>175</gpxtpx:hr>
      <gpxtpx:cad>91</gpxtpx:cad>
     </gpxtpx:TrackPointExtension>
    </extensions>
   </trkpt>
   <trkpt lat="55.7191580" lon="37.5514860">
    <ele>124.2</ele>
    <time>2026-05-29T05:11:38Z</time>
    <extensions>
     <power>522</power>
     <gpxtpx:TrackPointExtension>
      <gpxtpx:hr>175</gpxtpx:hr>
      <gpxtpx:cad>91</gpxtpx:cad>
     </gpxtpx:TrackPointExtension>
    </extensions>
   </trkpt>
   <trkpt lat="55.7191320" lon="37.5515320">
    <ele>124.2</ele>
    <time>2026-05-29T05:11:39Z</time>
    <extensions>
     <power>509</power>
     <gpxtpx:TrackPointExtension>
      <gpxtpx:hr>175</gpxtpx:hr>
      <gpxtpx:cad>91</gpxtpx:cad>
     </gpxtpx:TrackPointExtension>
    </extensions>
   </trkpt>
   <trkpt lat="55.7190970" lon="37.5515950">
    <ele>124.2</ele>
    <time>2026-05-29T05:11:40Z</time>
    <extensions>
     <power>499</power>
     <gpxtpx:TrackPointExtension>
      <gpxtpx:hr>175</gpxtpx:hr>
      <gpxtpx:cad>91</gpxtpx:cad>
     </gpxtpx:TrackPointExtension>
    </extensions>
   </trkpt>
   <trkpt lat="55.7190720" lon="37.5516410">
    <ele>124.2</ele>
    <time>2026-05-29T05:11:41Z</time>
    <extensions>
     <power>487</power>
     <gpxtpx:TrackPointExtension>
      <gpxtpx:hr>176</gpxtpx:hr>
      <gpxtpx:cad>91</gpxtpx:cad>
     </gpxtpx:TrackPointExtension>
    </extensions>
   </trkpt>
   <trkpt lat="55.7190280" lon="37.5517190">
    <ele>124.2</ele>
    <time>2026-05-29T05:11:42Z</time>
    <extensions>
     <power>510</power>
     <gpxtpx:TrackPointExtension>
      <gpxtpx:hr>175</gpxtpx:hr>
      <gpxtpx:cad>91</gpxtpx:cad>
     </gpxtpx:TrackPointExtension>
    </extensions>
   </trkpt>
   <trkpt lat="55.7190080" lon="37.5517600">
    <ele>124.2</ele>
    <time>2026-05-29T05:11:43Z</time>
    <extensions>
     <power>515</power>
     <gpxtpx:TrackPointExtension>
      <gpxtpx:hr>174</gpxtpx:hr>
      <gpxtpx:cad>91</gpxtpx:cad>
     </gpxtpx:TrackPointExtension>
    </extensions>
   </trkpt>
   <trkpt lat="55.7189830" lon="37.5518210">
    <ele>124.2</ele>
    <time>2026-05-29T05:11:44Z</time>
    <extensions>
     <power>536</power>
     <gpxtpx:TrackPointExtension>
      <gpxtpx:hr>176</gpxtpx:hr>
      <gpxtpx:cad>90</gpxtpx:cad>
     </gpxtpx:TrackPointExtension>
    </extensions>
   </trkpt>
   <trkpt lat="55.7189690" lon="37.5518660">
    <ele>124.2</ele>
    <time>2026-05-29T05:11:45Z</time>
    <extensions>
     <power>521</power>
     <gpxtpx:TrackPointExtension>
      <gpxtpx:hr>175</gpxtpx:hr>
      <gpxtpx:cad>86</gpxtpx:cad>
     </gpxtpx:TrackPointExtension>
    </extensions>
   </trkpt>
   <trkpt lat="55.7189560" lon="37.5519160">
    <ele>124.2</ele>
    <time>2026-05-29T05:11:46Z</time>
    <extensions>
     <power>510</power>
     <gpxtpx:TrackPointExtension>
      <gpxtpx:hr>175</gpxtpx:hr>
      <gpxtpx:cad>86</gpxtpx:cad>
     </gpxtpx:TrackPointExtension>
    </extensions>
   </trkpt>
   <trkpt lat="55.7189460" lon="37.5519710">
    <ele>124.2</ele>
    <time>2026-05-29T05:11:47Z</time>
    <extensions>
     <power>508</power>
     <gpxtpx:TrackPointExtension>
      <gpxtpx:hr>176</gpxtpx:hr>
      <gpxtpx:cad>85</gpxtpx:cad>
     </gpxtpx:TrackPointExtension>
    </extensions>
   </trkpt>
   <trkpt lat="55.7189440" lon="37.5519850">
    <ele>124.2</ele>
    <time>2026-05-29T05:11:48Z</time>
    <extensions>
     <power>502</power>
     <gpxtpx:TrackPointExtension>
      <gpxtpx:hr>176</gpxtpx:hr>
      <gpxtpx:cad>83</gpxtpx:cad>
     </gpxtpx:TrackPointExtension>
    </extensions>
   </trkpt>
   <trkpt lat="55.7189370" lon="37.5520460">
    <ele>124.2</ele>
    <time>2026-05-29T05:11:49Z</time>
    <extensions>
     <power>495</power>
     <gpxtpx:TrackPointExtension>
      <gpxtpx:hr>175</gpxtpx:hr>
      <gpxtpx:cad>82</gpxtpx:cad>
     </gpxtpx:TrackPointExtension>
    </extensions>
   </trkpt>
   <trkpt lat="55.7189350" lon="37.5520780">
    <ele>124.2</ele>
    <time>2026-05-29T05:11:50Z</time>
    <extensions>
     <power>477</power>
     <gpxtpx:TrackPointExtension>
      <gpxtpx:hr>176</gpxtpx:hr>
      <gpxtpx:cad>83</gpxtpx:cad>
     </gpxtpx:TrackPointExtension>
    </extensions>
   </trkpt>
   <trkpt lat="55.7189350" lon="37.5521120">
    <ele>124.2</ele>
    <time>2026-05-29T05:11:51Z</time>
    <extensions>
     <power>474</power>
     <gpxtpx:TrackPointExtension>
      <gpxtpx:hr>176</gpxtpx:hr>
      <gpxtpx:cad>83</gpxtpx:cad>
     </gpxtpx:TrackPointExtension>
    </extensions>
   </trkpt>
   <trkpt lat="55.7189360" lon="37.5521790">
    <ele>124.2</ele>
    <time>2026-05-29T05:11:52Z</time>
    <extensions>
     <power>455</power>
     <gpxtpx:TrackPointExtension>
      <gpxtpx:hr>176</gpxtpx:hr>
      <gpxtpx:cad>83</gpxtpx:cad>
     </gpxtpx:TrackPointExtension>
    </extensions>
   </trkpt>
   <trkpt lat="55.7189380" lon="37.5522000">
    <ele>124.2</ele>
    <time>2026-05-29T05:11:53Z</time>
    <extensions>
     <power>335</power>
     <gpxtpx:TrackPointExtension>
      <gpxtpx:hr>175</gpxtpx:hr>
      <gpxtpx:cad>85</gpxtpx:cad>
     </gpxtpx:TrackPointExtension>
    </extensions>
   </trkpt>
   <trkpt lat="55.7189450" lon="37.5522670">
    <ele>124.2</ele>
    <time>2026-05-29T05:11:54Z</time>
    <extensions>
     <power>336</power>
     <gpxtpx:TrackPointExtension>
      <gpxtpx:hr>175</gpxtpx:hr>
      <gpxtpx:cad>86</gpxtpx:cad>
     </gpxtpx:TrackPointExtension>
    </extensions>
   </trkpt>
   <trkpt lat="55.7189490" lon="37.5522890">
    <ele>124.2</ele>
    <time>2026-05-29T05:11:55Z</time>
    <extensions>
     <power>315</power>
     <gpxtpx:TrackPointExtension>
      <gpxtpx:hr>174</gpxtpx:hr>
      <gpxtpx:cad>86</gpxtpx:cad>
     </gpxtpx:TrackPointExtension>
    </extensions>
   </trkpt>
   <trkpt lat="55.7189580" lon="37.5523390">
    <ele>124.2</ele>
    <time>2026-05-29T05:11:56Z</time>
    <extensions>
     <power>326</power>
     <gpxtpx:TrackPointExtension>
      <gpxtpx:hr>174</gpxtpx:hr>
      <gpxtpx:cad>87</gpxtpx:cad>
     </gpxtpx:TrackPointExtension>
    </extensions>
   </trkpt>
   <trkpt lat="55.7189660" lon="37.5523670">
    <ele>124.2</ele>
    <time>2026-05-29T05:11:57Z</time>
    <extensions>
     <power>321</power>
     <gpxtpx:TrackPointExtension>
      <gpxtpx:hr>174</gpxtpx:hr>
      <gpxtpx:cad>87</gpxtpx:cad>
     </gpxtpx:TrackPointExtension>
    </extensions>
   </trkpt>
   <trkpt lat="55.7189780" lon="37.5524090">
    <ele>124.2</ele>
    <time>2026-05-29T05:11:58Z</time>
    <extensions>
     <power>323</power>
     <gpxtpx:TrackPointExtension>
      <gpxtpx:hr>175</gpxtpx:hr>
      <gpxtpx:cad>87</gpxtpx:cad>
     </gpxtpx:TrackPointExtension>
    </extensions>
   </trkpt>
   <trkpt lat="55.7189990" lon="37.5524660">
    <ele>124.2</ele>
    <time>2026-05-29T05:11:59Z</time>
    <extensions>
     <power>327</power>
     <gpxtpx:TrackPointExtension>
      <gpxtpx:hr>173</gpxtpx:hr>
      <gpxtpx:cad>87</gpxtpx:cad>
     </gpxtpx:TrackPointExtension>
    </extensions>
   </trkpt>
   <trkpt lat="55.7190140" lon="37.5524970">
    <ele>124.2</ele>
    <time>2026-05-29T05:12:00Z</time>
    <extensions>
     <power>377</power>
     <gpxtpx:TrackPointExtension>
      <gpxtpx:hr>174</gpxtpx:hr>
      <gpxtpx:cad>87</gpxtpx:cad>
     </gpxtpx:TrackPointExtension>
    </extensions>
   </trkpt>
   <trkpt lat="55.7190380" lon="37.5525420">
    <ele>124.2</ele>
    <time>2026-05-29T05:12:01Z</time>
    <extensions>
     <power>381</power>
     <gpxtpx:TrackPointExtension>
      <gpxtpx:hr>174</gpxtpx:hr>
      <gpxtpx:cad>87</gpxtpx:cad>
     </gpxtpx:TrackPointExtension>
    </extensions>
   </trkpt>
   <trkpt lat="55.7190520" lon="37.5525630">
    <ele>124.2</ele>
    <time>2026-05-29T05:12:02Z</time>
    <extensions>
     <power>377</power>
     <gpxtpx:TrackPointExtension>
      <gpxtpx:hr>174</gpxtpx:hr>
      <gpxtpx:cad>88</gpxtpx:cad>
     </gpxtpx:TrackPointExtension>
    </extensions>
   </trkpt>
   <trkpt lat="55.7190800" lon="37.5525990">
    <ele>124.2</ele>
    <time>2026-05-29T05:12:03Z</time>
    <extensions>
     <power>366</power>
     <gpxtpx:TrackPointExtension>
      <gpxtpx:hr>174</gpxtpx:hr>
      <gpxtpx:cad>88</gpxtpx:cad>
     </gpxtpx:TrackPointExtension>
    </extensions>
   </trkpt>
   <trkpt lat="55.7190930" lon="37.5526130">
    <ele>124.2</ele>
    <time>2026-05-29T05:12:04Z</time>
    <extensions>
     <power>343</power>
     <gpxtpx:TrackPointExtension>
      <gpxtpx:hr>173</gpxtpx:hr>
      <gpxtpx:cad>88</gpxtpx:cad>
     </gpxtpx:TrackPointExtension>
    </extensions>
   </trkpt>
   <trkpt lat="55.7191250" lon="37.5526420">
    <ele>124.2</ele>
    <time>2026-05-29T05:12:05Z</time>
    <extensions>
     <power>342</power>
     <gpxtpx:TrackPointExtension>
      <gpxtpx:hr>172</gpxtpx:hr>
      <gpxtpx:cad>88</gpxtpx:cad>
     </gpxtpx:TrackPointExtension>
    </extensions>
   </trkpt>
   <trkpt lat="55.7191350" lon="37.5526500">
    <ele>124.2</ele>
    <time>2026-05-29T05:12:06Z</time>
    <extensions>
     <power>341</power>
     <gpxtpx:TrackPointExtension>
      <gpxtpx:hr>172</gpxtpx:hr>
      <gpxtpx:cad>88</gpxtpx:cad>
     </gpxtpx:TrackPointExtension>
    </extensions>
   </trkpt>
   <trkpt lat="55.7191710" lon="37.5526710">
    <ele>124.2</ele>
    <time>2026-05-29T05:12:07Z</time>
    <extensions>
     <power>333</power>
     <gpxtpx:TrackPointExtension>
      <gpxtpx:hr>172</gpxtpx:hr>
      <gpxtpx:cad>88</gpxtpx:cad>
     </gpxtpx:TrackPointExtension>
    </extensions>
   </trkpt>
   <trkpt lat="55.7191920" lon="37.5526810">
    <ele>124.2</ele>
    <time>2026-05-29T05:12:08Z</time>
    <extensions>
     <power>329</power>
     <gpxtpx:TrackPointExtension>
      <gpxtpx:hr>172</gpxtpx:hr>
      <gpxtpx:cad>88</gpxtpx:cad>
     </gpxtpx:TrackPointExtension>
    </extensions>
   </trkpt>
   <trkpt lat="55.7192310" lon="37.5526910">
    <ele>124.2</ele>
    <time>2026-05-29T05:12:09Z</time>
    <extensions>
     <power>331</power>
     <gpxtpx:TrackPointExtension>
      <gpxtpx:hr>172</gpxtpx:hr>
      <gpxtpx:cad>88</gpxtpx:cad>
     </gpxtpx:TrackPointExtension>
    </extensions>
   </trkpt>
   <trkpt lat="55.7192570" lon="37.5526910">
    <ele>124.2</ele>
    <time>2026-05-29T05:12:10Z</time>
    <extensions>
     <power>340</power>
     <gpxtpx:TrackPointExtension>
      <gpxtpx:hr>171</gpxtpx:hr>
      <gpxtpx:cad>88</gpxtpx:cad>
     </gpxtpx:TrackPointExtension>
    </extensions>
   </trkpt>
   <trkpt lat="55.7192990" lon="37.5526850">
    <ele>124.2</ele>
    <time>2026-05-29T05:12:11Z</time>
    <extensions>
     <power>347</power>
     <gpxtpx:TrackPointExtension>
      <gpxtpx:hr>171</gpxtpx:hr>
      <gpxtpx:cad>88</gpxtpx:cad>
     </gpxtpx:TrackPointExtension>
    </extensions>
   </trkpt>
   <trkpt lat="55.7193370" lon="37.5526720">
    <ele>124.2</ele>
    <time>2026-05-29T05:12:12Z</time>
    <extensions>
     <power>362</power>
     <gpxtpx:TrackPointExtension>
      <gpxtpx:hr>171</gpxtpx:hr>
      <gpxtpx:cad>88</gpxtpx:cad>
     </gpxtpx:TrackPointExtension>
    </extensions>
   </trkpt>
   <trkpt lat="55.7193780" lon="37.5526480">
    <ele>124.2</ele>
    <time>2026-05-29T05:12:13Z</time>
    <extensions>
     <power>395</power>
     <gpxtpx:TrackPointExtension>
      <gpxtpx:hr>171</gpxtpx:hr>
      <gpxtpx:cad>93</gpxtpx:cad>
     </gpxtpx:TrackPointExtension>
    </extensions>
   </trkpt>
   <trkpt lat="55.7194180" lon="37.5526120">
    <ele>124.2</ele>
    <time>2026-05-29T05:12:14Z</time>
    <extensions>
     <power>457</power>
     <gpxtpx:TrackPointExtension>
      <gpxtpx:hr>173</gpxtpx:hr>
      <gpxtpx:cad>96</gpxtpx:cad>
     </gpxtpx:TrackPointExtension>
    </extensions>
   </trkpt>
   <trkpt lat="55.7194660" lon="37.5525490">
    <ele>124.2</ele>
    <time>2026-05-29T05:12:15Z</time>
    <extensions>
     <power>493</power>
     <gpxtpx:TrackPointExtension>
      <gpxtpx:hr>173</gpxtpx:hr>
      <gpxtpx:cad>95</gpxtpx:cad>
     </gpxtpx:TrackPointExtension>
    </extensions>
   </trkpt>
   <trkpt lat="55.7194840" lon="37.5525210">
    <ele>124.2</ele>
    <time>2026-05-29T05:12:16Z</time>
    <extensions>
     <power>493</power>
     <gpxtpx:TrackPointExtension>
      <gpxtpx:hr>171</gpxtpx:hr>
      <gpxtpx:cad>94</gpxtpx:cad>
     </gpxtpx:TrackPointExtension>
    </extensions>
   </trkpt>
   <trkpt lat="55.7195280" lon="37.5524430">
    <ele>124.2</ele>
    <time>2026-05-29T05:12:17Z</time>
    <extensions>
     <power>587</power>
     <gpxtpx:TrackPointExtension>
      <gpxtpx:hr>171</gpxtpx:hr>
      <gpxtpx:cad>94</gpxtpx:cad>
     </gpxtpx:TrackPointExtension>
    </extensions>
   </trkpt>
   <trkpt lat="55.7195590" lon="37.5523870">
    <ele>124.2</ele>
    <time>2026-05-29T05:12:18Z</time>
    <extensions>
     <power>602</power>
     <gpxtpx:TrackPointExtension>
      <gpxtpx:hr>172</gpxtpx:hr>
      <gpxtpx:cad>93</gpxtpx:cad>
     </gpxtpx:TrackPointExtension>
    </extensions>
   </trkpt>
   <trkpt lat="55.7195870" lon="37.5523370">
    <ele>124.2</ele>
    <time>2026-05-29T05:12:19Z</time>
    <extensions>
     <power>595</power>
     <gpxtpx:TrackPointExtension>
      <gpxtpx:hr>173</gpxtpx:hr>
      <gpxtpx:cad>93</gpxtpx:cad>
     </gpxtpx:TrackPointExtension>
    </extensions>
   </trkpt>
   <trkpt lat="55.7196290" lon="37.5522620">
    <ele>124.2</ele>
    <time>2026-05-29T05:12:20Z</time>
    <extensions>
     <power>599</power>
     <gpxtpx:TrackPointExtension>
      <gpxtpx:hr>172</gpxtpx:hr>
      <gpxtpx:cad>93</gpxtpx:cad>
     </gpxtpx:TrackPointExtension>
    </extensions>
   </trkpt>
   <trkpt lat="55.7196500" lon="37.5522250">
    <ele>124.2</ele>
    <time>2026-05-29T05:12:21Z</time>
    <extensions>
     <power>488</power>
     <gpxtpx:TrackPointExtension>
      <gpxtpx:hr>173</gpxtpx:hr>
      <gpxtpx:cad>93</gpxtpx:cad>
     </gpxtpx:TrackPointExtension>
    </extensions>
   </trkpt>
   <trkpt lat="55.7196970" lon="37.5521400">
    <ele>124.2</ele>
    <time>2026-05-29T05:12:22Z</time>
    <extensions>
     <power>555</power>
     <gpxtpx:TrackPointExtension>
      <gpxtpx:hr>173</gpxtpx:hr>
      <gpxtpx:cad>94</gpxtpx:cad>
     </gpxtpx:TrackPointExtension>
    </extensions>
   </trkpt>
   <trkpt lat="55.7197180" lon="37.5521020">
    <ele>124.2</ele>
    <time>2026-05-29T05:12:23Z</time>
    <extensions>
     <power>507</power>
     <gpxtpx:TrackPointExtension>
      <gpxtpx:hr>173</gpxtpx:hr>
      <gpxtpx:cad>94</gpxtpx:cad>
     </gpxtpx:TrackPointExtension>
    </extensions>
   </trkpt>
   <trkpt lat="55.7197610" lon="37.5520260">
    <ele>124.2</ele>
    <time>2026-05-29T05:12:24Z</time>
    <extensions>
     <power>603</power>
     <gpxtpx:TrackPointExtension>
      <gpxtpx:hr>172</gpxtpx:hr>
      <gpxtpx:cad>94</gpxtpx:cad>
     </gpxtpx:TrackPointExtension>
    </extensions>
   </trkpt>
   <trkpt lat="55.7197800" lon="37.5519920">
    <ele>124.2</ele>
    <time>2026-05-29T05:12:25Z</time>
    <extensions>
     <power>518</power>
     <gpxtpx:TrackPointExtension>
      <gpxtpx:hr>174</gpxtpx:hr>
      <gpxtpx:cad>92</gpxtpx:cad>
     </gpxtpx:TrackPointExtension>
    </extensions>
   </trkpt>
   <trkpt lat="55.7198210" lon="37.5519190">
    <ele>124.2</ele>
    <time>2026-05-29T05:12:26Z</time>
    <extensions>
     <power>488</power>
     <gpxtpx:TrackPointExtension>
      <gpxtpx:hr>175</gpxtpx:hr>
      <gpxtpx:cad>92</gpxtpx:cad>
     </gpxtpx:TrackPointExtension>
    </extensions>
   </trkpt>
   <trkpt lat="55.7198420" lon="37.5518800">
    <ele>124.2</ele>
    <time>2026-05-29T05:12:27Z</time>
    <extensions>
     <power>495</power>
     <gpxtpx:TrackPointExtension>
      <gpxtpx:hr>175</gpxtpx:hr>
      <gpxtpx:cad>92</gpxtpx:cad>
     </gpxtpx:TrackPointExtension>
    </extensions>
   </trkpt>
   <trkpt lat="55.7198790" lon="37.5518150">
    <ele>124.2</ele>
    <time>2026-05-29T05:12:28Z</time>
    <extensions>
     <power>494</power>
     <gpxtpx:TrackPointExtension>
      <gpxtpx:hr>175</gpxtpx:hr>
      <gpxtpx:cad>92</gpxtpx:cad>
     </gpxtpx:TrackPointExtension>
    </extensions>
   </trkpt>
   <trkpt lat="55.7199070" lon="37.5517640">
    <ele>124.2</ele>
    <time>2026-05-29T05:12:29Z</time>
    <extensions>
     <power>492</power>
     <gpxtpx:TrackPointExtension>
      <gpxtpx:hr>174</gpxtpx:hr>
      <gpxtpx:cad>92</gpxtpx:cad>
     </gpxtpx:TrackPointExtension>
    </extensions>
   </trkpt>
   <trkpt lat="55.7199370" lon="37.5517100">
    <ele>124.2</ele>
    <time>2026-05-29T05:12:30Z</time>
    <extensions>
     <power>510</power>
     <gpxtpx:TrackPointExtension>
      <gpxtpx:hr>174</gpxtpx:hr>
      <gpxtpx:cad>92</gpxtpx:cad>
     </gpxtpx:TrackPointExtension>
    </extensions>
   </trkpt>
   <trkpt lat="55.7199730" lon="37.5516460">
    <ele>124.2</ele>
    <time>2026-05-29T05:12:31Z</time>
    <extensions>
     <power>507</power>
     <gpxtpx:TrackPointExtension>
      <gpxtpx:hr>174</gpxtpx:hr>
      <gpxtpx:cad>92</gpxtpx:cad>
     </gpxtpx:TrackPointExtension>
    </extensions>
   </trkpt>
   <trkpt lat="55.7199950" lon="37.5516080">
    <ele>124.2</ele>
    <time>2026-05-29T05:12:32Z</time>
    <extensions>
     <power>509</power>
     <gpxtpx:TrackPointExtension>
      <gpxtpx:hr>175</gpxtpx:hr>
      <gpxtpx:cad>92</gpxtpx:cad>
     </gpxtpx:TrackPointExtension>
    </extensions>
   </trkpt>
   <trkpt lat="55.7200270" lon="37.5515490">
    <ele>124.2</ele>
    <time>2026-05-29T05:12:33Z</time>
    <extensions>
     <power>509</power>
     <gpxtpx:TrackPointExtension>
      <gpxtpx:hr>177</gpxtpx:hr>
      <gpxtpx:cad>91</gpxtpx:cad>
     </gpxtpx:TrackPointExtension>
    </extensions>
   </trkpt>
   <trkpt lat="55.7200480" lon="37.5515090">
    <ele>124.2</ele>
    <time>2026-05-29T05:12:34Z</time>
    <extensions>
     <power>500</power>
     <gpxtpx:TrackPointExtension>
      <gpxtpx:hr>176</gpxtpx:hr>
      <gpxtpx:cad>90</gpxtpx:cad>
     </gpxtpx:TrackPointExtension>
    </extensions>
   </trkpt>
   <trkpt lat="55.7200720" lon="37.5514570">
    <ele>124.2</ele>
    <time>2026-05-29T05:12:35Z</time>
    <extensions>
     <power>506</power>
     <gpxtpx:TrackPointExtension>
      <gpxtpx:hr>175</gpxtpx:hr>
      <gpxtpx:cad>88</gpxtpx:cad>
     </gpxtpx:TrackPointExtension>
    </extensions>
   </trkpt>
   <trkpt lat="55.7200860" lon="37.5514170">
    <ele>124.2</ele>
    <time>2026-05-29T05:12:36Z</time>
    <extensions>
     <power>501</power>
     <gpxtpx:TrackPointExtension>
      <gpxtpx:hr>175</gpxtpx:hr>
      <gpxtpx:cad>87</gpxtpx:cad>
     </gpxtpx:TrackPointExtension>
    </extensions>
   </trkpt>
   <trkpt lat="55.7200930" lon="37.5513960">
    <ele>124.2</ele>
    <time>2026-05-29T05:12:37Z</time>
    <extensions>
     <power>478</power>
     <gpxtpx:TrackPointExtension>
      <gpxtpx:hr>175</gpxtpx:hr>
      <gpxtpx:cad>87</gpxtpx:cad>
     </gpxtpx:TrackPointExtension>
    </extensions>
   </trkpt>
   <trkpt lat="55.7201090" lon="37.5513330">
    <ele>124.2</ele>
    <time>2026-05-29T05:12:38Z</time>
    <extensions>
     <power>464</power>
     <gpxtpx:TrackPointExtension>
      <gpxtpx:hr>176</gpxtpx:hr>
      <gpxtpx:cad>87</gpxtpx:cad>
     </gpxtpx:TrackPointExtension>
    </extensions>
   </trkpt>
   <trkpt lat="55.7201150" lon="37.5512990">
    <ele>124.2</ele>
    <time>2026-05-29T05:12:39Z</time>
    <extensions>
     <power>447</power>
     <gpxtpx:TrackPointExtension>
      <gpxtpx:hr>175</gpxtpx:hr>
      <gpxtpx:cad>87</gpxtpx:cad>
     </gpxtpx:TrackPointExtension>
    </extensions>
   </trkpt>
   <trkpt lat="55.7201240" lon="37.5512370">
    <ele>124.2</ele>
    <time>2026-05-29T05:12:40Z</time>
    <extensions>
     <power>439</power>
     <gpxtpx:TrackPointExtension>
      <gpxtpx:hr>176</gpxtpx:hr>
      <gpxtpx:cad>87</gpxtpx:cad>
     </gpxtpx:TrackPointExtension>
    </extensions>
   </trkpt>
   <trkpt lat="55.7201270" lon="37.5512070">
    <ele>124.2</ele>
    <time>2026-05-29T05:12:41Z</time>
    <extensions>
     <power>414</power>
     <gpxtpx:TrackPointExtension>
      <gpxtpx:hr>174</gpxtpx:hr>
      <gpxtpx:cad>86</gpxtpx:cad>
     </gpxtpx:TrackPointExtension>
    </extensions>
   </trkpt>
   <trkpt lat="55.7201300" lon="37.5511560">
    <ele>124.2</ele>
    <time>2026-05-29T05:12:42Z</time>
    <extensions>
     <power>405</power>
     <gpxtpx:TrackPointExtension>
      <gpxtpx:hr>173</gpxtpx:hr>
      <gpxtpx:cad>86</gpxtpx:cad>
     </gpxtpx:TrackPointExtension>
    </extensions>
   </trkpt>
   <trkpt lat="55.7201300" lon="37.5511090">
    <ele>124.2</ele>
    <time>2026-05-29T05:12:43Z</time>
    <extensions>
     <power>399</power>
     <gpxtpx:TrackPointExtension>
      <gpxtpx:hr>172</gpxtpx:hr>
      <gpxtpx:cad>85</gpxtpx:cad>
     </gpxtpx:TrackPointExtension>
    </extensions>
   </trkpt>
   <trkpt lat="55.7201290" lon="37.5510810">
    <ele>124.2</ele>
    <time>2026-05-29T05:12:44Z</time>
    <extensions>
     <power>379</power>
     <gpxtpx:TrackPointExtension>
      <gpxtpx:hr>173</gpxtpx:hr>
      <gpxtpx:cad>85</gpxtpx:cad>
     </gpxtpx:TrackPointExtension>
    </extensions>
   </trkpt>
   <trkpt lat="55.7201230" lon="37.5510050">
    <ele>124.2</ele>
    <time>2026-05-29T05:12:45Z</time>
    <extensions>
     <power>378</power>
     <gpxtpx:TrackPointExtension>
      <gpxtpx:hr>173</gpxtpx:hr>
      <gpxtpx:cad>86</gpxtpx:cad>
     </gpxtpx:TrackPointExtension>
    </extensions>
   </trkpt>
   <trkpt lat="55.7201180" lon="37.5509750">
    <ele>124.2</ele>
    <time>2026-05-29T05:12:46Z</time>
    <extensions>
     <power>379</power>
     <gpxtpx:TrackPointExtension>
      <gpxtpx:hr>172</gpxtpx:hr>
      <gpxtpx:cad>86</gpxtpx:cad>
     </gpxtpx:TrackPointExtension>
    </extensions>
   </trkpt>
   <trkpt lat="55.7201060" lon="37.5509130">
    <ele>124.2</ele>
    <time>2026-05-29T05:12:47Z</time>
    <extensions>
     <power>384</power>
     <gpxtpx:TrackPointExtension>
      <gpxtpx:hr>172</gpxtpx:hr>
      <gpxtpx:cad>86</gpxtpx:cad>
     </gpxtpx:TrackPointExtension>
    </extensions>
   </trkpt>
   <trkpt lat="55.7200980" lon="37.5508810">
    <ele>124.2</ele>
    <time>2026-05-29T05:12:48Z</time>
    <extensions>
     <power>387</power>
     <gpxtpx:TrackPointExtension>
      <gpxtpx:hr>173</gpxtpx:hr>
      <gpxtpx:cad>86</gpxtpx:cad>
     </gpxtpx:TrackPointExtension>
    </extensions>
   </trkpt>
   <trkpt lat="55.7200800" lon="37.5508240">
    <ele>124.2</ele>
    <time>2026-05-29T05:12:49Z</time>
    <extensions>
     <power>392</power>
     <gpxtpx:TrackPointExtension>
      <gpxtpx:hr>173</gpxtpx:hr>
      <gpxtpx:cad>86</gpxtpx:cad>
     </gpxtpx:TrackPointExtension>
    </extensions>
   </trkpt>
   <trkpt lat="55.7200660" lon="37.5507870">
    <ele>124.2</ele>
    <time>2026-05-29T05:12:50Z</time>
    <extensions>
     <power>373</power>
     <gpxtpx:TrackPointExtension>
      <gpxtpx:hr>172</gpxtpx:hr>
      <gpxtpx:cad>86</gpxtpx:cad>
     </gpxtpx:TrackPointExtension>
    </extensions>
   </trkpt>
   <trkpt lat="55.7200530" lon="37.5507600">
    <ele>124.2</ele>
    <time>2026-05-29T05:12:51Z</time>
    <extensions>
     <power>373</power>
     <gpxtpx:TrackPointExtension>
      <gpxtpx:hr>173</gpxtpx:hr>
      <gpxtpx:cad>86</gpxtpx:cad>
     </gpxtpx:TrackPointExtension>
    </extensions>
   </trkpt>
   <trkpt lat="55.7200260" lon="37.5507100">
    <ele>124.2</ele>
    <time>2026-05-29T05:12:52Z</time>
    <extensions>
     <power>372</power>
     <gpxtpx:TrackPointExtension>
      <gpxtpx:hr>173</gpxtpx:hr>
      <gpxtpx:cad>86</gpxtpx:cad>
     </gpxtpx:TrackPointExtension>
    </extensions>
   </trkpt>
   <trkpt lat="55.7199950" lon="37.5506670">
    <ele>124.2</ele>
    <time>2026-05-29T05:12:53Z</time>
    <extensions>
     <power>362</power>
     <gpxtpx:TrackPointExtension>
      <gpxtpx:hr>172</gpxtpx:hr>
      <gpxtpx:cad>86</gpxtpx:cad>
     </gpxtpx:TrackPointExtension>
    </extensions>
   </trkpt>
   <trkpt lat="55.7199740" lon="37.5506410">
    <ele>124.2</ele>
    <time>2026-05-29T05:12:54Z</time>
    <extensions>
     <power>404</power>
     <gpxtpx:TrackPointExtension>
      <gpxtpx:hr>173</gpxtpx:hr>
      <gpxtpx:cad>86</gpxtpx:cad>
     </gpxtpx:TrackPointExtension>
    </extensions>
   </trkpt>
   <trkpt lat="55.7199630" lon="37.5506280">
    <ele>124.2</ele>
    <time>2026-05-29T05:12:55Z</time>
    <extensions>
     <power>381</power>
     <gpxtpx:TrackPointExtension>
      <gpxtpx:hr>172</gpxtpx:hr>
      <gpxtpx:cad>86</gpxtpx:cad>
     </gpxtpx:TrackPointExtension>
    </extensions>
   </trkpt>
   <trkpt lat="55.7199210" lon="37.5505940">
    <ele>124.2</ele>
    <time>2026-05-29T05:12:56Z</time>
    <extensions>
     <power>437</power>
     <gpxtpx:TrackPointExtension>
      <gpxtpx:hr>172</gpxtpx:hr>
      <gpxtpx:cad>86</gpxtpx:cad>
     </gpxtpx:TrackPointExtension>
    </extensions>
   </trkpt>
   <trkpt lat="55.7199060" lon="37.5505870">
    <ele>124.2</ele>
    <time>2026-05-29T05:12:57Z</time>
    <extensions>
     <power>389</power>
     <gpxtpx:TrackPointExtension>
      <gpxtpx:hr>172</gpxtpx:hr>
      <gpxtpx:cad>86</gpxtpx:cad>
     </gpxtpx:TrackPointExtension>
    </extensions>
   </trkpt>
   <trkpt lat="55.7198760" lon="37.5505710">
    <ele>124.2</ele>
    <time>2026-05-29T05:12:58Z</time>
    <extensions>
     <power>414</power>
     <gpxtpx:TrackPointExtension>
      <gpxtpx:hr>173</gpxtpx:hr>
      <gpxtpx:cad>86</gpxtpx:cad>
     </gpxtpx:TrackPointExtension>
    </extensions>
   </trkpt>
   <trkpt lat="55.7198460" lon="37.5505640">
    <ele>124.2</ele>
    <time>2026-05-29T05:12:59Z</time>
    <extensions>
     <power>415</power>
     <gpxtpx:TrackPointExtension>
      <gpxtpx:hr>172</gpxtpx:hr>
      <gpxtpx:cad>86</gpxtpx:cad>
     </gpxtpx:TrackPointExtension>
    </extensions>
   </trkpt>
   <trkpt lat="55.7198290" lon="37.5505600">
    <ele>124.2</ele>
    <time>2026-05-29T05:13:00Z</time>
    <extensions>
     <power>399</power>
     <gpxtpx:TrackPointExtension>
      <gpxtpx:hr>173</gpxtpx:hr>
      <gpxtpx:cad>86</gpxtpx:cad>
     </gpxtpx:TrackPointExtension>
    </extensions>
   </trkpt>
   <trkpt lat="55.7197900" lon="37.5505610">
    <ele>124.2</ele>
    <time>2026-05-29T05:13:01Z</time>
    <extensions>
     <power>397</power>
     <gpxtpx:TrackPointExtension>
      <gpxtpx:hr>173</gpxtpx:hr>
      <gpxtpx:cad>86</gpxtpx:cad>
     </gpxtpx:TrackPointExtension>
    </extensions>
   </trkpt>
   <trkpt lat="55.7197750" lon="37.5505630">
    <ele>124.2</ele>
    <time>2026-05-29T05:13:02Z</time>
    <extensions>
     <power>387</power>
     <gpxtpx:TrackPointExtension>
      <gpxtpx:hr>172</gpxtpx:hr>
      <gpxtpx:cad>86</gpxtpx:cad>
     </gpxtpx:TrackPointExtension>
    </extensions>
   </trkpt>
   <trkpt lat="55.7197400" lon="37.5505730">
    <ele>124.2</ele>
    <time>2026-05-29T05:13:03Z</time>
    <extensions>
     <power>392</power>
     <gpxtpx:TrackPointExtension>
      <gpxtpx:hr>173</gpxtpx:hr>
      <gpxtpx:cad>85</gpxtpx:cad>
     </gpxtpx:TrackPointExtension>
    </extensions>
   </trkpt>
   <trkpt lat="55.7197160" lon="37.5505850">
    <ele>124.2</ele>
    <time>2026-05-29T05:13:04Z</time>
    <extensions>
     <power>388</power>
     <gpxtpx:TrackPointExtension>
      <gpxtpx:hr>173</gpxtpx:hr>
      <gpxtpx:cad>86</gpxtpx:cad>
     </gpxtpx:TrackPointExtension>
    </extensions>
   </trkpt>
   <trkpt lat="55.7196850" lon="37.5506050">
    <ele>124.2</ele>
    <time>2026-05-29T05:13:05Z</time>
    <extensions>
     <power>383</power>
     <gpxtpx:TrackPointExtension>
      <gpxtpx:hr>173</gpxtpx:hr>
      <gpxtpx:cad>86</gpxtpx:cad>
     </gpxtpx:TrackPointExtension>
    </extensions>
   </trkpt>
   <trkpt lat="55.7196490" lon="37.5506360">
    <ele>124.2</ele>
    <time>2026-05-29T05:13:06Z</time>
    <extensions>
     <power>382</power>
     <gpxtpx:TrackPointExtension>
      <gpxtpx:hr>172</gpxtpx:hr>
      <gpxtpx:cad>92</gpxtpx:cad>
     </gpxtpx:TrackPointExtension>
    </extensions>
   </trkpt>
   <trkpt lat="55.7196050" lon="37.5506910">
    <ele>124.2</ele>
    <time>2026-05-29T05:13:07Z</time>
    <extensions>
     <power>397</power>
     <gpxtpx:TrackPointExtension>
      <gpxtpx:hr>172</gpxtpx:hr>
      <gpxtpx:cad>93</gpxtpx:cad>
     </gpxtpx:TrackPointExtension>
    </extensions>
   </trkpt>
   <trkpt lat="55.7195840" lon="37.5507230">
    <ele>124.2</ele>
    <time>2026-05-29T05:13:08Z</time>
    <extensions>
     <power>418</power>
     <gpxtpx:TrackPointExtension>
      <gpxtpx:hr>173</gpxtpx:hr>
      <gpxtpx:cad>93</gpxtpx:cad>
     </gpxtpx:TrackPointExtension>
    </extensions>
   </trkpt>
   <trkpt lat="55.7195430" lon="37.5507960">
    <ele>124.2</ele>
    <time>2026-05-29T05:13:09Z</time>
    <extensions>
     <power>419</power>
     <gpxtpx:TrackPointExtension>
      <gpxtpx:hr>172</gpxtpx:hr>
      <gpxtpx:cad>93</gpxtpx:cad>
     </gpxtpx:TrackPointExtension>
    </extensions>
   </trkpt>
   <trkpt lat="55.7195150" lon="37.5508460">
    <ele>124.2</ele>
    <time>2026-05-29T05:13:10Z</time>
    <extensions>
     <power>421</power>
     <gpxtpx:TrackPointExtension>
      <gpxtpx:hr>172</gpxtpx:hr>
      <gpxtpx:cad>93</gpxtpx:cad>
     </gpxtpx:TrackPointExtension>
    </extensions>
   </trkpt>
   <trkpt lat="55.7194680" lon="37.5509310">
    <ele>124.2</ele>
    <time>2026-05-29T05:13:11Z</time>
    <extensions>
     <power>425</power>
     <gpxtpx:TrackPointExtension>
      <gpxtpx:hr>172</gpxtpx:hr>
      <gpxtpx:cad>93</gpxtpx:cad>
     </gpxtpx:TrackPointExtension>
    </extensions>
   </trkpt>
   <trkpt lat="55.7194470" lon="37.5509690">
    <ele>124.2</ele>
    <time>2026-05-29T05:13:12Z</time>
    <extensions>
     <power>427</power>
     <gpxtpx:TrackPointExtension>
      <gpxtpx:hr>171</gpxtpx:hr>
      <gpxtpx:cad>93</gpxtpx:cad>
     </gpxtpx:TrackPointExtension>
    </extensions>
   </trkpt>
   <trkpt lat="55.7194040" lon="37.5510460">
    <ele>124.2</ele>
    <time>2026-05-29T05:13:13Z</time>
    <extensions>
     <power>437</power>
     <gpxtpx:TrackPointExtension>
      <gpxtpx:hr>172</gpxtpx:hr>
      <gpxtpx:cad>93</gpxtpx:cad>
     </gpxtpx:TrackPointExtension>
    </extensions>
   </trkpt>
   <trkpt lat="55.7193730" lon="37.5511000">
    <ele>124.2</ele>
    <time>2026-05-29T05:13:14Z</time>
    <extensions>
     <power>437</power>
     <gpxtpx:TrackPointExtension>
      <gpxtpx:hr>172</gpxtpx:hr>
      <gpxtpx:cad>93</gpxtpx:cad>
     </gpxtpx:TrackPointExtension>
    </extensions>
   </trkpt>
   <trkpt lat="55.7193420" lon="37.5511560">
    <ele>124.2</ele>
    <time>2026-05-29T05:13:15Z</time>
    <extensions>
     <power>445</power>
     <gpxtpx:TrackPointExtension>
      <gpxtpx:hr>172</gpxtpx:hr>
      <gpxtpx:cad>93</gpxtpx:cad>
     </gpxtpx:TrackPointExtension>
    </extensions>
   </trkpt>
   <trkpt lat="55.7192930" lon="37.5512450">
    <ele>124.2</ele>
    <time>2026-05-29T05:13:16Z</time>
    <extensions>
     <power>594</power>
     <gpxtpx:TrackPointExtension>
      <gpxtpx:hr>173</gpxtpx:hr>
      <gpxtpx:cad>93</gpxtpx:cad>
     </gpxtpx:TrackPointExtension>
    </extensions>
   </trkpt>
   <trkpt lat="55.7192750" lon="37.5512760">
    <ele>124.2</ele>
    <time>2026-05-29T05:13:17Z</time>
    <extensions>
     <power>563</power>
     <gpxtpx:TrackPointExtension>
      <gpxtpx:hr>174</gpxtpx:hr>
      <gpxtpx:cad>94</gpxtpx:cad>
     </gpxtpx:TrackPointExtension>
    </extensions>
   </trkpt>
   <trkpt lat="55.7192270" lon="37.5513620">
    <ele>124.2</ele>
    <time>2026-05-29T05:13:18Z</time>
    <extensions>
     <power>617</power>
     <gpxtpx:TrackPointExtension>
      <gpxtpx:hr>175</gpxtpx:hr>
      <gpxtpx:cad>92</gpxtpx:cad>
     </gpxtpx:TrackPointExtension>
    </extensions>
   </trkpt>
   <trkpt lat="55.7192090" lon="37.5513950">
    <ele>124.2</ele>
    <time>2026-05-29T05:13:19Z</time>
    <extensions>
     <power>580</power>
     <gpxtpx:TrackPointExtension>
      <gpxtpx:hr>173</gpxtpx:hr>
      <gpxtpx:cad>92</gpxtpx:cad>
     </gpxtpx:TrackPointExtension>
    </extensions>
   </trkpt>
   <trkpt lat="55.7191590" lon="37.5514840">
    <ele>124.2</ele>
    <time>2026-05-29T05:13:20Z</time>
    <extensions>
     <power>602</power>
     <gpxtpx:TrackPointExtension>
      <gpxtpx:hr>173</gpxtpx:hr>
      <gpxtpx:cad>92</gpxtpx:cad>
     </gpxtpx:TrackPointExtension>
    </extensions>
   </trkpt>
   <trkpt lat="55.7191420" lon="37.5515150">
    <ele>124.2</ele>
    <time>2026-05-29T05:13:21Z</time>
    <extensions>
     <power>531</power>
     <gpxtpx:TrackPointExtension>
      <gpxtpx:hr>174</gpxtpx:hr>
      <gpxtpx:cad>92</gpxtpx:cad>
     </gpxtpx:TrackPointExtension>
    </extensions>
   </trkpt>
   <trkpt lat="55.7191010" lon="37.5515870">
    <ele>124.2</ele>
    <time>2026-05-29T05:13:22Z</time>
    <extensions>
     <power>547</power>
     <gpxtpx:TrackPointExtension>
      <gpxtpx:hr>175</gpxtpx:hr>
      <gpxtpx:cad>92</gpxtpx:cad>
     </gpxtpx:TrackPointExtension>
    </extensions>
   </trkpt>
   <trkpt lat="55.7190680" lon="37.5516480">
    <ele>124.2</ele>
    <time>2026-05-29T05:13:23Z</time>
    <extensions>
     <power>561</power>
     <gpxtpx:TrackPointExtension>
      <gpxtpx:hr>175</gpxtpx:hr>
      <gpxtpx:cad>92</gpxtpx:cad>
     </gpxtpx:TrackPointExtension>
    </extensions>
   </trkpt>
   <trkpt lat="55.7190430" lon="37.5516920">
    <ele>124.2</ele>
    <time>2026-05-29T05:13:24Z</time>
    <extensions>
     <power>537</power>
     <gpxtpx:TrackPointExtension>
      <gpxtpx:hr>175</gpxtpx:hr>
      <gpxtpx:cad>93</gpxtpx:cad>
     </gpxtpx:TrackPointExtension>
    </extensions>
   </trkpt>
   <trkpt lat="55.7190180" lon="37.5517390">
    <ele>124.2</ele>
    <time>2026-05-29T05:13:25Z</time>
    <extensions>
     <power>512</power>
     <gpxtpx:TrackPointExtension>
      <gpxtpx:hr>175</gpxtpx:hr>
      <gpxtpx:cad>93</gpxtpx:cad>
     </gpxtpx:TrackPointExtension>
    </extensions>
   </trkpt>
   <trkpt lat="55.7189930" lon="37.5517940">
    <ele>124.2</ele>
    <time>2026-05-29T05:13:26Z</time>
    <extensions>
     <power>507</power>
     <gpxtpx:TrackPointExtension>
      <gpxtpx:hr>174</gpxtpx:hr>
      <gpxtpx:cad>92</gpxtpx:cad>
     </gpxtpx:TrackPointExtension>
    </extensions>
   </trkpt>
   <trkpt lat="55.7189740" lon="37.5518480">
    <ele>124.2</ele>
    <time>2026-05-29T05:13:27Z</time>
    <extensions>
     <power>507</power>
     <gpxtpx:TrackPointExtension>
      <gpxtpx:hr>176</gpxtpx:hr>
      <gpxtpx:cad>92</gpxtpx:cad>
     </gpxtpx:TrackPointExtension>
    </extensions>
   </trkpt>
   <trkpt lat="55.7189630" lon="37.5518880">
    <ele>124.2</ele>
    <time>2026-05-29T05:13:28Z</time>
    <extensions>
     <power>505</power>
     <gpxtpx:TrackPointExtension>
      <gpxtpx:hr>176</gpxtpx:hr>
      <gpxtpx:cad>92</gpxtpx:cad>
     </gpxtpx:TrackPointExtension>
    </extensions>
   </trkpt>
   <trkpt lat="55.7189580" lon="37.5519080">
    <ele>124.2</ele>
    <time>2026-05-29T05:13:29Z</time>
    <extensions>
     <power>493</power>
     <gpxtpx:TrackPointExtension>
      <gpxtpx:hr>176</gpxtpx:hr>
      <gpxtpx:cad>92</gpxtpx:cad>
     </gpxtpx:TrackPointExtension>
    </extensions>
   </trkpt>
   <trkpt lat="55.7189470" lon="37.5519660">
    <ele>124.2</ele>
    <time>2026-05-29T05:13:30Z</time>
    <extensions>
     <power>493</power>
     <gpxtpx:TrackPointExtension>
      <gpxtpx:hr>176</gpxtpx:hr>
      <gpxtpx:cad>92</gpxtpx:cad>
     </gpxtpx:TrackPointExtension>
    </extensions>
   </trkpt>
   <trkpt lat="55.7189440" lon="37.5519810">
    <ele>124.2</ele>
    <time>2026-05-29T05:13:31Z</time>
    <extensions>
     <power>494</power>
     <gpxtpx:TrackPointExtension>
      <gpxtpx:hr>176</gpxtpx:hr>
      <gpxtpx:cad>92</gpxtpx:cad>
     </gpxtpx:TrackPointExtension>
    </extensions>
   </trkpt>
   <trkpt lat="55.7189380" lon="37.5520420">
    <ele>124.2</ele>
    <time>2026-05-29T05:13:32Z</time>
    <extensions>
     <power>489</power>
     <gpxtpx:TrackPointExtension>
      <gpxtpx:hr>176</gpxtpx:hr>
      <gpxtpx:cad>92</gpxtpx:cad>
     </gpxtpx:TrackPointExtension>
    </extensions>
   </trkpt>
   <trkpt lat="55.7189360" lon="37.5520700">
    <ele>124.2</ele>
    <time>2026-05-29T05:13:33Z</time>
    <extensions>
     <power>415</power>
     <gpxtpx:TrackPointExtension>
      <gpxtpx:hr>176</gpxtpx:hr>
      <gpxtpx:cad>92</gpxtpx:cad>
     </gpxtpx:TrackPointExtension>
    </extensions>
   </trkpt>
   <trkpt lat="55.7189350" lon="37.5521110">
    <ele>124.2</ele>
    <time>2026-05-29T05:13:34Z</time>
    <extensions>
     <power>382</power>
     <gpxtpx:TrackPointExtension>
      <gpxtpx:hr>176</gpxtpx:hr>
      <gpxtpx:cad>92</gpxtpx:cad>
     </gpxtpx:TrackPointExtension>
    </extensions>
   </trkpt>
   <trkpt lat="55.7189360" lon="37.5521780">
    <ele>124.2</ele>
    <time>2026-05-29T05:13:35Z</time>
    <extensions>
     <power>375</power>
     <gpxtpx:TrackPointExtension>
      <gpxtpx:hr>175</gpxtpx:hr>
      <gpxtpx:cad>85</gpxtpx:cad>
     </gpxtpx:TrackPointExtension>
    </extensions>
   </trkpt>
   <trkpt lat="55.7189380" lon="37.5522080">
    <ele>124.2</ele>
    <time>2026-05-29T05:13:36Z</time>
    <extensions>
     <power>369</power>
     <gpxtpx:TrackPointExtension>
      <gpxtpx:hr>176</gpxtpx:hr>
      <gpxtpx:cad>85</gpxtpx:cad>
     </gpxtpx:TrackPointExtension>
    </extensions>
   </trkpt>
   <trkpt lat="55.7189440" lon="37.5522590">
    <ele>124.2</ele>
    <time>2026-05-29T05:13:37Z</time>
    <extensions>
     <power>345</power>
     <gpxtpx:TrackPointExtension>
      <gpxtpx:hr>176</gpxtpx:hr>
      <gpxtpx:cad>86</gpxtpx:cad>
     </gpxtpx:TrackPointExtension>
    </extensions>
   </trkpt>
   <trkpt lat="55.7189480" lon="37.5522880">
    <ele>124.2</ele>
    <time>2026-05-29T05:13:38Z</time>
    <extensions>
     <power>326</power>
     <gpxtpx:TrackPointExtension>
      <gpxtpx:hr>177</gpxtpx:hr>
      <gpxtpx:cad>86</gpxtpx:cad>
     </gpxtpx:TrackPointExtension>
    </extensions>
   </trkpt>
   <trkpt lat="55.7189620" lon="37.5523530">
    <ele>124.2</ele>
    <time>2026-05-29T05:13:39Z</time>
    <extensions>
     <power>328</power>
     <gpxtpx:TrackPointExtension>
      <gpxtpx:hr>176</gpxtpx:hr>
      <gpxtpx:cad>87</gpxtpx:cad>
     </gpxtpx:TrackPointExtension>
    </extensions>
   </trkpt>
   <trkpt lat="55.7189700" lon="37.5523830">
    <ele>124.2</ele>
    <time>2026-05-29T05:13:40Z</time>
    <extensions>
     <power>344</power>
     <gpxtpx:TrackPointExtension>
      <gpxtpx:hr>176</gpxtpx:hr>
      <gpxtpx:cad>88</gpxtpx:cad>
     </gpxtpx:TrackPointExtension>
    </extensions>
   </trkpt>
   <trkpt lat="55.7189860" lon="37.5524330">
    <ele>124.2</ele>
    <time>2026-05-29T05:13:41Z</time>
    <extensions>
     <power>343</power>
     <gpxtpx:TrackPointExtension>
      <gpxtpx:hr>176</gpxtpx:hr>
      <gpxtpx:cad>88</gpxtpx:cad>
     </gpxtpx:TrackPointExtension>
    </extensions>
   </trkpt>
   <trkpt lat="55.7190050" lon="37.5524800">
    <ele>124.2</ele>
    <time>2026-05-29T05:13:42Z</time>
    <extensions>
     <power>399</power>
     <gpxtpx:TrackPointExtension>
      <gpxtpx:hr>176</gpxtpx:hr>
      <gpxtpx:cad>88</gpxtpx:cad>
     </gpxtpx:TrackPointExtension>
    </extensions>
   </trkpt>
   <trkpt lat="55.7190260" lon="37.5525220">
    <ele>124.2</ele>
    <time>2026-05-29T05:13:43Z</time>
    <extensions>
     <power>407</power>
     <gpxtpx:TrackPointExtension>
      <gpxtpx:hr>177</gpxtpx:hr>
      <gpxtpx:cad>88</gpxtpx:cad>
     </gpxtpx:TrackPointExtension>
    </extensions>
   </trkpt>
   <trkpt lat="55.7190460" lon="37.5525540">
    <ele>124.2</ele>
    <time>2026-05-29T05:13:44Z</time>
    <extensions>
     <power>399</power>
     <gpxtpx:TrackPointExtension>
      <gpxtpx:hr>177</gpxtpx:hr>
      <gpxtpx:cad>88</gpxtpx:cad>
     </gpxtpx:TrackPointExtension>
    </extensions>
   </trkpt>
   <trkpt lat="55.7190740" lon="37.5525920">
    <ele>124.2</ele>
    <time>2026-05-29T05:13:45Z</time>
    <extensions>
     <power>399</power>
     <gpxtpx:TrackPointExtension>
      <gpxtpx:hr>176</gpxtpx:hr>
      <gpxtpx:cad>88</gpxtpx:cad>
     </gpxtpx:TrackPointExtension>
    </extensions>
   </trkpt>
   <trkpt lat="55.7191000" lon="37.5526210">
    <ele>124.2</ele>
    <time>2026-05-29T05:13:46Z</time>
    <extensions>
     <power>378</power>
     <gpxtpx:TrackPointExtension>
      <gpxtpx:hr>174</gpxtpx:hr>
      <gpxtpx:cad>88</gpxtpx:cad>
     </gpxtpx:TrackPointExtension>
    </extensions>
   </trkpt>
   <trkpt lat="55.7191240" lon="37.5526410">
    <ele>124.2</ele>
    <time>2026-05-29T05:13:47Z</time>
    <extensions>
     <power>375</power>
     <gpxtpx:TrackPointExtension>
      <gpxtpx:hr>174</gpxtpx:hr>
      <gpxtpx:cad>88</gpxtpx:cad>
     </gpxtpx:TrackPointExtension>
    </extensions>
   </trkpt>
   <trkpt lat="55.7191520" lon="37.5526620">
    <ele>124.2</ele>
    <time>2026-05-29T05:13:48Z</time>
    <extensions>
     <power>376</power>
     <gpxtpx:TrackPointExtension>
      <gpxtpx:hr>175</gpxtpx:hr>
      <gpxtpx:cad>88</gpxtpx:cad>
     </gpxtpx:TrackPointExtension>
    </extensions>
   </trkpt>
   <trkpt lat="55.7191730" lon="37.5526720">
    <ele>124.2</ele>
    <time>2026-05-29T05:13:49Z</time>
    <extensions>
     <power>375</power>
     <gpxtpx:TrackPointExtension>
      <gpxtpx:hr>174</gpxtpx:hr>
      <gpxtpx:cad>88</gpxtpx:cad>
     </gpxtpx:TrackPointExtension>
    </extensions>
   </trkpt>
   <trkpt lat="55.7192180" lon="37.5526870">
    <ele>124.2</ele>
    <time>2026-05-29T05:13:50Z</time>
    <extensions>
     <power>373</power>
     <gpxtpx:TrackPointExtension>
      <gpxtpx:hr>175</gpxtpx:hr>
      <gpxtpx:cad>88</gpxtpx:cad>
     </gpxtpx:TrackPointExtension>
    </extensions>
   </trkpt>
   <trkpt lat="55.7192440" lon="37.5526910">
    <ele>124.2</ele>
    <time>2026-05-29T05:13:51Z</time>
    <extensions>
     <power>376</power>
     <gpxtpx:TrackPointExtension>
      <gpxtpx:hr>174</gpxtpx:hr>
      <gpxtpx:cad>88</gpxtpx:cad>
     </gpxtpx:TrackPointExtension>
    </extensions>
   </trkpt>
   <trkpt lat="55.7192740" lon="37.5526910">
    <ele>124.2</ele>
    <time>2026-05-29T05:13:52Z</time>
    <extensions>
     <power>384</power>
     <gpxtpx:TrackPointExtension>
      <gpxtpx:hr>174</gpxtpx:hr>
      <gpxtpx:cad>88</gpxtpx:cad>
     </gpxtpx:TrackPointExtension>
    </extensions>
   </trkpt>
   <trkpt lat="55.7193020" lon="37.5526850">
    <ele>124.2</ele>
    <time>2026-05-29T05:13:53Z</time>
    <extensions>
     <power>390</power>
     <gpxtpx:TrackPointExtension>
      <gpxtpx:hr>174</gpxtpx:hr>
      <gpxtpx:cad>88</gpxtpx:cad>
     </gpxtpx:TrackPointExtension>
    </extensions>
   </trkpt>
   <trkpt lat="55.7193500" lon="37.5526660">
    <ele>124.2</ele>
    <time>2026-05-29T05:13:54Z</time>
    <extensions>
     <power>390</power>
     <gpxtpx:TrackPointExtension>
      <gpxtpx:hr>175</gpxtpx:hr>
      <gpxtpx:cad>87</gpxtpx:cad>
     </gpxtpx:TrackPointExtension>
    </extensions>
   </trkpt>
   <trkpt lat="55.7194080" lon="37.5526210">
    <ele>124.2</ele>
    <time>2026-05-29T05:13:55Z</time>
    <extensions>
     <power>397</power>
     <gpxtpx:TrackPointExtension>
      <gpxtpx:hr>174</gpxtpx:hr>
      <gpxtpx:cad>89</gpxtpx:cad>
     </gpxtpx:TrackPointExtension>
    </extensions>
   </trkpt>
   <trkpt lat="55.7194310" lon="37.5525980">
    <ele>124.2</ele>
    <time>2026-05-29T05:13:56Z</time>
    <extensions>
     <power>412</power>
     <gpxtpx:TrackPointExtension>
      <gpxtpx:hr>175</gpxtpx:hr>
      <gpxtpx:cad>95</gpxtpx:cad>
     </gpxtpx:TrackPointExtension>
    </extensions>
   </trkpt>
   <trkpt lat="55.7194560" lon="37.5525660">
    <ele>124.2</ele>
    <time>2026-05-29T05:13:57Z</time>
    <extensions>
     <power>411</power>
     <gpxtpx:TrackPointExtension>
      <gpxtpx:hr>175</gpxtpx:hr>
      <gpxtpx:cad>94</gpxtpx:cad>
     </gpxtpx:TrackPointExtension>
    </extensions>
   </trkpt>
   <trkpt lat="55.7195000" lon="37.5524920">
    <ele>124.2</ele>
    <time>2026-05-29T05:13:58Z</time>
    <extensions>
     <power>409</power>
     <gpxtpx:TrackPointExtension>
      <gpxtpx:hr>175</gpxtpx:hr>
      <gpxtpx:cad>94</gpxtpx:cad>
     </gpxtpx:TrackPointExtension>
    </extensions>
   </trkpt>
   <trkpt lat="55.7195300" lon="37.5524390">
    <ele>124.2</ele>
    <time>2026-05-29T05:13:59Z</time>
    <extensions>
     <power>395</power>
     <gpxtpx:TrackPointExtension>
      <gpxtpx:hr>175</gpxtpx:hr>
      <gpxtpx:cad>94</gpxtpx:cad>
     </gpxtpx:TrackPointExtension>
    </extensions>
   </trkpt>
   <trkpt lat="55.7195620" lon="37.5523820">
    <ele>124.2</ele>
    <time>2026-05-29T05:14:00Z</time>
    <extensions>
     <power>398</power>
     <gpxtpx:TrackPointExtension>
      <gpxtpx:hr>176</gpxtpx:hr>
      <gpxtpx:cad>93</gpxtpx:cad>
     </gpxtpx:TrackPointExtension>
    </extensions>
   </trkpt>
   <trkpt lat="55.7196000" lon="37.5523130">
    <ele>124.2</ele>
    <time>2026-05-29T05:14:01Z</time>
    <extensions>
     <power>399</power>
     <gpxtpx:TrackPointExtension>
      <gpxtpx:hr>175</gpxtpx:hr>
      <gpxtpx:cad>93</gpxtpx:cad>
     </gpxtpx:TrackPointExtension>
    </extensions>
   </trkpt>
   <trkpt lat="55.7196270" lon="37.5522660">
    <ele>124.2</ele>
    <time>2026-05-29T05:14:02Z</time>
    <extensions>
     <power>412</power>
     <gpxtpx:TrackPointExtension>
      <gpxtpx:hr>175</gpxtpx:hr>
      <gpxtpx:cad>93</gpxtpx:cad>
     </gpxtpx:TrackPointExtension>
    </extensions>
   </trkpt>
   <trkpt lat="55.7196700" lon="37.5521890">
    <ele>124.2</ele>
    <time>2026-05-29T05:14:03Z</time>
    <extensions>
     <power>413</power>
     <gpxtpx:TrackPointExtension>
      <gpxtpx:hr>174</gpxtpx:hr>
      <gpxtpx:cad>92</gpxtpx:cad>
     </gpxtpx:TrackPointExtension>
    </extensions>
   </trkpt>
   <trkpt lat="55.7196900" lon="37.5521530">
    <ele>124.2</ele>
    <time>2026-05-29T05:14:04Z</time>
    <extensions>
     <power>426</power>
     <gpxtpx:TrackPointExtension>
      <gpxtpx:hr>176</gpxtpx:hr>
      <gpxtpx:cad>92</gpxtpx:cad>
     </gpxtpx:TrackPointExtension>
    </extensions>
   </trkpt>
   <trkpt lat="55.7197380" lon="37.5520670">
    <ele>124.2</ele>
    <time>2026-05-29T05:14:05Z</time>
    <extensions>
     <power>478</power>
     <gpxtpx:TrackPointExtension>
      <gpxtpx:hr>176</gpxtpx:hr>
      <gpxtpx:cad>93</gpxtpx:cad>
     </gpxtpx:TrackPointExtension>
    </extensions>
   </trkpt>
   <trkpt lat="55.7197500" lon="37.5520450">
    <ele>124.2</ele>
    <time>2026-05-29T05:14:06Z</time>
    <extensions>
     <power>489</power>
     <gpxtpx:TrackPointExtension>
      <gpxtpx:hr>176</gpxtpx:hr>
      <gpxtpx:cad>93</gpxtpx:cad>
     </gpxtpx:TrackPointExtension>
    </extensions>
   </trkpt>
   <trkpt lat="55.7197930" lon="37.5519680">
    <ele>124.2</ele>
    <time>2026-05-29T05:14:07Z</time>
    <extensions>
     <power>507</power>
     <gpxtpx:TrackPointExtension>
      <gpxtpx:hr>176</gpxtpx:hr>
      <gpxtpx:cad>93</gpxtpx:cad>
     </gpxtpx:TrackPointExtension>
    </extensions>
   </trkpt>
   <trkpt lat="55.7198120" lon="37.5519340">
    <ele>124.2</ele>
    <time>2026-05-29T05:14:08Z</time>
    <extensions>
     <power>530</power>
     <gpxtpx:TrackPointExtension>
      <gpxtpx:hr>177</gpxtpx:hr>
      <gpxtpx:cad>93</gpxtpx:cad>
     </gpxtpx:TrackPointExtension>
    </extensions>
   </trkpt>
   <trkpt lat="55.7198530" lon="37.5518610">
    <ele>124.2</ele>
    <time>2026-05-29T05:14:09Z</time>
    <extensions>
     <power>518</power>
     <gpxtpx:TrackPointExtension>
      <gpxtpx:hr>176</gpxtpx:hr>
      <gpxtpx:cad>93</gpxtpx:cad>
     </gpxtpx:TrackPointExtension>
    </extensions>
   </trkpt>
   <trkpt lat="55.7198790" lon="37.5518150">
    <ele>124.2</ele>
    <time>2026-05-29T05:14:10Z</time>
    <extensions>
     <power>507</power>
     <gpxtpx:TrackPointExtension>
      <gpxtpx:hr>177</gpxtpx:hr>
      <gpxtpx:cad>93</gpxtpx:cad>
     </gpxtpx:TrackPointExtension>
    </extensions>
   </trkpt>
   <trkpt lat="55.7199090" lon="37.5517620">
    <ele>124.2</ele>
    <time>2026-05-29T05:14:11Z</time>
    <extensions>
     <power>502</power>
     <gpxtpx:TrackPointExtension>
      <gpxtpx:hr>178</gpxtpx:hr>
      <gpxtpx:cad>93</gpxtpx:cad>
     </gpxtpx:TrackPointExtension>
    </extensions>
   </trkpt>
   <trkpt lat="55.7199490" lon="37.5516880">
    <ele>124.2</ele>
    <time>2026-05-29T05:14:12Z</time>
    <extensions>
     <power>492</power>
     <gpxtpx:TrackPointExtension>
      <gpxtpx:hr>178</gpxtpx:hr>
      <gpxtpx:cad>93</gpxtpx:cad>
     </gpxtpx:TrackPointExtension>
    </extensions>
   </trkpt>
   <trkpt lat="55.7199690" lon="37.5516530">
    <ele>124.2</ele>
    <time>2026-05-29T05:14:13Z</time>
    <extensions>
     <power>515</power>
     <gpxtpx:TrackPointExtension>
      <gpxtpx:hr>178</gpxtpx:hr>
      <gpxtpx:cad>92</gpxtpx:cad>
     </gpxtpx:TrackPointExtension>
    </extensions>
   </trkpt>
   <trkpt lat="55.7200100" lon="37.5515800">
    <ele>124.2</ele>
    <time>2026-05-29T05:14:14Z</time>
    <extensions>
     <power>525</power>
     <gpxtpx:TrackPointExtension>
      <gpxtpx:hr>177</gpxtpx:hr>
      <gpxtpx:cad>91</gpxtpx:cad>
     </gpxtpx:TrackPointExtension>
    </extensions>
   </trkpt>
   <trkpt lat="55.7200350" lon="37.5515360">
    <ele>124.2</ele>
    <time>2026-05-29T05:14:15Z</time>
    <extensions>
     <power>524</power>
     <gpxtpx:TrackPointExtension>
      <gpxtpx:hr>178</gpxtpx:hr>
      <gpxtpx:cad>91</gpxtpx:cad>
     </gpxtpx:TrackPointExtension>
    </extensions>
   </trkpt>
   <trkpt lat="55.7200650" lon="37.5514740">
    <ele>124.2</ele>
    <time>2026-05-29T05:14:16Z</time>
    <extensions>
     <power>524</power>
     <gpxtpx:TrackPointExtension>
      <gpxtpx:hr>177</gpxtpx:hr>
      <gpxtpx:cad>91</gpxtpx:cad>
     </gpxtpx:TrackPointExtension>
    </extensions>
   </trkpt>
   <trkpt lat="55.7200790" lon="37.5514380">
    <ele>124.2</ele>
    <time>2026-05-29T05:14:17Z</time>
    <extensions>
     <power>501</power>
     <gpxtpx:TrackPointExtension>
      <gpxtpx:hr>177</gpxtpx:hr>
      <gpxtpx:cad>91</gpxtpx:cad>
     </gpxtpx:TrackPointExtension>
    </extensions>
   </trkpt>
   <trkpt lat="55.7200920" lon="37.5514010">
    <ele>124.2</ele>
    <time>2026-05-29T05:14:18Z</time>
    <extensions>
     <power>470</power>
     <gpxtpx:TrackPointExtension>
      <gpxtpx:hr>178</gpxtpx:hr>
      <gpxtpx:cad>84</gpxtpx:cad>
     </gpxtpx:TrackPointExtension>
    </extensions>
   </trkpt>
   <trkpt lat="55.7201030" lon="37.5513580">
    <ele>124.2</ele>
    <time>2026-05-29T05:14:19Z</time>
    <extensions>
     <power>454</power>
     <gpxtpx:TrackPointExtension>
      <gpxtpx:hr>178</gpxtpx:hr>
      <gpxtpx:cad>86</gpxtpx:cad>
     </gpxtpx:TrackPointExtension>
    </extensions>
   </trkpt>
   <trkpt lat="55.7201110" lon="37.5513270">
    <ele>124.2</ele>
    <time>2026-05-29T05:14:20Z</time>
    <extensions>
     <power>440</power>
     <gpxtpx:TrackPointExtension>
      <gpxtpx:hr>178</gpxtpx:hr>
      <gpxtpx:cad>84</gpxtpx:cad>
     </gpxtpx:TrackPointExtension>
    </extensions>
   </trkpt>
   <trkpt lat="55.7201200" lon="37.5512710">
    <ele>124.2</ele>
    <time>2026-05-29T05:14:21Z</time>
    <extensions>
     <power>422</power>
     <gpxtpx:TrackPointExtension>
      <gpxtpx:hr>178</gpxtpx:hr>
      <gpxtpx:cad>84</gpxtpx:cad>
     </gpxtpx:TrackPointExtension>
    </extensions>
   </trkpt>
   <trkpt lat="55.7201240" lon="37.5512430">
    <ele>124.2</ele>
    <time>2026-05-29T05:14:22Z</time>
    <extensions>
     <power>418</power>
     <gpxtpx:TrackPointExtension>
      <gpxtpx:hr>178</gpxtpx:hr>
      <gpxtpx:cad>84</gpxtpx:cad>
     </gpxtpx:TrackPointExtension>
    </extensions>
   </trkpt>
   <trkpt lat="55.7201280" lon="37.5511880">
    <ele>124.2</ele>
    <time>2026-05-29T05:14:23Z</time>
    <extensions>
     <power>385</power>
     <gpxtpx:TrackPointExtension>
      <gpxtpx:hr>177</gpxtpx:hr>
      <gpxtpx:cad>84</gpxtpx:cad>
     </gpxtpx:TrackPointExtension>
    </extensions>
   </trkpt>
   <trkpt lat="55.7201300" lon="37.5511390">
    <ele>124.2</ele>
    <time>2026-05-29T05:14:24Z</time>
    <extensions>
     <power>353</power>
     <gpxtpx:TrackPointExtension>
      <gpxtpx:hr>178</gpxtpx:hr>
      <gpxtpx:cad>85</gpxtpx:cad>
     </gpxtpx:TrackPointExtension>
    </extensions>
   </trkpt>
   <trkpt lat="55.7201300" lon="37.5511000">
    <ele>124.2</ele>
    <time>2026-05-29T05:14:25Z</time>
    <extensions>
     <power>352</power>
     <gpxtpx:TrackPointExtension>
      <gpxtpx:hr>177</gpxtpx:hr>
      <gpxtpx:cad>85</gpxtpx:cad>
     </gpxtpx:TrackPointExtension>
    </extensions>
   </trkpt>
   <trkpt lat="55.7201250" lon="37.5510280">
    <ele>124.2</ele>
    <time>2026-05-29T05:14:26Z</time>
    <extensions>
     <power>352</power>
     <gpxtpx:TrackPointExtension>
      <gpxtpx:hr>177</gpxtpx:hr>
      <gpxtpx:cad>85</gpxtpx:cad>
     </gpxtpx:TrackPointExtension>
    </extensions>
   </trkpt>
   <trkpt lat="55.7201210" lon="37.5509920">
    <ele>124.2</ele>
    <time>2026-05-29T05:14:27Z</time>
    <extensions>
     <power>355</power>
     <gpxtpx:TrackPointExtension>
      <gpxtpx:hr>177</gpxtpx:hr>
      <gpxtpx:cad>86</gpxtpx:cad>
     </gpxtpx:TrackPointExtension>
    </extensions>
   </trkpt>
   <trkpt lat="55.7201100" lon="37.5509270">
    <ele>124.2</ele>
    <time>2026-05-29T05:14:28Z</time>
    <extensions>
     <power>361</power>
     <gpxtpx:TrackPointExtension>
      <gpxtpx:hr>177</gpxtpx:hr>
      <gpxtpx:cad>86</gpxtpx:cad>
     </gpxtpx:TrackPointExtension>
    </extensions>
   </trkpt>
   <trkpt lat="55.7201030" lon="37.5509020">
    <ele>124.2</ele>
    <time>2026-05-29T05:14:29Z</time>
    <extensions>
     <power>352</power>
     <gpxtpx:TrackPointExtension>
      <gpxtpx:hr>177</gpxtpx:hr>
      <gpxtpx:cad>86</gpxtpx:cad>
     </gpxtpx:TrackPointExtension>
    </extensions>
   </trkpt>
   <trkpt lat="55.7200850" lon="37.5508390">
    <ele>124.2</ele>
    <time>2026-05-29T05:14:30Z</time>
    <extensions>
     <power>360</power>
     <gpxtpx:TrackPointExtension>
      <gpxtpx:hr>177</gpxtpx:hr>
      <gpxtpx:cad>86</gpxtpx:cad>
     </gpxtpx:TrackPointExtension>
    </extensions>
   </trkpt>
   <trkpt lat="55.7200720" lon="37.5508040">
    <ele>124.2</ele>
    <time>2026-05-29T05:14:31Z</time>
    <extensions>
     <power>353</power>
     <gpxtpx:TrackPointExtension>
      <gpxtpx:hr>177</gpxtpx:hr>
      <gpxtpx:cad>87</gpxtpx:cad>
     </gpxtpx:TrackPointExtension>
    </extensions>
   </trkpt>
   <trkpt lat="55.7200530" lon="37.5507600">
    <ele>124.2</ele>
    <time>2026-05-29T05:14:32Z</time>
    <extensions>
     <power>357</power>
     <gpxtpx:TrackPointExtension>
      <gpxtpx:hr>177</gpxtpx:hr>
      <gpxtpx:cad>87</gpxtpx:cad>
     </gpxtpx:TrackPointExtension>
    </extensions>
   </trkpt>
   <trkpt lat="55.7200340" lon="37.5507210">
    <ele>124.2</ele>
    <time>2026-05-29T05:14:33Z</time>
    <extensions>
     <power>352</power>
     <gpxtpx:TrackPointExtension>
      <gpxtpx:hr>177</gpxtpx:hr>
      <gpxtpx:cad>87</gpxtpx:cad>
     </gpxtpx:TrackPointExtension>
    </extensions>
   </trkpt>
   <trkpt lat="55.7200110" lon="37.5506870">
    <ele>124.2</ele>
    <time>2026-05-29T05:14:34Z</time>
    <extensions>
     <power>347</power>
     <gpxtpx:TrackPointExtension>
      <gpxtpx:hr>177</gpxtpx:hr>
      <gpxtpx:cad>87</gpxtpx:cad>
     </gpxtpx:TrackPointExtension>
    </extensions>
   </trkpt>
   <trkpt lat="55.7199830" lon="37.5506510">
    <ele>124.2</ele>
    <time>2026-05-29T05:14:35Z</time>
    <extensions>
     <power>346</power>
     <gpxtpx:TrackPointExtension>
      <gpxtpx:hr>177</gpxtpx:hr>
      <gpxtpx:cad>87</gpxtpx:cad>
     </gpxtpx:TrackPointExtension>
    </extensions>
   </trkpt>
   <trkpt lat="55.7199640" lon="37.5506300">
    <ele>124.2</ele>
    <time>2026-05-29T05:14:36Z</time>
    <extensions>
     <power>348</power>
     <gpxtpx:TrackPointExtension>
      <gpxtpx:hr>175</gpxtpx:hr>
      <gpxtpx:cad>87</gpxtpx:cad>
     </gpxtpx:TrackPointExtension>
    </extensions>
   </trkpt>
   <trkpt lat="55.7199290" lon="37.5506010">
    <ele>124.2</ele>
    <time>2026-05-29T05:14:37Z</time>
    <extensions>
     <power>349</power>
     <gpxtpx:TrackPointExtension>
      <gpxtpx:hr>175</gpxtpx:hr>
      <gpxtpx:cad>87</gpxtpx:cad>
     </gpxtpx:TrackPointExtension>
    </extensions>
   </trkpt>
   <trkpt lat="55.7199150" lon="37.5505910">
    <ele>124.2</ele>
    <time>2026-05-29T05:14:38Z</time>
    <extensions>
     <power>349</power>
     <gpxtpx:TrackPointExtension>
      <gpxtpx:hr>175</gpxtpx:hr>
      <gpxtpx:cad>87</gpxtpx:cad>
     </gpxtpx:TrackPointExtension>
    </extensions>
   </trkpt>
   <trkpt lat="55.7198810" lon="37.5505740">
    <ele>124.2</ele>
    <time>2026-05-29T05:14:39Z</time>
    <extensions>
     <power>344</power>
     <gpxtpx:TrackPointExtension>
      <gpxtpx:hr>175</gpxtpx:hr>
      <gpxtpx:cad>87</gpxtpx:cad>
     </gpxtpx:TrackPointExtension>
    </extensions>
   </trkpt>
   <trkpt lat="55.7198520" lon="37.5505650">
    <ele>124.2</ele>
    <time>2026-05-29T05:14:40Z</time>
    <extensions>
     <power>350</power>
     <gpxtpx:TrackPointExtension>
      <gpxtpx:hr>175</gpxtpx:hr>
      <gpxtpx:cad>86</gpxtpx:cad>
     </gpxtpx:TrackPointExtension>
    </extensions>
   </trkpt>
   <trkpt lat="55.7198320" lon="37.5505610">
    <ele>124.2</ele>
    <time>2026-05-29T05:14:41Z</time>
    <extensions>
     <power>349</power>
     <gpxtpx:TrackPointExtension>
      <gpxtpx:hr>175</gpxtpx:hr>
      <gpxtpx:cad>86</gpxtpx:cad>
     </gpxtpx:TrackPointExtension>
    </extensions>
   </trkpt>
   <trkpt lat="55.7197950" lon="37.5505610">
    <ele>124.2</ele>
    <time>2026-05-29T05:14:42Z</time>
    <extensions>
     <power>347</power>
     <gpxtpx:TrackPointExtension>
      <gpxtpx:hr>175</gpxtpx:hr>
      <gpxtpx:cad>86</gpxtpx:cad>
     </gpxtpx:TrackPointExtension>
    </extensions>
   </trkpt>
   <trkpt lat="55.7197790" lon="37.5505620">
    <ele>124.2</ele>
    <time>2026-05-29T05:14:43Z</time>
    <extensions>
     <power>344</power>
     <gpxtpx:TrackPointExtension>
      <gpxtpx:hr>175</gpxtpx:hr>
      <gpxtpx:cad>87</gpxtpx:cad>
     </gpxtpx:TrackPointExtension>
    </extensions>
   </trkpt>
   <trkpt lat="55.7197380" lon="37.5505740">
    <ele>124.2</ele>
    <time>2026-05-29T05:14:44Z</time>
    <extensions>
     <power>348</power>
     <gpxtpx:TrackPointExtension>
      <gpxtpx:hr>175</gpxtpx:hr>
      <gpxtpx:cad>87</gpxtpx:cad>
     </gpxtpx:TrackPointExtension>
    </extensions>
   </trkpt>
   <trkpt lat="55.7197170" lon="37.5505850">
    <ele>124.2</ele>
    <time>2026-05-29T05:14:45Z</time>
    <extensions>
     <power>351</power>
     <gpxtpx:TrackPointExtension>
      <gpxtpx:hr>176</gpxtpx:hr>
      <gpxtpx:cad>87</gpxtpx:cad>
     </gpxtpx:TrackPointExtension>
    </extensions>
   </trkpt>
   <trkpt lat="55.7196800" lon="37.5506090">
    <ele>124.2</ele>
    <time>2026-05-29T05:14:46Z</time>
    <extensions>
     <power>355</power>
     <gpxtpx:TrackPointExtension>
      <gpxtpx:hr>176</gpxtpx:hr>
      <gpxtpx:cad>86</gpxtpx:cad>
     </gpxtpx:TrackPointExtension>
    </extensions>
   </trkpt>
   <trkpt lat="55.7196490" lon="37.5506360">
    <ele>124.2</ele>
    <time>2026-05-29T05:14:47Z</time>
    <extensions>
     <power>356</power>
     <gpxtpx:TrackPointExtension>
      <gpxtpx:hr>175</gpxtpx:hr>
      <gpxtpx:cad>87</gpxtpx:cad>
     </gpxtpx:TrackPointExtension>
    </extensions>
   </trkpt>
   <trkpt lat="55.7196100" lon="37.5506840">
    <ele>124.2</ele>
    <time>2026-05-29T05:14:48Z</time>
    <extensions>
     <power>369</power>
     <gpxtpx:TrackPointExtension>
      <gpxtpx:hr>175</gpxtpx:hr>
      <gpxtpx:cad>93</gpxtpx:cad>
     </gpxtpx:TrackPointExtension>
    </extensions>
   </trkpt>
   <trkpt lat="55.7195900" lon="37.5507150">
    <ele>124.2</ele>
    <time>2026-05-29T05:14:49Z</time>
    <extensions>
     <power>386</power>
     <gpxtpx:TrackPointExtension>
      <gpxtpx:hr>175</gpxtpx:hr>
      <gpxtpx:cad>93</gpxtpx:cad>
     </gpxtpx:TrackPointExtension>
    </extensions>
   </trkpt>
   <trkpt lat="55.7195460" lon="37.5507900">
    <ele>124.2</ele>
    <time>2026-05-29T05:14:50Z</time>
    <extensions>
     <power>431</power>
     <gpxtpx:TrackPointExtension>
      <gpxtpx:hr>175</gpxtpx:hr>
      <gpxtpx:cad>93</gpxtpx:cad>
     </gpxtpx:TrackPointExtension>
    </extensions>
   </trkpt>
   <trkpt lat="55.7195230" lon="37.5508320">
    <ele>124.2</ele>
    <time>2026-05-29T05:14:51Z</time>
    <extensions>
     <power>485</power>
     <gpxtpx:TrackPointExtension>
      <gpxtpx:hr>177</gpxtpx:hr>
      <gpxtpx:cad>93</gpxtpx:cad>
     </gpxtpx:TrackPointExtension>
    </extensions>
   </trkpt>
   <trkpt lat="55.7194850" lon="37.5509010">
    <ele>124.2</ele>
    <time>2026-05-29T05:14:52Z</time>
    <extensions>
     <power>491</power>
     <gpxtpx:TrackPointExtension>
      <gpxtpx:hr>176</gpxtpx:hr>
      <gpxtpx:cad>93</gpxtpx:cad>
     </gpxtpx:TrackPointExtension>
    </extensions>
   </trkpt>
   <trkpt lat="55.7194630" lon="37.5509390">
    <ele>124.2</ele>
    <time>2026-05-29T05:14:53Z</time>
    <extensions>
     <power>492</power>
     <gpxtpx:TrackPointExtension>
      <gpxtpx:hr>176</gpxtpx:hr>
      <gpxtpx:cad>93</gpxtpx:cad>
     </gpxtpx:TrackPointExtension>
    </extensions>
   </trkpt>
   <trkpt lat="55.7194290" lon="37.5510010">
    <ele>124.2</ele>
    <time>2026-05-29T05:14:54Z</time>
    <extensions>
     <power>493</power>
     <gpxtpx:TrackPointExtension>
      <gpxtpx:hr>176</gpxtpx:hr>
      <gpxtpx:cad>93</gpxtpx:cad>
     </gpxtpx:TrackPointExtension>
    </extensions>
   </trkpt>
   <trkpt lat="55.7193980" lon="37.5510560">
    <ele>124.2</ele>
    <time>2026-05-29T05:14:55Z</time>
    <extensions>
     <power>457</power>
     <gpxtpx:TrackPointExtension>
      <gpxtpx:hr>176</gpxtpx:hr>
      <gpxtpx:cad>93</gpxtpx:cad>
     </gpxtpx:TrackPointExtension>
    </extensions>
   </trkpt>
   <trkpt lat="55.7193700" lon="37.5511060">
    <ele>124.2</ele>
    <time>2026-05-29T05:14:56Z</time>
    <extensions>
     <power>460</power>
     <gpxtpx:TrackPointExtension>
      <gpxtpx:hr>175</gpxtpx:hr>
      <gpxtpx:cad>91</gpxtpx:cad>
     </gpxtpx:TrackPointExtension>
    </extensions>
   </trkpt>
   <trkpt lat="55.7193350" lon="37.5511690">
    <ele>124.2</ele>
    <time>2026-05-29T05:14:57Z</time>
    <extensions>
     <power>492</power>
     <gpxtpx:TrackPointExtension>
      <gpxtpx:hr>175</gpxtpx:hr>
      <gpxtpx:cad>91</gpxtpx:cad>
     </gpxtpx:TrackPointExtension>
    </extensions>
   </trkpt>
   <trkpt lat="55.7193110" lon="37.5512130">
    <ele>124.2</ele>
    <time>2026-05-29T05:14:58Z</time>
    <extensions>
     <power>466</power>
     <gpxtpx:TrackPointExtension>
      <gpxtpx:hr>177</gpxtpx:hr>
      <gpxtpx:cad>91</gpxtpx:cad>
     </gpxtpx:TrackPointExtension>
    </extensions>
   </trkpt>
   <trkpt lat="55.7192760" lon="37.5512750">
    <ele>124.2</ele>
    <time>2026-05-29T05:14:59Z</time>
    <extensions>
     <power>490</power>
     <gpxtpx:TrackPointExtension>
      <gpxtpx:hr>177</gpxtpx:hr>
      <gpxtpx:cad>91</gpxtpx:cad>
     </gpxtpx:TrackPointExtension>
    </extensions>
   </trkpt>
   <trkpt lat="55.7192500" lon="37.5513210">
    <ele>124.2</ele>
    <time>2026-05-29T05:15:00Z</time>
    <extensions>
     <power>472</power>
     <gpxtpx:TrackPointExtension>
      <gpxtpx:hr>177</gpxtpx:hr>
      <gpxtpx:cad>91</gpxtpx:cad>
     </gpxtpx:TrackPointExtension>
    </extensions>
   </trkpt>
   <trkpt lat="55.7192050" lon="37.5514020">
    <ele>124.2</ele>
    <time>2026-05-29T05:15:01Z</time>
    <extensions>
     <power>478</power>
     <gpxtpx:TrackPointExtension>
      <gpxtpx:hr>177</gpxtpx:hr>
      <gpxtpx:cad>92</gpxtpx:cad>
     </gpxtpx:TrackPointExtension>
    </extensions>
   </trkpt>
   <trkpt lat="55.7191790" lon="37.5514480">
    <ele>124.2</ele>
    <time>2026-05-29T05:15:02Z</time>
    <extensions>
     <power>555</power>
     <gpxtpx:TrackPointExtension>
      <gpxtpx:hr>177</gpxtpx:hr>
      <gpxtpx:cad>93</gpxtpx:cad>
     </gpxtpx:TrackPointExtension>
    </extensions>
   </trkpt>
   <trkpt lat="55.7191270" lon="37.5515410">
    <ele>124.2</ele>
    <time>2026-05-29T05:15:03Z</time>
    <extensions>
     <power>608</power>
     <gpxtpx:TrackPointExtension>
      <gpxtpx:hr>176</gpxtpx:hr>
      <gpxtpx:cad>93</gpxtpx:cad>
     </gpxtpx:TrackPointExtension>
    </extensions>
   </trkpt>
   <trkpt lat="55.7191050" lon="37.5515800">
    <ele>124.2</ele>
    <time>2026-05-29T05:15:04Z</time>
    <extensions>
     <power>567</power>
     <gpxtpx:TrackPointExtension>
      <gpxtpx:hr>175</gpxtpx:hr>
      <gpxtpx:cad>93</gpxtpx:cad>
     </gpxtpx:TrackPointExtension>
    </extensions>
   </trkpt>
   <trkpt lat="55.7190670" lon="37.5516480">
    <ele>124.2</ele>
    <time>2026-05-29T05:15:05Z</time>
    <extensions>
     <power>569</power>
     <gpxtpx:TrackPointExtension>
      <gpxtpx:hr>177</gpxtpx:hr>
      <gpxtpx:cad>93</gpxtpx:cad>
     </gpxtpx:TrackPointExtension>
    </extensions>
   </trkpt>
   <trkpt lat="55.7190370" lon="37.5517030">
    <ele>124.2</ele>
    <time>2026-05-29T05:15:06Z</time>
    <extensions>
     <power>534</power>
     <gpxtpx:TrackPointExtension>
      <gpxtpx:hr>177</gpxtpx:hr>
      <gpxtpx:cad>92</gpxtpx:cad>
     </gpxtpx:TrackPointExtension>
    </extensions>
   </trkpt>
   <trkpt lat="55.7190000" lon="37.5517800">
    <ele>124.2</ele>
    <time>2026-05-29T05:15:07Z</time>
    <extensions>
     <power>517</power>
     <gpxtpx:TrackPointExtension>
      <gpxtpx:hr>178</gpxtpx:hr>
      <gpxtpx:cad>92</gpxtpx:cad>
     </gpxtpx:TrackPointExtension>
    </extensions>
   </trkpt>
   <trkpt lat="55.7189880" lon="37.5518070">
    <ele>124.2</ele>
    <time>2026-05-29T05:15:08Z</time>
    <extensions>
     <power>500</power>
     <gpxtpx:TrackPointExtension>
      <gpxtpx:hr>178</gpxtpx:hr>
      <gpxtpx:cad>91</gpxtpx:cad>
     </gpxtpx:TrackPointExtension>
    </extensions>
   </trkpt>
   <trkpt lat="55.7189730" lon="37.5518480">
    <ele>124.2</ele>
    <time>2026-05-29T05:15:09Z</time>
    <extensions>
     <power>491</power>
     <gpxtpx:TrackPointExtension>
      <gpxtpx:hr>178</gpxtpx:hr>
      <gpxtpx:cad>90</gpxtpx:cad>
     </gpxtpx:TrackPointExtension>
    </extensions>
   </trkpt>
   <trkpt lat="55.7189620" lon="37.5518920">
    <ele>124.2</ele>
    <time>2026-05-29T05:15:10Z</time>
    <extensions>
     <power>463</power>
     <gpxtpx:TrackPointExtension>
      <gpxtpx:hr>178</gpxtpx:hr>
      <gpxtpx:cad>90</gpxtpx:cad>
     </gpxtpx:TrackPointExtension>
    </extensions>
   </trkpt>
   <trkpt lat="55.7189490" lon="37.5519560">
    <ele>124.2</ele>
    <time>2026-05-29T05:15:11Z</time>
    <extensions>
     <power>445</power>
     <gpxtpx:TrackPointExtension>
      <gpxtpx:hr>178</gpxtpx:hr>
      <gpxtpx:cad>90</gpxtpx:cad>
     </gpxtpx:TrackPointExtension>
    </extensions>
   </trkpt>
   <trkpt lat="55.7189420" lon="37.5519950">
    <ele>124.2</ele>
    <time>2026-05-29T05:15:12Z</time>
    <extensions>
     <power>444</power>
     <gpxtpx:TrackPointExtension>
      <gpxtpx:hr>177</gpxtpx:hr>
      <gpxtpx:cad>87</gpxtpx:cad>
     </gpxtpx:TrackPointExtension>
    </extensions>
   </trkpt>
   <trkpt lat="55.7189360" lon="37.5520590">
    <ele>124.2</ele>
    <time>2026-05-29T05:15:13Z</time>
    <extensions>
     <power>427</power>
     <gpxtpx:TrackPointExtension>
      <gpxtpx:hr>179</gpxtpx:hr>
      <gpxtpx:cad>83</gpxtpx:cad>
     </gpxtpx:TrackPointExtension>
    </extensions>
   </trkpt>
   <trkpt lat="55.7189340" lon="37.5520970">
    <ele>124.2</ele>
    <time>2026-05-29T05:15:14Z</time>
    <extensions>
     <power>420</power>
     <gpxtpx:TrackPointExtension>
      <gpxtpx:hr>178</gpxtpx:hr>
      <gpxtpx:cad>83</gpxtpx:cad>
     </gpxtpx:TrackPointExtension>
    </extensions>
   </trkpt>
   <trkpt lat="55.7189350" lon="37.5521390">
    <ele>124.2</ele>
    <time>2026-05-29T05:15:15Z</time>
    <extensions>
     <power>395</power>
     <gpxtpx:TrackPointExtension>
      <gpxtpx:hr>177</gpxtpx:hr>
      <gpxtpx:cad>83</gpxtpx:cad>
     </gpxtpx:TrackPointExtension>
    </extensions>
   </trkpt>
   <trkpt lat="55.7189370" lon="37.5521910">
    <ele>124.2</ele>
    <time>2026-05-29T05:15:16Z</time>
    <extensions>
     <power>394</power>
     <gpxtpx:TrackPointExtension>
      <gpxtpx:hr>177</gpxtpx:hr>
      <gpxtpx:cad>83</gpxtpx:cad>
     </gpxtpx:TrackPointExtension>
    </extensions>
   </trkpt>
   <trkpt lat="55.7189390" lon="37.5522230">
    <ele>124.2</ele>
    <time>2026-05-29T05:15:17Z</time>
    <extensions>
     <power>389</power>
     <gpxtpx:TrackPointExtension>
      <gpxtpx:hr>177</gpxtpx:hr>
      <gpxtpx:cad>83</gpxtpx:cad>
     </gpxtpx:TrackPointExtension>
    </extensions>
   </trkpt>
   <trkpt lat="55.7189490" lon="37.5522920">
    <ele>124.2</ele>
    <time>2026-05-29T05:15:18Z</time>
    <extensions>
     <power>384</power>
     <gpxtpx:TrackPointExtension>
      <gpxtpx:hr>177</gpxtpx:hr>
      <gpxtpx:cad>83</gpxtpx:cad>
     </gpxtpx:TrackPointExtension>
    </extensions>
   </trkpt>
   <trkpt lat="55.7189530" lon="37.5523180">
    <ele>124.2</ele>
    <time>2026-05-29T05:15:19Z</time>
    <extensions>
     <power>383</power>
     <gpxtpx:TrackPointExtension>
      <gpxtpx:hr>177</gpxtpx:hr>
      <gpxtpx:cad>83</gpxtpx:cad>
     </gpxtpx:TrackPointExtension>
    </extensions>
   </trkpt>
   <trkpt lat="55.7189670" lon="37.5523720">
    <ele>124.2</ele>
    <time>2026-05-29T05:15:20Z</time>
    <extensions>
     <power>385</power>
     <gpxtpx:TrackPointExtension>
      <gpxtpx:hr>177</gpxtpx:hr>
      <gpxtpx:cad>83</gpxtpx:cad>
     </gpxtpx:TrackPointExtension>
    </extensions>
   </trkpt>
   <trkpt lat="55.7189770" lon="37.5524050">
    <ele>124.2</ele>
    <time>2026-05-29T05:15:21Z</time>
    <extensions>
     <power>385</power>
     <gpxtpx:TrackPointExtension>
      <gpxtpx:hr>177</gpxtpx:hr>
      <gpxtpx:cad>86</gpxtpx:cad>
     </gpxtpx:TrackPointExtension>
    </extensions>
   </trkpt>
   <trkpt lat="55.7189940" lon="37.5524520">
    <ele>124.2</ele>
    <time>2026-05-29T05:15:22Z</time>
    <extensions>
     <power>371</power>
     <gpxtpx:TrackPointExtension>
      <gpxtpx:hr>177</gpxtpx:hr>
      <gpxtpx:cad>86</gpxtpx:cad>
     </gpxtpx:TrackPointExtension>
    </extensions>
   </trkpt>
   <trkpt lat="55.7190120" lon="37.5524920">
    <ele>124.2</ele>
    <time>2026-05-29T05:15:23Z</time>
    <extensions>
     <power>369</power>
     <gpxtpx:TrackPointExtension>
      <gpxtpx:hr>177</gpxtpx:hr>
      <gpxtpx:cad>86</gpxtpx:cad>
     </gpxtpx:TrackPointExtension>
    </extensions>
   </trkpt>
   <trkpt lat="55.7190320" lon="37.5525320">
    <ele>124.2</ele>
    <time>2026-05-29T05:15:24Z</time>
    <extensions>
     <power>379</power>
     <gpxtpx:TrackPointExtension>
      <gpxtpx:hr>177</gpxtpx:hr>
      <gpxtpx:cad>86</gpxtpx:cad>
     </gpxtpx:TrackPointExtension>
    </extensions>
   </trkpt>
   <trkpt lat="55.7190520" lon="37.5525620">
    <ele>124.2</ele>
    <time>2026-05-29T05:15:25Z</time>
    <extensions>
     <power>381</power>
     <gpxtpx:TrackPointExtension>
      <gpxtpx:hr>177</gpxtpx:hr>
      <gpxtpx:cad>86</gpxtpx:cad>
     </gpxtpx:TrackPointExtension>
    </extensions>
   </trkpt>
   <trkpt lat="55.7190830" lon="37.5526020">
    <ele>124.2</ele>
    <time>2026-05-29T05:15:26Z</time>
    <extensions>
     <power>390</power>
     <gpxtpx:TrackPointExtension>
      <gpxtpx:hr>177</gpxtpx:hr>
      <gpxtpx:cad>88</gpxtpx:cad>
     </gpxtpx:TrackPointExtension>
    </extensions>
   </trkpt>
   <trkpt lat="55.7191090" lon="37.5526290">
    <ele>124.2</ele>
    <time>2026-05-29T05:15:27Z</time>
    <extensions>
     <power>416</power>
     <gpxtpx:TrackPointExtension>
      <gpxtpx:hr>177</gpxtpx:hr>
      <gpxtpx:cad>88</gpxtpx:cad>
     </gpxtpx:TrackPointExtension>
    </extensions>
   </trkpt>
   <trkpt lat="55.7191400" lon="37.5526540">
    <ele>124.2</ele>
    <time>2026-05-29T05:15:28Z</time>
    <extensions>
     <power>428</power>
     <gpxtpx:TrackPointExtension>
      <gpxtpx:hr>177</gpxtpx:hr>
      <gpxtpx:cad>89</gpxtpx:cad>
     </gpxtpx:TrackPointExtension>
    </extensions>
   </trkpt>
   <trkpt lat="55.7191760" lon="37.5526740">
    <ele>124.2</ele>
    <time>2026-05-29T05:15:29Z</time>
    <extensions>
     <power>436</power>
     <gpxtpx:TrackPointExtension>
      <gpxtpx:hr>176</gpxtpx:hr>
      <gpxtpx:cad>89</gpxtpx:cad>
     </gpxtpx:TrackPointExtension>
    </extensions>
   </trkpt>
   <trkpt lat="55.7192060" lon="37.5526840">
    <ele>124.2</ele>
    <time>2026-05-29T05:15:30Z</time>
    <extensions>
     <power>436</power>
     <gpxtpx:TrackPointExtension>
      <gpxtpx:hr>177</gpxtpx:hr>
      <gpxtpx:cad>89</gpxtpx:cad>
     </gpxtpx:TrackPointExtension>
    </extensions>
   </trkpt>
   <trkpt lat="55.7192450" lon="37.5526910">
    <ele>124.2</ele>
    <time>2026-05-29T05:15:31Z</time>
    <extensions>
     <power>429</power>
     <gpxtpx:TrackPointExtension>
      <gpxtpx:hr>177</gpxtpx:hr>
      <gpxtpx:cad>89</gpxtpx:cad>
     </gpxtpx:TrackPointExtension>
    </extensions>
   </trkpt>
   <trkpt lat="55.7192790" lon="37.5526910">
    <ele>124.2</ele>
    <time>2026-05-29T05:15:32Z</time>
    <extensions>
     <power>426</power>
     <gpxtpx:TrackPointExtension>
      <gpxtpx:hr>177</gpxtpx:hr>
      <gpxtpx:cad>89</gpxtpx:cad>
     </gpxtpx:TrackPointExtension>
    </extensions>
   </trkpt>
   <trkpt lat="55.7193140" lon="37.5526820">
    <ele>124.2</ele>
    <time>2026-05-29T05:15:33Z</time>
    <extensions>
     <power>425</power>
     <gpxtpx:TrackPointExtension>
      <gpxtpx:hr>177</gpxtpx:hr>
      <gpxtpx:cad>89</gpxtpx:cad>
     </gpxtpx:TrackPointExtension>
    </extensions>
   </trkpt>
   <trkpt lat="55.7193410" lon="37.5526700">
    <ele>124.2</ele>
    <time>2026-05-29T05:15:34Z</time>
    <extensions>
     <power>425</power>
     <gpxtpx:TrackPointExtension>
      <gpxtpx:hr>176</gpxtpx:hr>
      <gpxtpx:cad>89</gpxtpx:cad>
     </gpxtpx:TrackPointExtension>
    </extensions>
   </trkpt>
   <trkpt lat="55.7193760" lon="37.5526490">
    <ele>124.2</ele>
    <time>2026-05-29T05:15:35Z</time>
    <extensions>
     <power>419</power>
     <gpxtpx:TrackPointExtension>
      <gpxtpx:hr>177</gpxtpx:hr>
      <gpxtpx:cad>89</gpxtpx:cad>
     </gpxtpx:TrackPointExtension>
    </extensions>
   </trkpt>
   <trkpt lat="55.7194020" lon="37.5526280">
    <ele>124.2</ele>
    <time>2026-05-29T05:15:36Z</time>
    <extensions>
     <power>418</power>
     <gpxtpx:TrackPointExtension>
      <gpxtpx:hr>177</gpxtpx:hr>
      <gpxtpx:cad>89</gpxtpx:cad>
     </gpxtpx:TrackPointExtension>
    </extensions>
   </trkpt>
   <trkpt lat="55.7194550" lon="37.5525670">
    <ele>124.2</ele>
    <time>2026-05-29T05:15:37Z</time>
    <extensions>
     <power>418</power>
     <gpxtpx:TrackPointExtension>
      <gpxtpx:hr>176</gpxtpx:hr>
      <gpxtpx:cad>91</gpxtpx:cad>
     </gpxtpx:TrackPointExtension>
    </extensions>
   </trkpt>
   <trkpt lat="55.7194940" lon="37.5525030">
    <ele>124.2</ele>
    <time>2026-05-29T05:15:38Z</time>
    <extensions>
     <power>414</power>
     <gpxtpx:TrackPointExtension>
      <gpxtpx:hr>177</gpxtpx:hr>
      <gpxtpx:cad>91</gpxtpx:cad>
     </gpxtpx:TrackPointExtension>
    </extensions>
   </trkpt>
   <trkpt lat="55.7195220" lon="37.5524530">
    <ele>124.2</ele>
    <time>2026-05-29T05:15:39Z</time>
    <extensions>
     <power>421</power>
     <gpxtpx:TrackPointExtension>
      <gpxtpx:hr>177</gpxtpx:hr>
      <gpxtpx:cad>93</gpxtpx:cad>
     </gpxtpx:TrackPointExtension>
    </extensions>
   </trkpt>
   <trkpt lat="55.7195650" lon="37.5523760">
    <ele>124.2</ele>
    <time>2026-05-29T05:15:40Z</time>
    <extensions>
     <power>427</power>
     <gpxtpx:TrackPointExtension>
      <gpxtpx:hr>178</gpxtpx:hr>
      <gpxtpx:cad>93</gpxtpx:cad>
     </gpxtpx:TrackPointExtension>
    </extensions>
   </trkpt>
   <trkpt lat="55.7195910" lon="37.5523300">
    <ele>124.2</ele>
    <time>2026-05-29T05:15:41Z</time>
    <extensions>
     <power>427</power>
     <gpxtpx:TrackPointExtension>
      <gpxtpx:hr>178</gpxtpx:hr>
      <gpxtpx:cad>92</gpxtpx:cad>
     </gpxtpx:TrackPointExtension>
    </extensions>
   </trkpt>
   <trkpt lat="55.7196320" lon="37.5522570">
    <ele>124.2</ele>
    <time>2026-05-29T05:15:42Z</time>
    <extensions>
     <power>427</power>
     <gpxtpx:TrackPointExtension>
      <gpxtpx:hr>178</gpxtpx:hr>
      <gpxtpx:cad>92</gpxtpx:cad>
     </gpxtpx:TrackPointExtension>
    </extensions>
   </trkpt>
   <trkpt lat="55.7196500" lon="37.5522250">
    <ele>124.2</ele>
    <time>2026-05-29T05:15:43Z</time>
    <extensions>
     <power>437</power>
     <gpxtpx:TrackPointExtension>
      <gpxtpx:hr>178</gpxtpx:hr>
      <gpxtpx:cad>92</gpxtpx:cad>
     </gpxtpx:TrackPointExtension>
    </extensions>
   </trkpt>
   <trkpt lat="55.7196930" lon="37.5521470">
    <ele>124.2</ele>
    <time>2026-05-29T05:15:44Z</time>
    <extensions>
     <power>472</power>
     <gpxtpx:TrackPointExtension>
      <gpxtpx:hr>177</gpxtpx:hr>
      <gpxtpx:cad>92</gpxtpx:cad>
     </gpxtpx:TrackPointExtension>
    </extensions>
   </trkpt>
   <trkpt lat="55.7197140" lon="37.5521110">
    <ele>124.2</ele>
    <time>2026-05-29T05:15:45Z</time>
    <extensions>
     <power>520</power>
     <gpxtpx:TrackPointExtension>
      <gpxtpx:hr>178</gpxtpx:hr>
      <gpxtpx:cad>92</gpxtpx:cad>
     </gpxtpx:TrackPointExtension>
    </extensions>
   </trkpt>
   <trkpt lat="55.7197500" lon="37.5520460">
    <ele>124.2</ele>
    <time>2026-05-29T05:15:46Z</time>
    <extensions>
     <power>528</power>
     <gpxtpx:TrackPointExtension>
      <gpxtpx:hr>177</gpxtpx:hr>
      <gpxtpx:cad>92</gpxtpx:cad>
     </gpxtpx:TrackPointExtension>
    </extensions>
   </trkpt>
   <trkpt lat="55.7197730" lon="37.5520040">
    <ele>124.2</ele>
    <time>2026-05-29T05:15:47Z</time>
    <extensions>
     <power>528</power>
     <gpxtpx:TrackPointExtension>
      <gpxtpx:hr>178</gpxtpx:hr>
      <gpxtpx:cad>92</gpxtpx:cad>
     </gpxtpx:TrackPointExtension>
    </extensions>
   </trkpt>
   <trkpt lat="55.7198110" lon="37.5519360">
    <ele>124.2</ele>
    <time>2026-05-29T05:15:48Z</time>
    <extensions>
     <power>525</power>
     <gpxtpx:TrackPointExtension>
      <gpxtpx:hr>178</gpxtpx:hr>
      <gpxtpx:cad>92</gpxtpx:cad>
     </gpxtpx:TrackPointExtension>
    </extensions>
   </trkpt>
   <trkpt lat="55.7198280" lon="37.5519070">
    <ele>124.2</ele>
    <time>2026-05-29T05:15:49Z</time>
    <extensions>
     <power>498</power>
     <gpxtpx:TrackPointExtension>
      <gpxtpx:hr>179</gpxtpx:hr>
      <gpxtpx:cad>92</gpxtpx:cad>
     </gpxtpx:TrackPointExtension>
    </extensions>
   </trkpt>
   <trkpt lat="55.7198660" lon="37.5518380">
    <ele>124.2</ele>
    <time>2026-05-29T05:15:50Z</time>
    <extensions>
     <power>503</power>
     <gpxtpx:TrackPointExtension>
      <gpxtpx:hr>180</gpxtpx:hr>
      <gpxtpx:cad>92</gpxtpx:cad>
     </gpxtpx:TrackPointExtension>
    </extensions>
   </trkpt>
   <trkpt lat="55.7198960" lon="37.5517850">
    <ele>124.2</ele>
    <time>2026-05-29T05:15:51Z</time>
    <extensions>
     <power>510</power>
     <gpxtpx:TrackPointExtension>
      <gpxtpx:hr>180</gpxtpx:hr>
      <gpxtpx:cad>92</gpxtpx:cad>
     </gpxtpx:TrackPointExtension>
    </extensions>
   </trkpt>
   <trkpt lat="55.7199320" lon="37.5517190">
    <ele>124.2</ele>
    <time>2026-05-29T05:15:52Z</time>
    <extensions>
     <power>540</power>
     <gpxtpx:TrackPointExtension>
      <gpxtpx:hr>179</gpxtpx:hr>
      <gpxtpx:cad>91</gpxtpx:cad>
     </gpxtpx:TrackPointExtension>
    </extensions>
   </trkpt>
   <trkpt lat="55.7199520" lon="37.5516850">
    <ele>124.2</ele>
    <time>2026-05-29T05:15:53Z</time>
    <extensions>
     <power>542</power>
     <gpxtpx:TrackPointExtension>
      <gpxtpx:hr>179</gpxtpx:hr>
      <gpxtpx:cad>91</gpxtpx:cad>
     </gpxtpx:TrackPointExtension>
    </extensions>
   </trkpt>
   <trkpt lat="55.7199870" lon="37.5516200">
    <ele>124.2</ele>
    <time>2026-05-29T05:15:54Z</time>
    <extensions>
     <power>528</power>
     <gpxtpx:TrackPointExtension>
      <gpxtpx:hr>179</gpxtpx:hr>
      <gpxtpx:cad>90</gpxtpx:cad>
     </gpxtpx:TrackPointExtension>
    </extensions>
   </trkpt>
   <trkpt lat="55.7200170" lon="37.5515680">
    <ele>124.2</ele>
    <time>2026-05-29T05:15:55Z</time>
    <extensions>
     <power>526</power>
     <gpxtpx:TrackPointExtension>
      <gpxtpx:hr>179</gpxtpx:hr>
      <gpxtpx:cad>90</gpxtpx:cad>
     </gpxtpx:TrackPointExtension>
    </extensions>
   </trkpt>
   <trkpt lat="55.7200420" lon="37.5515210">
    <ele>124.2</ele>
    <time>2026-05-29T05:15:56Z</time>
    <extensions>
     <power>521</power>
     <gpxtpx:TrackPointExtension>
      <gpxtpx:hr>179</gpxtpx:hr>
      <gpxtpx:cad>89</gpxtpx:cad>
     </gpxtpx:TrackPointExtension>
    </extensions>
   </trkpt>
   <trkpt lat="55.7200640" lon="37.5514760">
    <ele>124.2</ele>
    <time>2026-05-29T05:15:57Z</time>
    <extensions>
     <power>517</power>
     <gpxtpx:TrackPointExtension>
      <gpxtpx:hr>179</gpxtpx:hr>
      <gpxtpx:cad>89</gpxtpx:cad>
     </gpxtpx:TrackPointExtension>
    </extensions>
   </trkpt>
   <trkpt lat="55.7200860" lon="37.5514180">
    <ele>124.2</ele>
    <time>2026-05-29T05:15:58Z</time>
    <extensions>
     <power>516</power>
     <gpxtpx:TrackPointExtension>
      <gpxtpx:hr>179</gpxtpx:hr>
      <gpxtpx:cad>89</gpxtpx:cad>
     </gpxtpx:TrackPointExtension>
    </extensions>
   </trkpt>
   <trkpt lat="55.7200940" lon="37.5513910">
    <ele>124.2</ele>
    <time>2026-05-29T05:15:59Z</time>
    <extensions>
     <power>497</power>
     <gpxtpx:TrackPointExtension>
      <gpxtpx:hr>179</gpxtpx:hr>
      <gpxtpx:cad>84</gpxtpx:cad>
     </gpxtpx:TrackPointExtension>
    </extensions>
   </trkpt>
   <trkpt lat="55.7201060" lon="37.5513440">
    <ele>124.2</ele>
    <time>2026-05-29T05:16:00Z</time>
    <extensions>
     <power>495</power>
     <gpxtpx:TrackPointExtension>
      <gpxtpx:hr>178</gpxtpx:hr>
      <gpxtpx:cad>85</gpxtpx:cad>
     </gpxtpx:TrackPointExtension>
    </extensions>
   </trkpt>
   <trkpt lat="55.7201140" lon="37.5513070">
    <ele>124.2</ele>
    <time>2026-05-29T05:16:01Z</time>
    <extensions>
     <power>468</power>
     <gpxtpx:TrackPointExtension>
      <gpxtpx:hr>179</gpxtpx:hr>
      <gpxtpx:cad>85</gpxtpx:cad>
     </gpxtpx:TrackPointExtension>
    </extensions>
   </trkpt>
   <trkpt lat="55.7201220" lon="37.5512600">
    <ele>124.2</ele>
    <time>2026-05-29T05:16:02Z</time>
    <extensions>
     <power>462</power>
     <gpxtpx:TrackPointExtension>
      <gpxtpx:hr>179</gpxtpx:hr>
      <gpxtpx:cad>85</gpxtpx:cad>
     </gpxtpx:TrackPointExtension>
    </extensions>
   </trkpt>
   <trkpt lat="55.7201260" lon="37.5512210">
    <ele>124.2</ele>
    <time>2026-05-29T05:16:03Z</time>
    <extensions>
     <power>458</power>
     <gpxtpx:TrackPointExtension>
      <gpxtpx:hr>179</gpxtpx:hr>
      <gpxtpx:cad>85</gpxtpx:cad>
     </gpxtpx:TrackPointExtension>
    </extensions>
   </trkpt>
   <trkpt lat="55.7201280" lon="37.5511960">
    <ele>124.2</ele>
    <time>2026-05-29T05:16:04Z</time>
    <extensions>
     <power>453</power>
     <gpxtpx:TrackPointExtension>
      <gpxtpx:hr>178</gpxtpx:hr>
      <gpxtpx:cad>85</gpxtpx:cad>
     </gpxtpx:TrackPointExtension>
    </extensions>
   </trkpt>
   <trkpt lat="55.7201300" lon="37.5511270">
    <ele>124.2</ele>
    <time>2026-05-29T05:16:05Z</time>
    <extensions>
     <power>458</power>
     <gpxtpx:TrackPointExtension>
      <gpxtpx:hr>178</gpxtpx:hr>
      <gpxtpx:cad>84</gpxtpx:cad>
     </gpxtpx:TrackPointExtension>
    </extensions>
   </trkpt>
   <trkpt lat="55.7201300" lon="37.5510950">
    <ele>124.2</ele>
    <time>2026-05-29T05:16:06Z</time>
    <extensions>
     <power>452</power>
     <gpxtpx:TrackPointExtension>
      <gpxtpx:hr>179</gpxtpx:hr>
      <gpxtpx:cad>84</gpxtpx:cad>
     </gpxtpx:TrackPointExtension>
    </extensions>
   </trkpt>
   <trkpt lat="55.7201250" lon="37.5510340">
    <ele>124.2</ele>
    <time>2026-05-29T05:16:07Z</time>
    <extensions>
     <power>446</power>
     <gpxtpx:TrackPointExtension>
      <gpxtpx:hr>177</gpxtpx:hr>
      <gpxtpx:cad>84</gpxtpx:cad>
     </gpxtpx:TrackPointExtension>
    </extensions>
   </trkpt>
   <trkpt lat="55.7201210" lon="37.5509950">
    <ele>124.2</ele>
    <time>2026-05-29T05:16:08Z</time>
    <extensions>
     <power>441</power>
     <gpxtpx:TrackPointExtension>
      <gpxtpx:hr>176</gpxtpx:hr>
      <gpxtpx:cad>84</gpxtpx:cad>
     </gpxtpx:TrackPointExtension>
    </extensions>
   </trkpt>
   <trkpt lat="55.7201140" lon="37.5509540">
    <ele>124.2</ele>
    <time>2026-05-29T05:16:09Z</time>
    <extensions>
     <power>437</power>
     <gpxtpx:TrackPointExtension>
      <gpxtpx:hr>178</gpxtpx:hr>
      <gpxtpx:cad>84</gpxtpx:cad>
     </gpxtpx:TrackPointExtension>
    </extensions>
   </trkpt>
   <trkpt lat="55.7201000" lon="37.5508900">
    <ele>124.2</ele>
    <time>2026-05-29T05:16:10Z</time>
    <extensions>
     <power>433</power>
     <gpxtpx:TrackPointExtension>
      <gpxtpx:hr>178</gpxtpx:hr>
      <gpxtpx:cad>84</gpxtpx:cad>
     </gpxtpx:TrackPointExtension>
    </extensions>
   </trkpt>
   <trkpt lat="55.7200950" lon="37.5508690">
    <ele>124.2</ele>
    <time>2026-05-29T05:16:11Z</time>
    <extensions>
     <power>408</power>
     <gpxtpx:TrackPointExtension>
      <gpxtpx:hr>178</gpxtpx:hr>
      <gpxtpx:cad>84</gpxtpx:cad>
     </gpxtpx:TrackPointExtension>
    </extensions>
   </trkpt>
   <trkpt lat="55.7200730" lon="37.5508060">
    <ele>124.2</ele>
    <time>2026-05-29T05:16:12Z</time>
    <extensions>
     <power>388</power>
     <gpxtpx:TrackPointExtension>
      <gpxtpx:hr>178</gpxtpx:hr>
      <gpxtpx:cad>84</gpxtpx:cad>
     </gpxtpx:TrackPointExtension>
    </extensions>
   </trkpt>
   <trkpt lat="55.7200620" lon="37.5507770">
    <ele>124.2</ele>
    <time>2026-05-29T05:16:13Z</time>
    <extensions>
     <power>385</power>
     <gpxtpx:TrackPointExtension>
      <gpxtpx:hr>177</gpxtpx:hr>
      <gpxtpx:cad>84</gpxtpx:cad>
     </gpxtpx:TrackPointExtension>
    </extensions>
   </trkpt>
   <trkpt lat="55.7200400" lon="37.5507340">
    <ele>124.2</ele>
    <time>2026-05-29T05:16:14Z</time>
    <extensions>
     <power>384</power>
     <gpxtpx:TrackPointExtension>
      <gpxtpx:hr>177</gpxtpx:hr>
      <gpxtpx:cad>84</gpxtpx:cad>
     </gpxtpx:TrackPointExtension>
    </extensions>
   </trkpt>
   <trkpt lat="55.7200180" lon="37.5506970">
    <ele>124.2</ele>
    <time>2026-05-29T05:16:15Z</time>
    <extensions>
     <power>374</power>
     <gpxtpx:TrackPointExtension>
      <gpxtpx:hr>177</gpxtpx:hr>
      <gpxtpx:cad>84</gpxtpx:cad>
     </gpxtpx:TrackPointExtension>
    </extensions>
   </trkpt>
   <trkpt lat="55.7199970" lon="37.5506670">
    <ele>124.2</ele>
    <time>2026-05-29T05:16:16Z</time>
    <extensions>
     <power>374</power>
     <gpxtpx:TrackPointExtension>
      <gpxtpx:hr>177</gpxtpx:hr>
      <gpxtpx:cad>84</gpxtpx:cad>
     </gpxtpx:TrackPointExtension>
    </extensions>
   </trkpt>
   <trkpt lat="55.7199670" lon="37.5506330">
    <ele>124.2</ele>
    <time>2026-05-29T05:16:17Z</time>
    <extensions>
     <power>379</power>
     <gpxtpx:TrackPointExtension>
      <gpxtpx:hr>177</gpxtpx:hr>
      <gpxtpx:cad>84</gpxtpx:cad>
     </gpxtpx:TrackPointExtension>
    </extensions>
   </trkpt>
   <trkpt lat="55.7199480" lon="37.5506160">
    <ele>124.2</ele>
    <time>2026-05-29T05:16:18Z</time>
    <extensions>
     <power>378</power>
     <gpxtpx:TrackPointExtension>
      <gpxtpx:hr>177</gpxtpx:hr>
      <gpxtpx:cad>86</gpxtpx:cad>
     </gpxtpx:TrackPointExtension>
    </extensions>
   </trkpt>
   <trkpt lat="55.7199110" lon="37.5505890">
    <ele>124.2</ele>
    <time>2026-05-29T05:16:19Z</time>
    <extensions>
     <power>382</power>
     <gpxtpx:TrackPointExtension>
      <gpxtpx:hr>175</gpxtpx:hr>
      <gpxtpx:cad>86</gpxtpx:cad>
     </gpxtpx:TrackPointExtension>
    </extensions>
   </trkpt>
   <trkpt lat="55.7198850" lon="37.5505760">
    <ele>124.2</ele>
    <time>2026-05-29T05:16:20Z</time>
    <extensions>
     <power>378</power>
     <gpxtpx:TrackPointExtension>
      <gpxtpx:hr>176</gpxtpx:hr>
      <gpxtpx:cad>86</gpxtpx:cad>
     </gpxtpx:TrackPointExtension>
    </extensions>
   </trkpt>
   <trkpt lat="55.7198550" lon="37.5505660">
    <ele>124.2</ele>
    <time>2026-05-29T05:16:21Z</time>
    <extensions>
     <power>380</power>
     <gpxtpx:TrackPointExtension>
      <gpxtpx:hr>175</gpxtpx:hr>
      <gpxtpx:cad>86</gpxtpx:cad>
     </gpxtpx:TrackPointExtension>
    </extensions>
   </trkpt>
   <trkpt lat="55.7198340" lon="37.5505610">
    <ele>124.2</ele>
    <time>2026-05-29T05:16:22Z</time>
    <extensions>
     <power>376</power>
     <gpxtpx:TrackPointExtension>
      <gpxtpx:hr>176</gpxtpx:hr>
      <gpxtpx:cad>86</gpxtpx:cad>
     </gpxtpx:TrackPointExtension>
    </extensions>
   </trkpt>
   <trkpt lat="55.7198040" lon="37.5505610">
    <ele>124.2</ele>
    <time>2026-05-29T05:16:23Z</time>
    <extensions>
     <power>371</power>
     <gpxtpx:TrackPointExtension>
      <gpxtpx:hr>176</gpxtpx:hr>
      <gpxtpx:cad>86</gpxtpx:cad>
     </gpxtpx:TrackPointExtension>
    </extensions>
   </trkpt>
   <trkpt lat="55.7197730" lon="37.5505640">
    <ele>124.2</ele>
    <time>2026-05-29T05:16:24Z</time>
    <extensions>
     <power>368</power>
     <gpxtpx:TrackPointExtension>
      <gpxtpx:hr>176</gpxtpx:hr>
      <gpxtpx:cad>86</gpxtpx:cad>
     </gpxtpx:TrackPointExtension>
    </extensions>
   </trkpt>
   <trkpt lat="55.7197570" lon="37.5505680">
    <ele>124.2</ele>
    <time>2026-05-29T05:16:25Z</time>
    <extensions>
     <power>364</power>
     <gpxtpx:TrackPointExtension>
      <gpxtpx:hr>176</gpxtpx:hr>
      <gpxtpx:cad>86</gpxtpx:cad>
     </gpxtpx:TrackPointExtension>
    </extensions>
   </trkpt>
   <trkpt lat="55.7197160" lon="37.5505850">
    <ele>124.2</ele>
    <time>2026-05-29T05:16:26Z</time>
    <extensions>
     <power>357</power>
     <gpxtpx:TrackPointExtension>
      <gpxtpx:hr>176</gpxtpx:hr>
      <gpxtpx:cad>87</gpxtpx:cad>
     </gpxtpx:TrackPointExtension>
    </extensions>
   </trkpt>
   <trkpt lat="55.7196870" lon="37.5506030">
    <ele>124.2</ele>
    <time>2026-05-29T05:16:27Z</time>
    <extensions>
     <power>361</power>
     <gpxtpx:TrackPointExtension>
      <gpxtpx:hr>176</gpxtpx:hr>
      <gpxtpx:cad>87</gpxtpx:cad>
     </gpxtpx:TrackPointExtension>
    </extensions>
   </trkpt>
   <trkpt lat="55.7196570" lon="37.5506280">
    <ele>124.2</ele>
    <time>2026-05-29T05:16:28Z</time>
    <extensions>
     <power>371</power>
     <gpxtpx:TrackPointExtension>
      <gpxtpx:hr>176</gpxtpx:hr>
      <gpxtpx:cad>88</gpxtpx:cad>
     </gpxtpx:TrackPointExtension>
    </extensions>
   </trkpt>
   <trkpt lat="55.7196230" lon="37.5506660">
    <ele>124.2</ele>
    <time>2026-05-29T05:16:29Z</time>
    <extensions>
     <power>403</power>
     <gpxtpx:TrackPointExtension>
      <gpxtpx:hr>176</gpxtpx:hr>
      <gpxtpx:cad>89</gpxtpx:cad>
     </gpxtpx:TrackPointExtension>
    </extensions>
   </trkpt>
   <trkpt lat="55.7195890" lon="37.5507150">
    <ele>124.2</ele>
    <time>2026-05-29T05:16:30Z</time>
    <extensions>
     <power>405</power>
     <gpxtpx:TrackPointExtension>
      <gpxtpx:hr>176</gpxtpx:hr>
      <gpxtpx:cad>91</gpxtpx:cad>
     </gpxtpx:TrackPointExtension>
    </extensions>
   </trkpt>
   <trkpt lat="55.7195520" lon="37.5507800">
    <ele>124.2</ele>
    <time>2026-05-29T05:16:31Z</time>
    <extensions>
     <power>398</power>
     <gpxtpx:TrackPointExtension>
      <gpxtpx:hr>175</gpxtpx:hr>
      <gpxtpx:cad>92</gpxtpx:cad>
     </gpxtpx:TrackPointExtension>
    </extensions>
   </trkpt>
   <trkpt lat="55.7195190" lon="37.5508390">
    <ele>124.2</ele>
    <time>2026-05-29T05:16:32Z</time>
    <extensions>
     <power>398</power>
     <gpxtpx:TrackPointExtension>
      <gpxtpx:hr>178</gpxtpx:hr>
      <gpxtpx:cad>92</gpxtpx:cad>
     </gpxtpx:TrackPointExtension>
    </extensions>
   </trkpt>
   <trkpt lat="55.7194810" lon="37.5509080">
    <ele>124.2</ele>
    <time>2026-05-29T05:16:33Z</time>
    <extensions>
     <power>400</power>
     <gpxtpx:TrackPointExtension>
      <gpxtpx:hr>176</gpxtpx:hr>
      <gpxtpx:cad>92</gpxtpx:cad>
     </gpxtpx:TrackPointExtension>
    </extensions>
   </trkpt>
   <trkpt lat="55.7194510" lon="37.5509610">
    <ele>124.2</ele>
    <time>2026-05-29T05:16:34Z</time>
    <extensions>
     <power>398</power>
     <gpxtpx:TrackPointExtension>
      <gpxtpx:hr>177</gpxtpx:hr>
      <gpxtpx:cad>93</gpxtpx:cad>
     </gpxtpx:TrackPointExtension>
    </extensions>
   </trkpt>
   <trkpt lat="55.7193990" lon="37.5510550">
    <ele>124.2</ele>
    <time>2026-05-29T05:16:35Z</time>
    <extensions>
     <power>410</power>
     <gpxtpx:TrackPointExtension>
      <gpxtpx:hr>177</gpxtpx:hr>
      <gpxtpx:cad>93</gpxtpx:cad>
     </gpxtpx:TrackPointExtension>
    </extensions>
   </trkpt>
   <trkpt lat="55.7193830" lon="37.5510820">
    <ele>124.2</ele>
    <time>2026-05-29T05:16:36Z</time>
    <extensions>
     <power>406</power>
     <gpxtpx:TrackPointExtension>
      <gpxtpx:hr>177</gpxtpx:hr>
      <gpxtpx:cad>93</gpxtpx:cad>
     </gpxtpx:TrackPointExtension>
    </extensions>
   </trkpt>
   <trkpt lat="55.7193390" lon="37.5511630">
    <ele>124.2</ele>
    <time>2026-05-29T05:16:37Z</time>
    <extensions>
     <power>419</power>
     <gpxtpx:TrackPointExtension>
      <gpxtpx:hr>176</gpxtpx:hr>
      <gpxtpx:cad>93</gpxtpx:cad>
     </gpxtpx:TrackPointExtension>
    </extensions>
   </trkpt>
   <trkpt lat="55.7193110" lon="37.5512120">
    <ele>124.2</ele>
    <time>2026-05-29T05:16:38Z</time>
    <extensions>
     <power>573</power>
     <gpxtpx:TrackPointExtension>
      <gpxtpx:hr>178</gpxtpx:hr>
      <gpxtpx:cad>93</gpxtpx:cad>
     </gpxtpx:TrackPointExtension>
    </extensions>
   </trkpt>
   <trkpt lat="55.7192730" lon="37.5512790">
    <ele>124.2</ele>
    <time>2026-05-29T05:16:39Z</time>
    <extensions>
     <power>588</power>
     <gpxtpx:TrackPointExtension>
      <gpxtpx:hr>178</gpxtpx:hr>
      <gpxtpx:cad>93</gpxtpx:cad>
     </gpxtpx:TrackPointExtension>
    </extensions>
   </trkpt>
   <trkpt lat="55.7192460" lon="37.5513290">
    <ele>124.2</ele>
    <time>2026-05-29T05:16:40Z</time>
    <extensions>
     <power>588</power>
     <gpxtpx:TrackPointExtension>
      <gpxtpx:hr>177</gpxtpx:hr>
      <gpxtpx:cad>93</gpxtpx:cad>
     </gpxtpx:TrackPointExtension>
    </extensions>
   </trkpt>
   <trkpt lat="55.7192120" lon="37.5513890">
    <ele>124.2</ele>
    <time>2026-05-29T05:16:41Z</time>
    <extensions>
     <power>591</power>
     <gpxtpx:TrackPointExtension>
      <gpxtpx:hr>178</gpxtpx:hr>
      <gpxtpx:cad>93</gpxtpx:cad>
     </gpxtpx:TrackPointExtension>
    </extensions>
   </trkpt>
   <trkpt lat="55.7191810" lon="37.5514440">
    <ele>124.2</ele>
    <time>2026-05-29T05:16:42Z</time>
    <extensions>
     <power>554</power>
     <gpxtpx:TrackPointExtension>
      <gpxtpx:hr>178</gpxtpx:hr>
      <gpxtpx:cad>93</gpxtpx:cad>
     </gpxtpx:TrackPointExtension>
    </extensions>
   </trkpt>
   <trkpt lat="55.7191500" lon="37.5515010">
    <ele>124.2</ele>
    <time>2026-05-29T05:16:43Z</time>
    <extensions>
     <power>531</power>
     <gpxtpx:TrackPointExtension>
      <gpxtpx:hr>178</gpxtpx:hr>
      <gpxtpx:cad>92</gpxtpx:cad>
     </gpxtpx:TrackPointExtension>
    </extensions>
   </trkpt>
   <trkpt lat="55.7191220" lon="37.5515500">
    <ele>124.2</ele>
    <time>2026-05-29T05:16:44Z</time>
    <extensions>
     <power>549</power>
     <gpxtpx:TrackPointExtension>
      <gpxtpx:hr>178</gpxtpx:hr>
      <gpxtpx:cad>92</gpxtpx:cad>
     </gpxtpx:TrackPointExtension>
    </extensions>
   </trkpt>
   <trkpt lat="55.7190890" lon="37.5516090">
    <ele>124.2</ele>
    <time>2026-05-29T05:16:45Z</time>
    <extensions>
     <power>528</power>
     <gpxtpx:TrackPointExtension>
      <gpxtpx:hr>178</gpxtpx:hr>
      <gpxtpx:cad>92</gpxtpx:cad>
     </gpxtpx:TrackPointExtension>
    </extensions>
   </trkpt>
   <trkpt lat="55.7190540" lon="37.5516720">
    <ele>124.2</ele>
    <time>2026-05-29T05:16:46Z</time>
    <extensions>
     <power>543</power>
     <gpxtpx:TrackPointExtension>
      <gpxtpx:hr>179</gpxtpx:hr>
      <gpxtpx:cad>91</gpxtpx:cad>
     </gpxtpx:TrackPointExtension>
    </extensions>
   </trkpt>
   <trkpt lat="55.7190240" lon="37.5517260">
    <ele>124.2</ele>
    <time>2026-05-29T05:16:47Z</time>
    <extensions>
     <power>542</power>
     <gpxtpx:TrackPointExtension>
      <gpxtpx:hr>178</gpxtpx:hr>
      <gpxtpx:cad>91</gpxtpx:cad>
     </gpxtpx:TrackPointExtension>
    </extensions>
   </trkpt>
   <trkpt lat="55.7189970" lon="37.5517810">
    <ele>124.2</ele>
    <time>2026-05-29T05:16:48Z</time>
    <extensions>
     <power>534</power>
     <gpxtpx:TrackPointExtension>
      <gpxtpx:hr>177</gpxtpx:hr>
      <gpxtpx:cad>91</gpxtpx:cad>
     </gpxtpx:TrackPointExtension>
    </extensions>
   </trkpt>
   <trkpt lat="55.7189790" lon="37.5518320">
    <ele>124.2</ele>
    <time>2026-05-29T05:16:49Z</time>
    <extensions>
     <power>539</power>
     <gpxtpx:TrackPointExtension>
      <gpxtpx:hr>178</gpxtpx:hr>
      <gpxtpx:cad>91</gpxtpx:cad>
     </gpxtpx:TrackPointExtension>
    </extensions>
   </trkpt>
   <trkpt lat="55.7189700" lon="37.5518610">
    <ele>124.2</ele>
    <time>2026-05-29T05:16:50Z</time>
    <extensions>
     <power>530</power>
     <gpxtpx:TrackPointExtension>
      <gpxtpx:hr>179</gpxtpx:hr>
      <gpxtpx:cad>85</gpxtpx:cad>
     </gpxtpx:TrackPointExtension>
    </extensions>
   </trkpt>
   <trkpt lat="55.7189550" lon="37.5519190">
    <ele>124.2</ele>
    <time>2026-05-29T05:16:51Z</time>
    <extensions>
     <power>530</power>
     <gpxtpx:TrackPointExtension>
      <gpxtpx:hr>180</gpxtpx:hr>
      <gpxtpx:cad>84</gpxtpx:cad>
     </gpxtpx:TrackPointExtension>
    </extensions>
   </trkpt>
   <trkpt lat="55.7189470" lon="37.5519640">
    <ele>124.2</ele>
    <time>2026-05-29T05:16:52Z</time>
    <extensions>
     <power>530</power>
     <gpxtpx:TrackPointExtension>
      <gpxtpx:hr>179</gpxtpx:hr>
      <gpxtpx:cad>84</gpxtpx:cad>
     </gpxtpx:TrackPointExtension>
    </extensions>
   </trkpt>
   <trkpt lat="55.7189390" lon="37.5520220">
    <ele>124.2</ele>
    <time>2026-05-29T05:16:53Z</time>
    <extensions>
     <power>530</power>
     <gpxtpx:TrackPointExtension>
      <gpxtpx:hr>179</gpxtpx:hr>
      <gpxtpx:cad>84</gpxtpx:cad>
     </gpxtpx:TrackPointExtension>
    </extensions>
   </trkpt>
   <trkpt lat="55.7189370" lon="37.5520480">
    <ele>124.2</ele>
    <time>2026-05-29T05:16:54Z</time>
    <extensions>
     <power>530</power>
     <gpxtpx:TrackPointExtension>
      <gpxtpx:hr>178</gpxtpx:hr>
      <gpxtpx:cad>84</gpxtpx:cad>
     </gpxtpx:TrackPointExtension>
    </extensions>
   </trkpt>
   <trkpt lat="55.7189340" lon="37.5520900">
    <ele>124.2</ele>
    <time>2026-05-29T05:16:55Z</time>
    <extensions>
     <power>528</power>
     <gpxtpx:TrackPointExtension>
      <gpxtpx:hr>180</gpxtpx:hr>
      <gpxtpx:cad>84</gpxtpx:cad>
     </gpxtpx:TrackPointExtension>
    </extensions>
   </trkpt>
   <trkpt lat="55.7189350" lon="37.5521320">
    <ele>124.2</ele>
    <time>2026-05-29T05:16:56Z</time>
    <extensions>
     <power>527</power>
     <gpxtpx:TrackPointExtension>
      <gpxtpx:hr>178</gpxtpx:hr>
      <gpxtpx:cad>84</gpxtpx:cad>
     </gpxtpx:TrackPointExtension>
    </extensions>
   </trkpt>
   <trkpt lat="55.7189350" lon="37.5521700">
    <ele>124.2</ele>
    <time>2026-05-29T05:16:57Z</time>
    <extensions>
     <power>519</power>
     <gpxtpx:TrackPointExtension>
      <gpxtpx:hr>179</gpxtpx:hr>
      <gpxtpx:cad>84</gpxtpx:cad>
     </gpxtpx:TrackPointExtension>
    </extensions>
   </trkpt>
   <trkpt lat="55.7189400" lon="37.5522280">
    <ele>124.2</ele>
    <time>2026-05-29T05:16:58Z</time>
    <extensions>
     <power>373</power>
     <gpxtpx:TrackPointExtension>
      <gpxtpx:hr>177</gpxtpx:hr>
      <gpxtpx:cad>84</gpxtpx:cad>
     </gpxtpx:TrackPointExtension>
    </extensions>
   </trkpt>
   <trkpt lat="55.7189430" lon="37.5522560">
    <ele>124.2</ele>
    <time>2026-05-29T05:16:59Z</time>
    <extensions>
     <power>339</power>
     <gpxtpx:TrackPointExtension>
      <gpxtpx:hr>177</gpxtpx:hr>
      <gpxtpx:cad>87</gpxtpx:cad>
     </gpxtpx:TrackPointExtension>
    </extensions>
   </trkpt>
   <trkpt lat="55.7189530" lon="37.5523150">
    <ele>124.2</ele>
    <time>2026-05-29T05:17:00Z</time>
    <extensions>
     <power>339</power>
     <gpxtpx:TrackPointExtension>
      <gpxtpx:hr>178</gpxtpx:hr>
      <gpxtpx:cad>87</gpxtpx:cad>
     </gpxtpx:TrackPointExtension>
    </extensions>
   </trkpt>
   <trkpt lat="55.7189600" lon="37.5523450">
    <ele>124.2</ele>
    <time>2026-05-29T05:17:01Z</time>
    <extensions>
     <power>340</power>
     <gpxtpx:TrackPointExtension>
      <gpxtpx:hr>178</gpxtpx:hr>
      <gpxtpx:cad>87</gpxtpx:cad>
     </gpxtpx:TrackPointExtension>
    </extensions>
   </trkpt>
   <trkpt lat="55.7189750" lon="37.5524010">
    <ele>124.2</ele>
    <time>2026-05-29T05:17:02Z</time>
    <extensions>
     <power>362</power>
     <gpxtpx:TrackPointExtension>
      <gpxtpx:hr>178</gpxtpx:hr>
      <gpxtpx:cad>87</gpxtpx:cad>
     </gpxtpx:TrackPointExtension>
    </extensions>
   </trkpt>
   <trkpt lat="55.7189880" lon="37.5524360">
    <ele>124.2</ele>
    <time>2026-05-29T05:17:03Z</time>
    <extensions>
     <power>371</power>
     <gpxtpx:TrackPointExtension>
      <gpxtpx:hr>178</gpxtpx:hr>
      <gpxtpx:cad>87</gpxtpx:cad>
     </gpxtpx:TrackPointExtension>
    </extensions>
   </trkpt>
   <trkpt lat="55.7190050" lon="37.5524790">
    <ele>124.2</ele>
    <time>2026-05-29T05:17:04Z</time>
    <extensions>
     <power>371</power>
     <gpxtpx:TrackPointExtension>
      <gpxtpx:hr>177</gpxtpx:hr>
      <gpxtpx:cad>87</gpxtpx:cad>
     </gpxtpx:TrackPointExtension>
    </extensions>
   </trkpt>
   <trkpt lat="55.7190220" lon="37.5525140">
    <ele>124.2</ele>
    <time>2026-05-29T05:17:05Z</time>
    <extensions>
     <power>370</power>
     <gpxtpx:TrackPointExtension>
      <gpxtpx:hr>177</gpxtpx:hr>
      <gpxtpx:cad>87</gpxtpx:cad>
     </gpxtpx:TrackPointExtension>
    </extensions>
   </trkpt>
   <trkpt lat="55.7190480" lon="37.5525570">
    <ele>124.2</ele>
    <time>2026-05-29T05:17:06Z</time>
    <extensions>
     <power>362</power>
     <gpxtpx:TrackPointExtension>
      <gpxtpx:hr>177</gpxtpx:hr>
      <gpxtpx:cad>87</gpxtpx:cad>
     </gpxtpx:TrackPointExtension>
    </extensions>
   </trkpt>
   <trkpt lat="55.7190750" lon="37.5525930">
    <ele>124.2</ele>
    <time>2026-05-29T05:17:07Z</time>
    <extensions>
     <power>386</power>
     <gpxtpx:TrackPointExtension>
      <gpxtpx:hr>177</gpxtpx:hr>
      <gpxtpx:cad>88</gpxtpx:cad>
     </gpxtpx:TrackPointExtension>
    </extensions>
   </trkpt>
   <trkpt lat="55.7190940" lon="37.5526150">
    <ele>124.2</ele>
    <time>2026-05-29T05:17:08Z</time>
    <extensions>
     <power>391</power>
     <gpxtpx:TrackPointExtension>
      <gpxtpx:hr>178</gpxtpx:hr>
      <gpxtpx:cad>88</gpxtpx:cad>
     </gpxtpx:TrackPointExtension>
    </extensions>
   </trkpt>
   <trkpt lat="55.7191250" lon="37.5526430">
    <ele>124.2</ele>
    <time>2026-05-29T05:17:09Z</time>
    <extensions>
     <power>401</power>
     <gpxtpx:TrackPointExtension>
      <gpxtpx:hr>177</gpxtpx:hr>
      <gpxtpx:cad>88</gpxtpx:cad>
     </gpxtpx:TrackPointExtension>
    </extensions>
   </trkpt>
   <trkpt lat="55.7191430" lon="37.5526570">
    <ele>124.2</ele>
    <time>2026-05-29T05:17:10Z</time>
    <extensions>
     <power>403</power>
     <gpxtpx:TrackPointExtension>
      <gpxtpx:hr>177</gpxtpx:hr>
      <gpxtpx:cad>88</gpxtpx:cad>
     </gpxtpx:TrackPointExtension>
    </extensions>
   </trkpt>
   <trkpt lat="55.7191830" lon="37.5526770">
    <ele>124.2</ele>
    <time>2026-05-29T05:17:11Z</time>
    <extensions>
     <power>392</power>
     <gpxtpx:TrackPointExtension>
      <gpxtpx:hr>178</gpxtpx:hr>
      <gpxtpx:cad>88</gpxtpx:cad>
     </gpxtpx:TrackPointExtension>
    </extensions>
   </trkpt>
   <trkpt lat="55.7192020" lon="37.5526830">
    <ele>124.2</ele>
    <time>2026-05-29T05:17:12Z</time>
    <extensions>
     <power>388</power>
     <gpxtpx:TrackPointExtension>
      <gpxtpx:hr>178</gpxtpx:hr>
      <gpxtpx:cad>88</gpxtpx:cad>
     </gpxtpx:TrackPointExtension>
    </extensions>
   </trkpt>
   <trkpt lat="55.7192450" lon="37.5526910">
    <ele>124.2</ele>
    <time>2026-05-29T05:17:13Z</time>
    <extensions>
     <power>385</power>
     <gpxtpx:TrackPointExtension>
      <gpxtpx:hr>177</gpxtpx:hr>
      <gpxtpx:cad>87</gpxtpx:cad>
     </gpxtpx:TrackPointExtension>
    </extensions>
   </trkpt>
   <trkpt lat="55.7192650" lon="37.5526910">
    <ele>124.2</ele>
    <time>2026-05-29T05:17:14Z</time>
    <extensions>
     <power>384</power>
     <gpxtpx:TrackPointExtension>
      <gpxtpx:hr>178</gpxtpx:hr>
      <gpxtpx:cad>87</gpxtpx:cad>
     </gpxtpx:TrackPointExtension>
    </extensions>
   </trkpt>
   <trkpt lat="55.7193030" lon="37.5526840">
    <ele>124.2</ele>
    <time>2026-05-29T05:17:15Z</time>
    <extensions>
     <power>384</power>
     <gpxtpx:TrackPointExtension>
      <gpxtpx:hr>178</gpxtpx:hr>
      <gpxtpx:cad>87</gpxtpx:cad>
     </gpxtpx:TrackPointExtension>
    </extensions>
   </trkpt>
   <trkpt lat="55.7193420" lon="37.5526700">
    <ele>124.2</ele>
    <time>2026-05-29T05:17:16Z</time>
    <extensions>
     <power>384</power>
     <gpxtpx:TrackPointExtension>
      <gpxtpx:hr>178</gpxtpx:hr>
      <gpxtpx:cad>87</gpxtpx:cad>
     </gpxtpx:TrackPointExtension>
    </extensions>
   </trkpt>
   <trkpt lat="55.7193730" lon="37.5526520">
    <ele>124.2</ele>
    <time>2026-05-29T05:17:17Z</time>
    <extensions>
     <power>385</power>
     <gpxtpx:TrackPointExtension>
      <gpxtpx:hr>178</gpxtpx:hr>
      <gpxtpx:cad>87</gpxtpx:cad>
     </gpxtpx:TrackPointExtension>
    </extensions>
   </trkpt>
   <trkpt lat="55.7194050" lon="37.5526260">
    <ele>124.2</ele>
    <time>2026-05-29T05:17:18Z</time>
    <extensions>
     <power>388</power>
     <gpxtpx:TrackPointExtension>
      <gpxtpx:hr>179</gpxtpx:hr>
      <gpxtpx:cad>87</gpxtpx:cad>
     </gpxtpx:TrackPointExtension>
    </extensions>
   </trkpt>
   <trkpt lat="55.7194550" lon="37.5525680">
    <ele>124.2</ele>
    <time>2026-05-29T05:17:19Z</time>
    <extensions>
     <power>402</power>
     <gpxtpx:TrackPointExtension>
      <gpxtpx:hr>178</gpxtpx:hr>
      <gpxtpx:cad>90</gpxtpx:cad>
     </gpxtpx:TrackPointExtension>
    </extensions>
   </trkpt>
   <trkpt lat="55.7194750" lon="37.5525360">
    <ele>124.2</ele>
    <time>2026-05-29T05:17:20Z</time>
    <extensions>
     <power>402</power>
     <gpxtpx:TrackPointExtension>
      <gpxtpx:hr>177</gpxtpx:hr>
      <gpxtpx:cad>91</gpxtpx:cad>
     </gpxtpx:TrackPointExtension>
    </extensions>
   </trkpt>
   <trkpt lat="55.7195220" lon="37.5524540">
    <ele>124.2</ele>
    <time>2026-05-29T05:17:21Z</time>
    <extensions>
     <power>408</power>
     <gpxtpx:TrackPointExtension>
      <gpxtpx:hr>177</gpxtpx:hr>
      <gpxtpx:cad>92</gpxtpx:cad>
     </gpxtpx:TrackPointExtension>
    </extensions>
   </trkpt>
   <trkpt lat="55.7195490" lon="37.5524060">
    <ele>124.2</ele>
    <time>2026-05-29T05:17:22Z</time>
    <extensions>
     <power>412</power>
     <gpxtpx:TrackPointExtension>
      <gpxtpx:hr>178</gpxtpx:hr>
      <gpxtpx:cad>94</gpxtpx:cad>
     </gpxtpx:TrackPointExtension>
    </extensions>
   </trkpt>
   <trkpt lat="55.7195890" lon="37.5523350">
    <ele>124.2</ele>
    <time>2026-05-29T05:17:23Z</time>
    <extensions>
     <power>486</power>
     <gpxtpx:TrackPointExtension>
      <gpxtpx:hr>178</gpxtpx:hr>
      <gpxtpx:cad>95</gpxtpx:cad>
     </gpxtpx:TrackPointExtension>
    </extensions>
   </trkpt>
   <trkpt lat="55.7196350" lon="37.5522520">
    <ele>124.2</ele>
    <time>2026-05-29T05:17:24Z</time>
    <extensions>
     <power>609</power>
     <gpxtpx:TrackPointExtension>
      <gpxtpx:hr>178</gpxtpx:hr>
      <gpxtpx:cad>95</gpxtpx:cad>
     </gpxtpx:TrackPointExtension>
    </extensions>
   </trkpt>
   <trkpt lat="55.7196540" lon="37.5522170">
    <ele>124.2</ele>
    <time>2026-05-29T05:17:25Z</time>
    <extensions>
     <power>615</power>
     <gpxtpx:TrackPointExtension>
      <gpxtpx:hr>178</gpxtpx:hr>
      <gpxtpx:cad>95</gpxtpx:cad>
     </gpxtpx:TrackPointExtension>
    </extensions>
   </trkpt>
   <trkpt lat="55.7197090" lon="37.5521180">
    <ele>124.2</ele>
    <time>2026-05-29T05:17:26Z</time>
    <extensions>
     <power>669</power>
     <gpxtpx:TrackPointExtension>
      <gpxtpx:hr>177</gpxtpx:hr>
      <gpxtpx:cad>95</gpxtpx:cad>
     </gpxtpx:TrackPointExtension>
    </extensions>
   </trkpt>
   <trkpt lat="55.7197310" lon="37.5520800">
    <ele>124.2</ele>
    <time>2026-05-29T05:17:27Z</time>
    <extensions>
     <power>613</power>
     <gpxtpx:TrackPointExtension>
      <gpxtpx:hr>178</gpxtpx:hr>
      <gpxtpx:cad>94</gpxtpx:cad>
     </gpxtpx:TrackPointExtension>
    </extensions>
   </trkpt>
   <trkpt lat="55.7197720" lon="37.5520060">
    <ele>124.2</ele>
    <time>2026-05-29T05:17:28Z</time>
    <extensions>
     <power>536</power>
     <gpxtpx:TrackPointExtension>
      <gpxtpx:hr>179</gpxtpx:hr>
      <gpxtpx:cad>94</gpxtpx:cad>
     </gpxtpx:TrackPointExtension>
    </extensions>
   </trkpt>
   <trkpt lat="55.7198090" lon="37.5519400">
    <ele>124.2</ele>
    <time>2026-05-29T05:17:29Z</time>
    <extensions>
     <power>534</power>
     <gpxtpx:TrackPointExtension>
      <gpxtpx:hr>179</gpxtpx:hr>
      <gpxtpx:cad>95</gpxtpx:cad>
     </gpxtpx:TrackPointExtension>
    </extensions>
   </trkpt>
   <trkpt lat="55.7198360" lon="37.5518910">
    <ele>124.2</ele>
    <time>2026-05-29T05:17:30Z</time>
    <extensions>
     <power>540</power>
     <gpxtpx:TrackPointExtension>
      <gpxtpx:hr>179</gpxtpx:hr>
      <gpxtpx:cad>95</gpxtpx:cad>
     </gpxtpx:TrackPointExtension>
    </extensions>
   </trkpt>
   <trkpt lat="55.7198850" lon="37.5518050">
    <ele>124.2</ele>
    <time>2026-05-29T05:17:31Z</time>
    <extensions>
     <power>541</power>
     <gpxtpx:TrackPointExtension>
      <gpxtpx:hr>178</gpxtpx:hr>
      <gpxtpx:cad>95</gpxtpx:cad>
     </gpxtpx:TrackPointExtension>
    </extensions>
   </trkpt>
   <trkpt lat="55.7199010" lon="37.5517750">
    <ele>124.2</ele>
    <time>2026-05-29T05:17:32Z</time>
    <extensions>
     <power>549</power>
     <gpxtpx:TrackPointExtension>
      <gpxtpx:hr>177</gpxtpx:hr>
      <gpxtpx:cad>96</gpxtpx:cad>
     </gpxtpx:TrackPointExtension>
    </extensions>
   </trkpt>
   <trkpt lat="55.7199460" lon="37.5516950">
    <ele>124.2</ele>
    <time>2026-05-29T05:17:33Z</time>
    <extensions>
     <power>545</power>
     <gpxtpx:TrackPointExtension>
      <gpxtpx:hr>179</gpxtpx:hr>
      <gpxtpx:cad>96</gpxtpx:cad>
     </gpxtpx:TrackPointExtension>
    </extensions>
   </trkpt>
   <trkpt lat="55.7199740" lon="37.5516440">
    <ele>124.2</ele>
    <time>2026-05-29T05:17:34Z</time>
    <extensions>
     <power>531</power>
     <gpxtpx:TrackPointExtension>
      <gpxtpx:hr>181</gpxtpx:hr>
      <gpxtpx:cad>95</gpxtpx:cad>
     </gpxtpx:TrackPointExtension>
    </extensions>
   </trkpt>
   <trkpt lat="55.7200050" lon="37.5515880">
    <ele>124.2</ele>
    <time>2026-05-29T05:17:35Z</time>
    <extensions>
     <power>531</power>
     <gpxtpx:TrackPointExtension>
      <gpxtpx:hr>180</gpxtpx:hr>
      <gpxtpx:cad>95</gpxtpx:cad>
     </gpxtpx:TrackPointExtension>
    </extensions>
   </trkpt>
   <trkpt lat="55.7200420" lon="37.5515220">
    <ele>124.2</ele>
    <time>2026-05-29T05:17:36Z</time>
    <extensions>
     <power>542</power>
     <gpxtpx:TrackPointExtension>
      <gpxtpx:hr>180</gpxtpx:hr>
      <gpxtpx:cad>94</gpxtpx:cad>
     </gpxtpx:TrackPointExtension>
    </extensions>
   </trkpt>
   <trkpt lat="55.7200630" lon="37.5514780">
    <ele>124.2</ele>
    <time>2026-05-29T05:17:37Z</time>
    <extensions>
     <power>540</power>
     <gpxtpx:TrackPointExtension>
      <gpxtpx:hr>180</gpxtpx:hr>
      <gpxtpx:cad>94</gpxtpx:cad>
     </gpxtpx:TrackPointExtension>
    </extensions>
   </trkpt>
   <trkpt lat="55.7200810" lon="37.5514320">
    <ele>124.2</ele>
    <time>2026-05-29T05:17:38Z</time>
    <extensions>
     <power>536</power>
     <gpxtpx:TrackPointExtension>
      <gpxtpx:hr>181</gpxtpx:hr>
      <gpxtpx:cad>94</gpxtpx:cad>
     </gpxtpx:TrackPointExtension>
    </extensions>
   </trkpt>
   <trkpt lat="55.7200930" lon="37.5513970">
    <ele>124.2</ele>
    <time>2026-05-29T05:17:39Z</time>
    <extensions>
     <power>534</power>
     <gpxtpx:TrackPointExtension>
      <gpxtpx:hr>180</gpxtpx:hr>
      <gpxtpx:cad>94</gpxtpx:cad>
     </gpxtpx:TrackPointExtension>
    </extensions>
   </trkpt>
   <trkpt lat="55.7200950" lon="37.5513870">
    <ele>124.2</ele>
    <time>2026-05-29T05:17:40Z</time>
    <extensions>
     <power>577</power>
     <gpxtpx:TrackPointExtension>
      <gpxtpx:hr>180</gpxtpx:hr>
      <gpxtpx:cad>83</gpxtpx:cad>
     </gpxtpx:TrackPointExtension>
    </extensions>
   </trkpt>
   <trkpt lat="55.7201090" lon="37.5513350">
    <ele>124.2</ele>
    <time>2026-05-29T05:17:41Z</time>
    <extensions>
     <power>557</power>
     <gpxtpx:TrackPointExtension>
      <gpxtpx:hr>179</gpxtpx:hr>
      <gpxtpx:cad>82</gpxtpx:cad>
     </gpxtpx:TrackPointExtension>
    </extensions>
   </trkpt>
   <trkpt lat="55.7201120" lon="37.5513200">
    <ele>124.2</ele>
    <time>2026-05-29T05:17:42Z</time>
    <extensions>
     <power>548</power>
     <gpxtpx:TrackPointExtension>
      <gpxtpx:hr>180</gpxtpx:hr>
      <gpxtpx:cad>82</gpxtpx:cad>
     </gpxtpx:TrackPointExtension>
    </extensions>
   </trkpt>
   <trkpt lat="55.7201150" lon="37.5512990">
    <ele>124.2</ele>
    <time>2026-05-29T05:17:43Z</time>
    <extensions>
     <power>551</power>
     <gpxtpx:TrackPointExtension>
      <gpxtpx:hr>179</gpxtpx:hr>
      <gpxtpx:cad>82</gpxtpx:cad>
     </gpxtpx:TrackPointExtension>
    </extensions>
   </trkpt>
   <trkpt lat="55.7201230" lon="37.5512530">
    <ele>124.2</ele>
    <time>2026-05-29T05:17:44Z</time>
    <extensions>
     <power>544</power>
     <gpxtpx:TrackPointExtension>
      <gpxtpx:hr>179</gpxtpx:hr>
      <gpxtpx:cad>82</gpxtpx:cad>
     </gpxtpx:TrackPointExtension>
    </extensions>
   </trkpt>
   <trkpt lat="55.7201240" lon="37.5512400">
    <ele>124.2</ele>
    <time>2026-05-29T05:17:45Z</time>
    <extensions>
     <power>267</power>
     <gpxtpx:TrackPointExtension>
      <gpxtpx:hr>179</gpxtpx:hr>
      <gpxtpx:cad>81</gpxtpx:cad>
     </gpxtpx:TrackPointExtension>
    </extensions>
   </trkpt>
   <trkpt lat="55.7201260" lon="37.5512140">
    <ele>124.2</ele>
    <time>2026-05-29T05:17:46Z</time>
    <extensions>
     <power>230</power>
     <gpxtpx:TrackPointExtension>
      <gpxtpx:hr>177</gpxtpx:hr>
      <gpxtpx:cad>80</gpxtpx:cad>
     </gpxtpx:TrackPointExtension>
    </extensions>
   </trkpt>
   <trkpt lat="55.7201300" lon="37.5511640">
    <ele>124.2</ele>
    <time>2026-05-29T05:17:47Z</time>
    <extensions>
     <power>223</power>
     <gpxtpx:TrackPointExtension>
      <gpxtpx:hr>178</gpxtpx:hr>
      <gpxtpx:cad>80</gpxtpx:cad>
     </gpxtpx:TrackPointExtension>
    </extensions>
   </trkpt>
   <trkpt lat="55.7201300" lon="37.5511490">
    <ele>124.2</ele>
    <time>2026-05-29T05:17:48Z</time>
    <extensions>
     <power>222</power>
     <gpxtpx:TrackPointExtension>
      <gpxtpx:hr>178</gpxtpx:hr>
      <gpxtpx:cad>80</gpxtpx:cad>
     </gpxtpx:TrackPointExtension>
    </extensions>
   </trkpt>
   <trkpt lat="55.7201300" lon="37.5511140">
    <ele>124.2</ele>
    <time>2026-05-29T05:17:49Z</time>
    <extensions>
     <power>222</power>
     <gpxtpx:TrackPointExtension>
      <gpxtpx:hr>178</gpxtpx:hr>
      <gpxtpx:cad>80</gpxtpx:cad>
     </gpxtpx:TrackPointExtension>
    </extensions>
   </trkpt>
   <trkpt lat="55.7201270" lon="37.5510570">
    <ele>124.2</ele>
    <time>2026-05-29T05:17:50Z</time>
    <extensions>
     <power>237</power>
     <gpxtpx:TrackPointExtension>
      <gpxtpx:hr>176</gpxtpx:hr>
      <gpxtpx:cad>80</gpxtpx:cad>
     </gpxtpx:TrackPointExtension>
    </extensions>
   </trkpt>
   <trkpt lat="55.7201260" lon="37.5510400">
    <ele>124.2</ele>
    <time>2026-05-29T05:17:51Z</time>
    <extensions>
     <power>259</power>
     <gpxtpx:TrackPointExtension>
      <gpxtpx:hr>177</gpxtpx:hr>
      <gpxtpx:cad>80</gpxtpx:cad>
     </gpxtpx:TrackPointExtension>
    </extensions>
   </trkpt>
   <trkpt lat="55.7201230" lon="37.5510030">
    <ele>124.2</ele>
    <time>2026-05-29T05:17:52Z</time>
    <extensions>
     <power>259</power>
     <gpxtpx:TrackPointExtension>
      <gpxtpx:hr>177</gpxtpx:hr>
      <gpxtpx:cad>80</gpxtpx:cad>
     </gpxtpx:TrackPointExtension>
    </extensions>
   </trkpt>
   <trkpt lat="55.7201160" lon="37.5509650">
    <ele>124.2</ele>
    <time>2026-05-29T05:17:53Z</time>
    <extensions>
     <power>241</power>
     <gpxtpx:TrackPointExtension>
      <gpxtpx:hr>177</gpxtpx:hr>
      <gpxtpx:cad>80</gpxtpx:cad>
     </gpxtpx:TrackPointExtension>
    </extensions>
   </trkpt>
   <trkpt lat="55.7201130" lon="37.5509440">
    <ele>124.2</ele>
    <time>2026-05-29T05:17:54Z</time>
    <extensions>
     <power>232</power>
     <gpxtpx:TrackPointExtension>
      <gpxtpx:hr>176</gpxtpx:hr>
      <gpxtpx:cad>80</gpxtpx:cad>
     </gpxtpx:TrackPointExtension>
    </extensions>
   </trkpt>
   <trkpt lat="55.7201050" lon="37.5509070">
    <ele>124.2</ele>
    <time>2026-05-29T05:17:55Z</time>
    <extensions>
     <power>232</power>
     <gpxtpx:TrackPointExtension>
      <gpxtpx:hr>176</gpxtpx:hr>
      <gpxtpx:cad>80</gpxtpx:cad>
     </gpxtpx:TrackPointExtension>
    </extensions>
   </trkpt>
   <trkpt lat="55.7200950" lon="37.5508720">
    <ele>124.2</ele>
    <time>2026-05-29T05:17:56Z</time>
    <extensions>
     <power>240</power>
     <gpxtpx:TrackPointExtension>
      <gpxtpx:hr>176</gpxtpx:hr>
      <gpxtpx:cad>81</gpxtpx:cad>
     </gpxtpx:TrackPointExtension>
    </extensions>
   </trkpt>
   <trkpt lat="55.7200960" lon="37.5508730">
    <ele>124.2</ele>
    <time>2026-05-29T05:17:57Z</time>
    <extensions>
     <power>234</power>
     <gpxtpx:TrackPointExtension>
      <gpxtpx:hr>176</gpxtpx:hr>
      <gpxtpx:cad>81</gpxtpx:cad>
     </gpxtpx:TrackPointExtension>
    </extensions>
   </trkpt>
   <trkpt lat="55.7200780" lon="37.5508200">
    <ele>124.2</ele>
    <time>2026-05-29T05:17:58Z</time>
    <extensions>
     <power>229</power>
     <gpxtpx:TrackPointExtension>
      <gpxtpx:hr>175</gpxtpx:hr>
      <gpxtpx:cad>81</gpxtpx:cad>
     </gpxtpx:TrackPointExtension>
    </extensions>
   </trkpt>
   <trkpt lat="55.7200700" lon="37.5507970">
    <ele>124.2</ele>
    <time>2026-05-29T05:17:59Z</time>
    <extensions>
     <power>230</power>
     <gpxtpx:TrackPointExtension>
      <gpxtpx:hr>174</gpxtpx:hr>
      <gpxtpx:cad>80</gpxtpx:cad>
     </gpxtpx:TrackPointExtension>
    </extensions>
   </trkpt>
   <trkpt lat="55.7200640" lon="37.5507820">
    <ele>124.2</ele>
    <time>2026-05-29T05:18:00Z</time>
    <extensions>
     <power>229</power>
     <gpxtpx:TrackPointExtension>
      <gpxtpx:hr>174</gpxtpx:hr>
      <gpxtpx:cad>80</gpxtpx:cad>
     </gpxtpx:TrackPointExtension>
    </extensions>
   </trkpt>
   <trkpt lat="55.7200480" lon="37.5507480">
    <ele>124.2</ele>
    <time>2026-05-29T05:18:01Z</time>
    <extensions>
     <power>228</power>
     <gpxtpx:TrackPointExtension>
      <gpxtpx:hr>174</gpxtpx:hr>
      <gpxtpx:cad>80</gpxtpx:cad>
     </gpxtpx:TrackPointExtension>
    </extensions>
   </trkpt>
   <trkpt lat="55.7200360" lon="37.5507260">
    <ele>124.2</ele>
    <time>2026-05-29T05:18:02Z</time>
    <extensions>
     <power>228</power>
     <gpxtpx:TrackPointExtension>
      <gpxtpx:hr>174</gpxtpx:hr>
      <gpxtpx:cad>80</gpxtpx:cad>
     </gpxtpx:TrackPointExtension>
    </extensions>
   </trkpt>
   <trkpt lat="55.7200280" lon="37.5507120">
    <ele>124.2</ele>
    <time>2026-05-29T05:18:03Z</time>
    <extensions>
     <power>230</power>
     <gpxtpx:TrackPointExtension>
      <gpxtpx:hr>173</gpxtpx:hr>
      <gpxtpx:cad>80</gpxtpx:cad>
     </gpxtpx:TrackPointExtension>
    </extensions>
   </trkpt>
   <trkpt lat="55.7200040" lon="37.5506770">
    <ele>124.2</ele>
    <time>2026-05-29T05:18:04Z</time>
    <extensions>
     <power>230</power>
     <gpxtpx:TrackPointExtension>
      <gpxtpx:hr>173</gpxtpx:hr>
      <gpxtpx:cad>80</gpxtpx:cad>
     </gpxtpx:TrackPointExtension>
    </extensions>
   </trkpt>
   <trkpt lat="55.7199940" lon="37.5506630">
    <ele>124.2</ele>
    <time>2026-05-29T05:18:05Z</time>
    <extensions>
     <power>232</power>
     <gpxtpx:TrackPointExtension>
      <gpxtpx:hr>173</gpxtpx:hr>
      <gpxtpx:cad>80</gpxtpx:cad>
     </gpxtpx:TrackPointExtension>
    </extensions>
   </trkpt>
   <trkpt lat="55.7199810" lon="37.5506490">
    <ele>124.2</ele>
    <time>2026-05-29T05:18:06Z</time>
    <extensions>
     <power>232</power>
     <gpxtpx:TrackPointExtension>
      <gpxtpx:hr>173</gpxtpx:hr>
      <gpxtpx:cad>81</gpxtpx:cad>
     </gpxtpx:TrackPointExtension>
    </extensions>
   </trkpt>
   <trkpt lat="55.7199500" lon="37.5506180">
    <ele>124.2</ele>
    <time>2026-05-29T05:18:07Z</time>
    <extensions>
     <power>234</power>
     <gpxtpx:TrackPointExtension>
      <gpxtpx:hr>172</gpxtpx:hr>
      <gpxtpx:cad>81</gpxtpx:cad>
     </gpxtpx:TrackPointExtension>
    </extensions>
   </trkpt>
   <trkpt lat="55.7199400" lon="37.5506100">
    <ele>124.2</ele>
    <time>2026-05-29T05:18:08Z</time>
    <extensions>
     <power>246</power>
     <gpxtpx:TrackPointExtension>
      <gpxtpx:hr>172</gpxtpx:hr>
      <gpxtpx:cad>81</gpxtpx:cad>
     </gpxtpx:TrackPointExtension>
    </extensions>
   </trkpt>
   <trkpt lat="55.7199160" lon="37.5505920">
    <ele>124.2</ele>
    <time>2026-05-29T05:18:09Z</time>
    <extensions>
     <power>255</power>
     <gpxtpx:TrackPointExtension>
      <gpxtpx:hr>171</gpxtpx:hr>
      <gpxtpx:cad>81</gpxtpx:cad>
     </gpxtpx:TrackPointExtension>
    </extensions>
   </trkpt>
   <trkpt lat="55.7198960" lon="37.5505810">
    <ele>124.2</ele>
    <time>2026-05-29T05:18:10Z</time>
    <extensions>
     <power>261</power>
     <gpxtpx:TrackPointExtension>
      <gpxtpx:hr>171</gpxtpx:hr>
      <gpxtpx:cad>81</gpxtpx:cad>
     </gpxtpx:TrackPointExtension>
    </extensions>
   </trkpt>
   <trkpt lat="55.7198890" lon="37.5505780">
    <ele>124.2</ele>
    <time>2026-05-29T05:18:11Z</time>
    <extensions>
     <power>263</power>
     <gpxtpx:TrackPointExtension>
      <gpxtpx:hr>170</gpxtpx:hr>
      <gpxtpx:cad>81</gpxtpx:cad>
     </gpxtpx:TrackPointExtension>
    </extensions>
   </trkpt>
   <trkpt lat="55.7198630" lon="37.5505680">
    <ele>124.2</ele>
    <time>2026-05-29T05:18:12Z</time>
    <extensions>
     <power>264</power>
     <gpxtpx:TrackPointExtension>
      <gpxtpx:hr>171</gpxtpx:hr>
      <gpxtpx:cad>81</gpxtpx:cad>
     </gpxtpx:TrackPointExtension>
    </extensions>
   </trkpt>
   <trkpt lat="55.7198470" lon="37.5505640">
    <ele>124.2</ele>
    <time>2026-05-29T05:18:13Z</time>
    <extensions>
     <power>263</power>
     <gpxtpx:TrackPointExtension>
      <gpxtpx:hr>170</gpxtpx:hr>
      <gpxtpx:cad>81</gpxtpx:cad>
     </gpxtpx:TrackPointExtension>
    </extensions>
   </trkpt>
   <trkpt lat="55.7198320" lon="37.5505610">
    <ele>124.2</ele>
    <time>2026-05-29T05:18:14Z</time>
    <extensions>
     <power>254</power>
     <gpxtpx:TrackPointExtension>
      <gpxtpx:hr>169</gpxtpx:hr>
      <gpxtpx:cad>81</gpxtpx:cad>
     </gpxtpx:TrackPointExtension>
    </extensions>
   </trkpt>
   <trkpt lat="55.7198020" lon="37.5505610">
    <ele>124.2</ele>
    <time>2026-05-29T05:18:15Z</time>
    <extensions>
     <power>256</power>
     <gpxtpx:TrackPointExtension>
      <gpxtpx:hr>169</gpxtpx:hr>
      <gpxtpx:cad>82</gpxtpx:cad>
     </gpxtpx:TrackPointExtension>
    </extensions>
   </trkpt>
   <trkpt lat="55.7197990" lon="37.5505610">
    <ele>124.2</ele>
    <time>2026-05-29T05:18:16Z</time>
    <extensions>
     <power>256</power>
     <gpxtpx:TrackPointExtension>
      <gpxtpx:hr>168</gpxtpx:hr>
      <gpxtpx:cad>82</gpxtpx:cad>
     </gpxtpx:TrackPointExtension>
    </extensions>
   </trkpt>
   <trkpt lat="55.7197790" lon="37.5505620">
    <ele>124.2</ele>
    <time>2026-05-29T05:18:17Z</time>
    <extensions>
     <power>253</power>
     <gpxtpx:TrackPointExtension>
      <gpxtpx:hr>168</gpxtpx:hr>
      <gpxtpx:cad>82</gpxtpx:cad>
     </gpxtpx:TrackPointExtension>
    </extensions>
   </trkpt>
   <trkpt lat="55.7197530" lon="37.5505690">
    <ele>124.2</ele>
    <time>2026-05-29T05:18:18Z</time>
    <extensions>
     <power>252</power>
     <gpxtpx:TrackPointExtension>
      <gpxtpx:hr>167</gpxtpx:hr>
      <gpxtpx:cad>82</gpxtpx:cad>
     </gpxtpx:TrackPointExtension>
    </extensions>
   </trkpt>
   <trkpt lat="55.7197430" lon="37.5505720">
    <ele>124.2</ele>
    <time>2026-05-29T05:18:19Z</time>
    <extensions>
     <power>257</power>
     <gpxtpx:TrackPointExtension>
      <gpxtpx:hr>167</gpxtpx:hr>
      <gpxtpx:cad>81</gpxtpx:cad>
     </gpxtpx:TrackPointExtension>
    </extensions>
   </trkpt>
   <trkpt lat="55.7197300" lon="37.5505780">
    <ele>124.2</ele>
    <time>2026-05-29T05:18:20Z</time>
    <extensions>
     <power>258</power>
     <gpxtpx:TrackPointExtension>
      <gpxtpx:hr>165</gpxtpx:hr>
      <gpxtpx:cad>81</gpxtpx:cad>
     </gpxtpx:TrackPointExtension>
    </extensions>
   </trkpt>
   <trkpt lat="55.7197080" lon="37.5505890">
    <ele>124.2</ele>
    <time>2026-05-29T05:18:21Z</time>
    <extensions>
     <power>258</power>
     <gpxtpx:TrackPointExtension>
      <gpxtpx:hr>163</gpxtpx:hr>
      <gpxtpx:cad>81</gpxtpx:cad>
     </gpxtpx:TrackPointExtension>
    </extensions>
   </trkpt>
   <trkpt lat="55.7196880" lon="37.5506020">
    <ele>124.2</ele>
    <time>2026-05-29T05:18:22Z</time>
    <extensions>
     <power>258</power>
     <gpxtpx:TrackPointExtension>
      <gpxtpx:hr>162</gpxtpx:hr>
      <gpxtpx:cad>81</gpxtpx:cad>
     </gpxtpx:TrackPointExtension>
    </extensions>
   </trkpt>
   <trkpt lat="55.7196780" lon="37.5506110">
    <ele>124.2</ele>
    <time>2026-05-29T05:18:23Z</time>
    <extensions>
     <power>259</power>
     <gpxtpx:TrackPointExtension>
      <gpxtpx:hr>160</gpxtpx:hr>
      <gpxtpx:cad>81</gpxtpx:cad>
     </gpxtpx:TrackPointExtension>
    </extensions>
   </trkpt>
   <trkpt lat="55.7196630" lon="37.5506230">
    <ele>124.2</ele>
    <time>2026-05-29T05:18:24Z</time>
    <extensions>
     <power>260</power>
     <gpxtpx:TrackPointExtension>
      <gpxtpx:hr>158</gpxtpx:hr>
      <gpxtpx:cad>81</gpxtpx:cad>
     </gpxtpx:TrackPointExtension>
    </extensions>
   </trkpt>
   <trkpt lat="55.7196430" lon="37.5506430">
    <ele>124.2</ele>
    <time>2026-05-29T05:18:25Z</time>
    <extensions>
     <power>261</power>
     <gpxtpx:TrackPointExtension>
      <gpxtpx:hr>157</gpxtpx:hr>
      <gpxtpx:cad>81</gpxtpx:cad>
     </gpxtpx:TrackPointExtension>
    </extensions>
   </trkpt>
   <trkpt lat="55.7196340" lon="37.5506540">
    <ele>124.2</ele>
    <time>2026-05-29T05:18:26Z</time>
    <extensions>
     <power>263</power>
     <gpxtpx:TrackPointExtension>
      <gpxtpx:hr>156</gpxtpx:hr>
      <gpxtpx:cad>81</gpxtpx:cad>
     </gpxtpx:TrackPointExtension>
    </extensions>
   </trkpt>
   <trkpt lat="55.7196200" lon="37.5506700">
    <ele>124.2</ele>
    <time>2026-05-29T05:18:27Z</time>
    <extensions>
     <power>264</power>
     <gpxtpx:TrackPointExtension>
      <gpxtpx:hr>157</gpxtpx:hr>
      <gpxtpx:cad>81</gpxtpx:cad>
     </gpxtpx:TrackPointExtension>
    </extensions>
   </trkpt>
  </trkseg>
 </trk>
</gpx>
